plugin,baseid,name,description
Morrowind.esm,p_jump_s,Standard Potion of Jump,"A small rounded glass vial sealed with a cork stopper, containing a quantity of pale green liquid."
Morrowind.esm,potion_skooma_01,Skooma,"A translucent red liquid fills a squat, rounded glass bottle with a narrow neck and simple stopper."
Morrowind.esm,apparatus_a_retort_01,Apprentice's Retort,A slender glass retort with a swollen central chamber and a long tapering spout curves outward from its neck.
Morrowind.esm,apparatus_sm_mortar_01,SecretMaster's Mortar and Pestl,"A smooth stone mortar paired with a stout pestle, both polished dark gray and fitted for grinding alchemical reagents."
Morrowind.esm,imperial boots,Imperial Steel Boots,Heavy steel boots shaped with reinforced toe plates and sturdy ankle guards feature dark leather strapping.
Bloodmoon.esm,BM_wolf_helmet_snow,Snow Wolf Helmet,"A helmet fashioned from the head of a snow wolf, retaining the white fur, upright ears, and snout."
Morrowind.esm,bk_treasuryorders,Treasury Orders,"A rolled parchment scroll secured with a broken wax seal, featuring faded ink script on slightly yellowed vellum."
Morrowind.esm,bk_shalitjournal_deal,Rels Tenim Journal Page,"A torn, yellowed parchment page bearing hastily scrawled ink lines across its wrinkled surface."
Morrowind.esm,sarandas_ring_1,Glass Ring,"A slender ring of translucent green glass formed into a smooth, seamless band with a polished, reflective surface."
Morrowind.esm,extravagant_robe_01_b,Extravagant Robe,"A voluminous, long-sleeved garment tailored from richly colored, extravagant fabric with a wide, draped collar and loose, flowing silhouette."
Morrowind.esm,ingred_void_salts_01,Void Salts,Dark crystalline salts forming jagged clusters are contained within a small rough clay vessel.
Bloodmoon.esm,ingred_innocent_heart,Heart of an Innocent,"A dark crimson organ with a smooth, glistening surface and thick, branching vessels extending from its asymmetrical, ventricle-like shape."
Morrowind.esm,light_com_lantern_02_Off,Travel Lantern,"A small portable oil lantern featuring a cylindrical metal frame, a domed top, and a protective glass chimney."
Morrowind.esm,light_de_lantern_11,Paper Lantern,A rectangular paper lantern features thin wooden framing and pale translucent walls stretched around a central candle.
Morrowind.esm,pick_master,Master's Lockpick,"A slender, finely forged metal shaft ending in a curved, hooked tip with a polished finish."
Morrowind.esm,pick_secretmaster,Secret Master's Lockpick,"A slender, dark-hued lockpick with a finely tapered tip and a smooth, unadorned grip."
Tribunal.esm,misc_com_silverware_fork_uni,Fork,A slender silver utensil with an elongated handle and four narrow tines at the working end.
Morrowind.esm,key_Indalen_tomb,Key to Indalen tomb,"A simple iron key with a rectangular bow, short shaft, and single-toothed bit intended for an Indalen tomb lock."
Morrowind.esm,probe_bent,Bent Probe,"A thin metal probing tool with a visible bend in its shaft, the pointed tip angled away from the handle."
Morrowind.esm,probe_grandmaster,Grandmaster's Probe,"A slender, polished metallic probe with a fine hooked tip and an ornate grip for delicate lock manipulation."
Bloodmoon.esm,repair_journeyman_01,Journeyman's Armorer's Hammer,"A steel hammerhead mounted on a worn wooden handle, sized for moderate repair work on metal armor and blades."
Bloodmoon.esm,repair_master_01,Master's Armorer's Hammer,A heavy steel hammer with a broad flat face and a sturdy wooden handle for heavy metalworking.
Morrowind.esm,fiend spear,Fiend Spear,"A long two-handed spear fitted with a dark, barbed iron head mounted on a worn wooden shaft."
Morrowind.esm,cruel shardsword,Cruel Shardsword,"A short-bladed sword with a jagged, cruel edge and a hilt fitted for one-handed wielding."
Tribunal.esm,silver dagger_droth_unique,Droth Dagger,A slender one-handed silver dagger featuring a tapered double-edged blade and a short hilt fitted with a plain crossguard.
Tribunal.esm,Bipolar Blade_x,BiPolar Blade,A double-ended two-handed long blade displays a mirrored hilt with straight cross-guards extending from its central grip.
Tribunal.esm,DarkBrotherhood Cuirass,Dark Brotherhood Cuirass,"A close-fitting black cuirass shaped for stealth, constructed from dark leather with subtle reinforced panels."
Tribunal.esm,imperial cuirass_armor,Imperial Steel Cuirass,"A formed steel cuirass shaped to the torso, bearing the segmented plates and polished finish of Imperial legionary armor."
Tribunal.esm,misc_de_pot_blue_01,Blue Glass Pot,"A rounded glass pot with a flared rim and short foot, crafted from translucent blue material with a smooth, reflective surface."
Bloodmoon.esm,BM_wolf_right_pauldron_snow,Snow Wolf Right Pauldron,A white-furred right shoulder guard shaped from layered leather and reinforced with a curved bone plate.
Bloodmoon.esm,BM wolf right gauntlet,Wolf Right Gauntlet,"A right-hand gauntlet crafted from tanned wolf hide, featuring coarse fur along the cuff and reinforced leather finger guards."
Bloodmoon.esm,BM_NordicMail_PauldronL,Nordic Mail Left Pauldron,"A left shoulder pauldron constructed from interlocking steel rings over dark leather, capped with a rounded metal plate."
Bloodmoon.esm,silver staff of peace,Silver Staff of Peace,"A long staff of polished silver, its smooth shaft ending in a tightly curled finial."
Bloodmoon.esm,steel_towershield_ancient,Ancient Steel Tower Shield,"A tall rectangular steel shield of ancient manufacture, its broad metal surface darkened and heavily pitted by age."
Morrowind.esm,misc_de_pot_glass_peach_01,Peach Glass Pot,"A smooth, rounded glass pot with a warm peach hue and a slightly flared rim."
Morrowind.esm,extravagant_shirt_01_h,Extravagant Shirt,"A tailored, high-collared shirt of lavish fabric features voluminous sleeves gathered at the cuffs."
Morrowind.esm,common_ring_03,Common Ring,"A slender copper band with a small, rough-cut green stone set into a simple claw mounting."
Morrowind.esm,common_pants_01,Common Pants,"Simple, unadorned trousers tailored from sturdy, undyed fabric with a plain cut and unremarkable stitching."
Morrowind.esm,misc_com_basket_01,Basket,A woven wicker basket with a rounded body and two small arched handles at the rim.
Morrowind.esm,bloodworm_helm_unique,Bloodworm Helm,"A crude helmet shaped from a yellowed troll skull, featuring prominent brow ridges and heavy, curving horns projecting over the ears."
Morrowind.esm,silver_dukesguard_cuirass,Duke's Guard Silver Cuirass,A polished silver cuirass shaped with reinforced ridges across the chest and fitted with articulated side plates.
Tribunal.esm,dragonbone_cuirass_unique_x,Dragonbone cuirass,"A thick cuirass of pale dragon bone fitted over dark metal plates, shaped with overlapping ridges along the torso."
Bloodmoon.esm,sc_rumornote_bm,Odd Rumor,"A creased parchment scroll bearing hastily scrawled, uneven script across its yellowed surface."
Tribunal.esm,Indoril_MH_Guard_helmet,Her Hand's Helmet,"A tall, golden Indoril helmet featuring a fearsome face guard and sweeping, wing-like cheek plates."
Morrowind.esm,dwarven shortsword,Dwarven Shortsword,A brass-colored Dwemer metal shortsword with a straight double-edged blade and a geometric crossguard.
Morrowind.esm,sanguinebeltsmiting,Belt of Sanguine Smiting,"An extravagant belt fashioned from dark, supple leather and fastened with a polished ornate metal buckle."
Morrowind.esm,dire viperblade,Dire Viperblade,"A wicked one-handed short blade curved like a fang, its dark metallic hilt carved with sinuous reptilian scales."
Morrowind.esm,steel tanto,Steel Tanto,"A short single-edged steel blade with a straight spine tapering to a sharp tip, fitted with a guarded hilt."
Morrowind.esm,sanguinebeltsureflight,Belt of Sanguine Sureflight,An extravagant belt crafted from supple dark leather and fitted with an ornate silver buckle bearing subtle sanguine motifs.
Morrowind.esm,chitin shortsword,Chitin Shortsword,A short-bladed sword featuring a pale chitin blade and hilt wrapped with dark leather cord.
Morrowind.esm,champion belt,Champion Belt,A sturdy leather belt fitted with an ornate metal buckle and decorated with embossed patterns along its length.
Morrowind.esm,misc_dwrv_artifact70,Dwemer Schematic,A rolled parchment of brass-trimmed vellum displaying intricate geometric diagrams rendered in faded copper ink.
Bloodmoon.esm,BM nordic silver shortsword,Nordic Silver Shortsword,"A short, tapering blade of polished silver is fitted to a wooden hilt wrapped in leather."
Morrowind.esm,Zenithar's_Wiles,Zeinthar's Wiles,"A common right glove of simple cut and unadorned stitching, crafted from sturdy, undyed cloth."
Morrowind.esm,hoptoad ring,Hoptoad Ring,"A thick, plain band of inexpensive, slightly tarnished metal forms the ring, its smooth surface devoid of ornamentation."
Morrowind.esm,bk_notetomenus,Note to Menus,"A folded paper scroll bearing handwritten text intended for Menus, secured with a simple wax seal."
Morrowind.esm,ring of medusa's gaze,Ring of Medusa's Gaze,"An extravagant ring crafted from polished gold, featuring a wide band and a prominent circular setting holding a pale stone."
Morrowind.esm,ingred_red_lichen_01,Red Lichen,"A small, rough cluster of reddish fungal growth with curled, leafy lobes spreading from a central base."
Morrowind.esm,bk_Telvanni_Vault_Ledger,Telvanni Vault Ledger,"A thick, open-faced ledger bound in worn leather, its densely inked columns filling the pale pages."
Morrowind.esm,bk_nemindasorders,Neminda's Orders,"A rolled parchment scroll bound with a faded cord, featuring worn edges and discolored, yellowed vellum."
Morrowind.esm,bk_indreledeed,Deed to Indrele's House,"A rolled parchment scroll bearing the legal property deed for Indrele's house, written on yellowed animal skin."
Bloodmoon.esm,bk_colonyreport,Colony Status Report,A rolled parchment scroll bearing handwritten observations on the status of a colonial settlement.
Morrowind.esm,exquisite_ring_processus,Processus Vitellius' Ring,"An exquisite gold ring set with a polished gem, bearing the personal mark of its former owner."
Morrowind.esm,daedric wakizashi_hhst,Daedric Wakizashi,A curved short blade of blackened Daedric metal features a sharply hooked hilt and sweeping guard.
Morrowind.esm,bk_notetocalderamages,Note to Mages,"A curled parchment scroll bearing a handwritten message addressed to mages, secured with a simple wax seal."
Morrowind.esm,ebony_bracer_right,Ebony Right Bracer,A dense right bracer of polished black metal features curved plates and sharp angular flanges along the forearm.
Morrowind.esm,glass staff,Glass Staff,A tall two-handed staff fashioned from translucent green glass with a smooth cylindrical shaft and a flared head.
Morrowind.esm,steel stormsword,Steel Stormsword,A forged steel long blade with a straight double-edged blade and a crossguard fitted to a leather-wrapped grip.
Bloodmoon.esm,silver shardsword,Silver Shardsword,"A slender long blade forged from polished silver, featuring a straight double-edged blade and a crossguard with angular shard-like protrusions."
Morrowind.esm,key_caryarel,Caryarel's Key,"A small, standard iron key with a plain rectangular bow and a simple, single-cut bit."
Morrowind.esm,templar_pauldron_left,Imperial Templar Left Pauldron,"A segmented steel left pauldron shaped to cover the shoulder, fitted with leather straps and polished to a silvery sheen."
Morrowind.esm,bookskill_medium armor5,"36 Lessons of Vivec, Sermon 33",A bound octavo volume featuring a worn cover of dark leather with faded gilt lettering along the spine.
Morrowind.esm,p_fortify_magicka_c,Cheap Potion of Fortify Magicka,"A thin, cheaply made glass vial holds a pale blue liquid secured with a simple cork stopper."
Morrowind.esm,common_pants_05,Common Pants,These simple trousers are tailored from plain woven cloth with a practical cut and unadorned hems.
Morrowind.esm,key_Ashmelech,Key to Asmelech,"A brass key fitted with a short rectangular bit, bearing a temple insignia cast into its flat bow."
Morrowind.esm,chitin_shield,Chitin Shield,A lightweight shield formed from laminated insect chitin segments bound by dark resin over a hide backing.
Morrowind.esm,key_aurane1,Aurane Frernis' Key,"A small, plain metal key with a simple rectangular bow and a single-toothed bit, showing minor tarnish from regular handling."
Bloodmoon.esm,key_maryn,Maren House Key,"A simple iron key with a flat, notched blade and a plain bow."
Morrowind.esm,expensive_robe_01,Expensive Robe,"A finely tailored, flowing garment of rich fabric with subtle decorative stitching along the hem and cuffs."
Morrowind.esm,p_fortify_health_e,Exclusive Fortify Health,"A tall, slender glass bottle with a rounded base holds a viscous crimson liquid sealed with a gold-trimmed stopper."
Tribunal.esm,dreugh_shield,Dreugh Shield,"A broad shield formed from dark, chitinous dreugh shell, its surface shaped into angular ridges and a central boss."
Morrowind.esm,Gold_001,Gold,"A small stack of thin, circular coins stamped with faded imperial insignia and cast in a warm yellow metal."
Morrowind.esm,key_Forge of Rolamus,Ancient daedric Key,"A heavy blackened metal key bearing angular Daedric script along its asymmetrical, temple-style bit."
Morrowind.esm,p_restore_strength_q,Quality Restore Strength,A small angular glass vial contains a dark amber liquid sealed with a fitted stopper.
Morrowind.esm,bk_OnMorrowind,On Morrowind,"A thick octavo book bound in worn leather covers, its spine displaying faded gilt lettering over yellowed pages."
Morrowind.esm,lifestone,Lifestone,"A common ring fashioned from a pale stone, its smooth circular band supporting a rounded, unadorned gem."
Morrowind.esm,misc_com_wood_knife_UNI2,Knife,"A simple wooden knife carved from pale grain, featuring a tapered blade and a rounded handle."
Morrowind.esm,misc_de_pot_redware_04,Redware Pot,A rounded terracotta vessel with a narrow neck and two small loop handles shows a deep reddish-brown hue.
Morrowind.esm,artifact_soul_ring,Soul Ring,"A thick golden band ring formed into a continuous circular shape with a smooth, unadorned surface."
Morrowind.esm,p_drain_luck_q,Spoiled Cure Disease Potion,"A cork-stoppered glass flask of spoiled medicine, its once-clear liquid turned murky and discolored."
Morrowind.esm,ring_dahrkmezalf_uniq,Ring of Dahrk Mezalf,"A circular gold ring set with a polished gemstone, fashioned with expensive craftsmanship and smooth polished bands."
Tribunal.esm,bk_AlchemistsFormulary,The Alchemists Formulary,"A thick, open octavo volume bound in worn leather, its densely inked pages filled with alchemical recipes and formulae."
Tribunal.esm,book_dwe_mach00,Old Dwemer Book,A thick octavo volume bound in aged brass covers etched with faded geometric patterns typical of Dwemer craftsmanship.
Morrowind.esm,sc_firstbarrier,Scroll of The First Barrier,"A rolled parchment scroll secured with a tied cord, its aged surface covered in dense ink script."
Morrowind.esm,misc_de_goblet_04_dagoth,House Dagoth cup,"A dark metallic goblet bearing the stylized Sixth House insignia, its flared rim and slender stem cast in heavy alloy."
Morrowind.esm,p_restore_health_q,Quality Restore Health,A tapered glass vial sealed with a fitted stopper and containing a restorative red liquid.
Bloodmoon.esm,misc_com_bucket_01,Bucket,A cylindrical wooden bucket with a curved carrying handle fitted across its open top.
Morrowind.esm,amulet of frost,Amulet of Frost,A costly circular amulet of pale gold suspends a polished blue gemstone within its delicate openwork frame.
Morrowind.esm,bk_talostreason,Note from Oritius Maro,"A rolled parchment scroll bearing a handwritten message, its pale surface slightly curled at the edges."
Morrowind.esm,daedric_crescent_unique,Daedric Crescent,"A curved two-handed long blade shaped into a deep crescent, forged from dark metal with sharply hooked tips at each end."
Morrowind.esm,bk_OriginOfTheMagesGuild,Origin of the Mages Guild,"A compact octavo-bound book bearing the title on its cover, with a sturdy spine enclosing gathered pages between cloth-backed boards."
Morrowind.esm,bk_BoethiahPillowBook,Boethiah's Pillow Book,"A slim octavo volume bound in dark leather, its plain covers offering no visible title or ornamentation."
Morrowind.esm,imperial left gauntlet,Imperial Steel Left Gauntlet,"A steel left gauntlet shaped to guard the hand, fitted with articulated plates and secured by leather straps."
Morrowind.esm,steel poisonsword,Steel Poisonsword,A leaf-bladed steel longsword with a wide central fuller tapering to an acute tip for delivering venom.
Tribunal.esm,bk_AncestorsAndTheDunmer,Ancestors and the Dunmer,"A thick octavo volume bound in dark leather covers, featuring a faded rectangular label on its spine."
Morrowind.esm,firebite club,Firebite Club,"A chitin-encrusted one-handed club featuring a rough, asymmetrical head and a segmented, insect-shell grip."
Morrowind.esm,steel longbow,Steel Longbow,"A tall curved bow crafted from polished steel, featuring a taut string and slender limbs tapering toward the nocks."
Morrowind.esm,key_nelothtelnaga3,Key to Tel Naga,A plain iron key cut with standard ward-notches for opening a Tel Naga door.
Morrowind.esm,veloths_shield,Veloth's Shield,A chitin shield constructed from laminated insect shell sections fitted over a curved wooden frame.
Morrowind.esm,p_almsivi_intervention_s,Potion of Fool's Luck,"A fresh potion contained in a rounded glass flask, filled with a pale liquid."
Morrowind.esm,extravagant_glove_right_01,Extravagant Right Glove,A finely tailored right-hand glove crafted from richly dyed fabric with elaborate embroidered trim along the cuff.
Morrowind.esm,amulet of almsivi intervention,Amulet of Almsivi Intervention,"A round metal amulet hangs from a slender chain, fitted with a polished gemstone centered in its simple bezel setting."
Morrowind.esm,expensive_glove_left_01,Expensive Left Glove,"A well-tailored left glove crafted from fine dark leather, featuring elegant stitching along the tapered fingers and fitted cuff."
Morrowind.esm,sanguineamuletglibspeech,Amulet of Sanguine Glib Speech,"A costly circular amulet hung from a slender chain, crafted from polished metal and fitted with a small ornamental setting."
Morrowind.esm,ebony shortsword,Ebony Shortsword,"A compact shortsword forged from dark ebony metal, featuring a short blade and a matching hilt."
Morrowind.esm,misc_de_goblet_03,Goblet,"A wide-bowled drinking goblet with a slender stem and circular foot, crafted from polished dark metal."
Morrowind.esm,writ_bero,Honorable Writ of Execution,"A tightly rolled paper scroll bearing official text, secured with a dark wax seal and trailing faded ribbon ends."
Morrowind.esm,indoril shield,Indoril Shield,A tall elliptical shield plated in golden metal and bordered with ornate scrolling copper fittings.
Morrowind.esm,BookSkill_Enchant1,Feyfolken I,"A quarto-sized book bound in worn leather covers, its spine displaying the title Feyfolken I in faded gilt lettering."
Morrowind.esm,bk_a2_2_dagoth_message,Message from Dagoth Ur,"A rolled parchment scroll bearing a handwritten message, its yellowed surface slightly worn at the edges."
Morrowind.esm,sc_purityofbody,Scroll of Purity of Body,"A tightly wound parchment scroll bearing the written incantation for Purity of Body, secured by a plain wooden dowel."
Morrowind.esm,light_de_candle_blue_02,Bamboo Candlestick,A segmented bamboo stem supports a pale blue candle atop a simple woven base.
Bloodmoon.esm,silver sparkblade,Silver Sparkblade,A polished silver short blade tapers to a sharp tip atop an ornate hilt crafted from matching pale metal.
Morrowind.esm,key_sinsibadonslaves_01,Sinsibadon Slave Key,"A plain brass key with a simple bow and a squarely cut bit, showing minor tarnish along the shaft."
Bloodmoon.esm,bk_HouseOfTroubles_o,The House of Troubles,"A squared octavo volume lies open, its well-bound pages displaying neatly arranged text within plain covers."
Morrowind.esm,ebony_staff_tges,Maryon's Staff,"A tall two-handed staff carved from dark ebony, featuring a smooth shaft and a flared head."
Morrowind.esm,BookSkill_Alchemy5,"36 Lessons of Vivec, Sermon 18","A thin octavo volume bound in worn leather, with faded alchemical symbols stamped across the spine and covers."
Morrowind.esm,dwarven crossbow,Dwarven Crossbow,"A heavy brass-colored metal stock supports a short, thick prod and a sturdy mechanical firing assembly."
Morrowind.esm,key_Rethandus_tomb,Key to Rethandus tomb,"A thin iron key fitted with a broad trapezoidal bow and a short single-toothed bit, bearing molded temple reliefs."
Morrowind.esm,steel flamemace,Steel Flamemace,"A heavy one-handed mace forged from dark steel, featuring a thick haft and a flanged head built to deliver crushing blows."
Morrowind.esm,artifact_amulet of heartfire,Amulet of Heartfire,A circular metallic amulet centered with a polished crimson gemstone set within a warm-hued ornamental frame.
Morrowind.esm,exquisite_belt_01,Exquisite Belt,"A richly ornamented belt of fine material, fastened with an elaborate decorative buckle."
Morrowind.esm,key_Mzahnch_chest,Key to Mzahnch chest,"A simple brass key with a flat, notched blade and a plain rectangular bow."
Morrowind.esm,misc_com_plate_06,Plate,A round ceramic plate with a smooth glazed surface and a subtle blue-painted rim.
Morrowind.esm,misc_com_redware_bowl,Bowl,A concave redware vessel with a rounded bottom and smoothly curved sides forming an open rim.
Morrowind.esm,p_cure_poison_s,Potion of Cure Poison,A small rounded glass vial of pale green liquid sealed with a cork stopper and fitted with a narrow neck.
Morrowind.esm,ember hand,Ember Hand,"A fitted right glove of common weave, dyed a deep ember hue with darkened stitching along the fingers and cuff."
Morrowind.esm,misc_com_wood_spoon_01_UNI2,Spoon,"A carved wooden spoon with a shallow oval bowl and a plain, smoothly tapered handle."
Morrowind.esm,bookskill_axe2,The Axe Man,"A worn octavo volume bound in dark leather, featuring a tooled axe motif on the front cover and aged pages."
Morrowind.esm,bk_notefromferele,Note from Ferele,A creased parchment scroll bearing a handwritten note in faded ink on its yellowed surface.
Morrowind.esm,key_nelothtelnaga4,Key to Tel Naga,"A simple wrought iron key with a flat, notched blade and a plain bow."
Morrowind.esm,light_com_lantern_02,Travel Lantern,A portable oil lantern features a cylindrical glass chimney encased within a protective metal frame and topped with a carrying handle.
Morrowind.esm,bonemold_tshield_redoranguard,Redoran Guard Shield,A tall bonemold tower shield painted in House Redoran colors and decorated with the noble house's heraldic insect emblem.
Morrowind.esm,ingred_scamp_skin_01,Scamp Skin,"A rough, leathery hide stripped from a scamp, bearing a wrinkled texture and mottled reddish-brown hue."
Morrowind.esm,common_robe_02_hh,Common Robe,"A plain, long-sleeved garment of coarse fabric, loose from the shoulders down to the ankles with a hood attached."
Morrowind.esm,claymore_chrysamere_unique,Chrysamere,A polished two-handed claymore with a slender straight blade and an elaborate crossguard shaped like golden outstretched wings.
Morrowind.esm,key_Helas_tomb,Key to Helas tomb,"A plain iron key with a simple rectangular bow and a single-cut bit, fitted for a standard lock."
Morrowind.esm,key_Palansour,Worn Key,"A small, tarnished metal key with a simple rectangular bow and a notched blade showing obvious wear."
Morrowind.esm,p_fortify_health_q,Quality Fortify Health,"A tall, rounded glass vial with a narrow neck contains a viscous red liquid sealed with a cork stopper."
Morrowind.esm,key_keelraniur,Small Key,"A small iron key with a simple rectangular bow and a single-toothed bit, showing dark tarnish along its shaft."
Morrowind.esm,p_restore_intelligence_c,Cheap Restore Intelligence,"A thin, cheaply made glass vial holds a pale blue liquid sealed with a rough cork stopper."
Morrowind.esm,p_restore_endurance_b,Bargain Restore Endurance,"A thin, cheap glass vial holds a murky brown liquid sealed with a rough wax stopper."
Morrowind.esm,bookskill_hand to hand5,Master Zoaraym's Tale,"A thick octavo book bound in worn leather covers, its spine displaying faded gilt lettering and decorative tooling."
Bloodmoon.esm,silver flameskewer,Silver Flameskewer,"A silver-tipped two-handed spear featuring a slender metallic shaft and a long, flame-shaped blade."
Morrowind.esm,p_fortify_endurance_c,Cheap Fortify Endurance,"A cheap, thin-walled glass vial holds a murky, pale brown liquid sealed with a rough wax stopper."
Morrowind.esm,misc_de_bowl_redware_03,Redware Bowl,"A rounded ceramic bowl with gently curving sides, crafted from reddish-brown clay and polished to a smooth finish."
Morrowind.esm,light_de_candle_03_64,Candle,"A slender wax cylinder sits in a small brass holder, its wick rising from the rounded top."
Morrowind.esm,p_jump_e,Exclusive Potion of Jump,"A tall, faceted glass vial with a round stopper contains a pale green liquid swirling inside a sleek, rectangular lower body."
Morrowind.esm,common_pants_01_e,Common Pants,"Simple cotton trousers with a drawstring waist, dyed a pale earthy brown and cut for unadorned practical wear."
Morrowind.esm,shockbite battle axe,Shockbite Battle Axe,"A heavy two-handed steel battle axe with a thick haft and wide, double-bladed cutting heads."
Morrowind.esm,bk_galerionthemystic,Galerion The Mystic,"A rectangular octavo book bound in worn leather covers, featuring a simple spine and plain text block."
Morrowind.esm,common_ring_danar,Danar's Ring,A simple circular band of inexpensive metal forms this unadorned finger ring with a polished surface.
Morrowind.esm,sc_mark,Scroll of Mark,"A tightly wound parchment scroll secured with a cord, its yellowed surface covered with faded ink script."
Tribunal.esm,bk_easternprovincesimpartial,The Eastern Provinces...,"A tall octavo volume bound in worn brown leather, featuring a plain spine and unadorned covers."
Tribunal.esm,misc_com_bottle_13,Bottle,"A clear glass bottle with a narrow neck and rounded body, sealed with a fitted cork stopper."
Morrowind.esm,helm of holy fire,Helm of Holy Fire,"A chitinous dreugh helmet shaped into a horned crest, its pale carapace marked by deep orange channels."
Morrowind.esm,hex charm,Hex Charm,"A common circular amulet strung on a cord, featuring a plain metal disc etched with a hex symbol."
Bloodmoon.esm,misc_de_bowl_redware_02,Large Redware Bowl,"A wide, shallow ceramic bowl crafted from reddish-brown clay, featuring a smooth, unglazed surface."
Bloodmoon.esm,bm_ebonylongsword_s,Shadowsting,A dark ebony long blade extends from a matching hilt on this one-handed sword.
Bloodmoon.esm,light_com_lantern_bm_unique,The Watchman's Eye,A common brass lantern fitted with a protective cage and a prominent central lens that emits a steady glow.
Morrowind.esm,bound_boots,Bound Boots,"Translucent daedric boots formed from dark, jagged metal plates with sharp-edged greaves and pointed toe guards."
Morrowind.esm,key_GatewayInnslaves_01,Gateway Inn Slave Key,"A simple iron key fitted to a worn rectangular bow and a short, notched blade."
Tribunal.esm,book_dwe_cogs00,Old Dwemer Book,"A thick, rectangular octavo volume features a worn, angular cover of aged, brownish metal."
Morrowind.esm,p_restore_speed_s,Standard Restore Speed,A small rounded glass vial holds a pale green liquid sealed with a simple cork stopper.
Morrowind.esm,bk_realbarenziah2,The Real Barenziah v II,"A quarto volume bound in worn leather covers, its pages filled with close-set ink script detailing the biographical contents."
Morrowind.esm,misc_dwrv_artifact20,Dwemer Airship Plans,A rolled parchment of yellowed hide bearing intricate geometric diagrams and mechanical schematics rendered in faded copper ink.
Morrowind.esm,p_drain_personality_q,Spoiled Potion of Swift Swim,"A cloudy, off-color liquid fills this small, round glass flask fitted with a simple cork stopper."
Bloodmoon.esm,Misc_Com_Bottle_04,Bottle,"A tall green glass bottle with a narrow neck and rounded body, sealed with a fitted cork stopper."
Morrowind.esm,devil mole crab helm,Devil Mole Crab Helm,"A chitinous helmet shaped from reddish mole crab shell, featuring a rounded carapace crown and a narrow face guard."
Tribunal.esm,adamantium_mace,Adamantium Mace,"A dense one-handed mace forged from polished adamantium, featuring a heavy flanged head mounted on a sturdy haft."
Morrowind.esm,key_minabislaves_01,Minabi Slave Key,A simple brass key with a rounded bow and a single ward cut into its bit.
Bloodmoon.esm,ingred_wolf_pelt,Wolf Pelt,"A coarse, grayish pelt stripped from a wolf, retaining the thick fur and leathery hide of the beast."
Morrowind.esm,sc_insight,Scroll of Insight,"A rolled parchment scroll bound with a worn cord, featuring faded ink script across its yellowed surface."
Bloodmoon.esm,BM Bear left Pauldron,Bear Left Pauldron,"A left shoulder guard crafted from thick, shaggy brown bear hide stretched over a curved, reinforced leather frame."
Morrowind.esm,misc_de_fishing_pole,Fishing Pole,"A long, slender wooden rod fitted with a hand-wrapped grip and a thin cord line dangling from the tapered tip."
Morrowind.esm,lords_cuirass_unique,Lord's Mail,A golden cuirass with sculpted musculature and ornate shoulder pauldrons covering a dark metallic underlayer.
Bloodmoon.esm,key_gustav_chest,Key to Gustav's chest,"A simple iron key with a flat, notched blade and a plain bow, designed to open Gustav's chest."
Morrowind.esm,bk_fivesongsofkingwulfharth,Five Songs of King Wulfharth,"A quarto-sized book bound in worn leather, its thick pages filled with dense script recounting the five songs."
Morrowind.esm,key_falas tomb keepers_2,Tomb Door Key,"A simple, unadorned iron key with a standard cut bit and a flat, rectangular bow."
Morrowind.esm,Light_Com_Candle_15,Silver Candlestick,"A polished silver candlestick holds a pale wax candle, its broad circular base supporting a slender central column."
Tribunal.esm,fur_pauldron_right,Nordic Fur Right Pauldron,"A right shoulder guard of thick brown fur stitched over a curved leather frame, laced with rawhide straps."
Morrowind.esm,steel dart,Steel Dart,A slender steel throwing dart with a sharp pointed tip and small fletched tail.
Morrowind.esm,steel flamemauler,Steel Flamemauler,"A heavy two-handed steel warhammer built with a long haft and a massive, flame-sculpted striking head."
Morrowind.esm,sc_selynsmistslippers,Scroll of Selyn's Mist Slippers,A tightly wound parchment scroll bears a faintly luminous sigil evoking swirling fog around a footstep.
Morrowind.esm,light_de_candle_ivory_01,Bamboo Candlestick,"A tall, segmented bamboo shaft supports a wide ivory-colored drip pan for holding a candle."
Morrowind.esm,dire vipersword,Dire Vipersword,"A slender, tapering short blade with a hilt shaped to evoke a striking viper's head."
Morrowind.esm,misc_dwrv_goblet10,Ornate Dwemer Goblet,"A tall brass goblet with a flared rim, slender stem, and ornate circular bands encircling the wide base."
Morrowind.esm,glass_dagger_enamor,Enamor,A slender green glass dagger featuring a dragon-shaped crossguard and a tapered blade with a faceted pommel.
Tribunal.esm,bk_tamrielicreligions,The Ruins of Kemel-Ze,"A thick octavo volume bound in worn leather covers, its spine bearing the title in faded gilt lettering."
Morrowind.esm,thong,Thong of Zainab,A narrow amulet cord bearing a small pendant associated with the Zainab Ashlander tribe.
Bloodmoon.esm,BM nordic silver longsword_cft,Clanbringer,A long one-handed blade of pale silver metal features a broad straight guard and a leather-wrapped hilt.
Morrowind.esm,key_persius mercius,Iron Key,"A simple wrought iron key with a flat, notched blade and a plain bow for gripping."
Morrowind.esm,ring of fireball,Ring of Fireball,An expensive gold ring featuring a thick band and a prominent central setting holding a polished reddish stone.
Morrowind.esm,amulet of recall,Amulet of Recall,"An extravagant gold amulet features a large central gem set within an ornate, symmetrical filigree frame."
Morrowind.esm,bk_nchunaksfireandfaith,Nchunak's Fire and Faith,"A quarto-bound book featuring a dark leather spine and worn parchment pages secured within a plain, sturdy cover."
Bloodmoon.esm,BM riekling lance,Riekling Lance,"A short, ice-blue spearhead of jagged, translucent frost is bound to a crude wooden shaft with leather strips."
Morrowind.esm,amulet of locking,Amulet of Locking,"A circular metallic amulet hangs from a simple chain, centered with a small, unadorned disc."
Morrowind.esm,veloth's robe,Veloth's Robe,"An expensive-looking robe tailored from rich fabric, featuring wide sleeves and a draped, ankle-length cut."
Morrowind.esm,common_robe_05_b,Common Robe,"A simple, loosely woven brown robe with wide sleeves and a frayed hem."
Morrowind.esm,cl_ringofregeneration,Ring of Regeneration,An expensive gold ring featuring a thick rounded band and a prominent circular setting mounted with a polished gemstone.
Morrowind.esm,p_poison_resistance_s,Standard Poison Resistance,"A small rounded glass vial sealed with a cork stopper, containing a green liquid."
Morrowind.esm,dire flamebolt ring,Dire Flamebolt Ring,"A common circular band ring formed from plain unadorned metal, sized to fit upon a finger."
Morrowind.esm,BookSkill_Alteration2,The Dragon Break Re-Examined,"A thick octavo book bound in worn leather covers, its spine bearing faded gilt lettering and age-darkened pages."
Tribunal.esm,her dart,Her Dart,A slender silver throwing dart with a narrow pointed tip and small fletched fins at the base.
Morrowind.esm,steel sparkscythe,Steel Sparkscythe,"A heavy two-handed blade curves into a wide, sickle-shaped arc atop a long steel tang fitted with a wrapped grip."
Morrowind.esm,dwemer jinksword,Dwemer Jinksword,"A short bronze blade with a geometric tip protrudes from a heavy, angular brass hilt fitted with a crossguard."
Morrowind.esm,bk_corpsepreperation1_o,Corpse Preparation v I,An open octavo book featuring a worn binding and exposed pages displaying the first volume of a necromantic treatise.
Morrowind.esm,bk_wildelves,The Wild Elves,A quarto-format book bound in worn leather covers with a faded title stamped on the spine.
Morrowind.esm,writ_baladas,Honorable Writ of Execution,"A tightly rolled parchment scroll sealed with dark wax, bearing official execution orders written in faded ink."
Morrowind.esm,ingred_scrib_jelly_01,Scrib Jelly,"A translucent, pale blue gelatinous mass of thick, sticky jelly harvested from the scrib insect."
Morrowind.esm,bk_Ibardad_Elante_notes,Elante's Notes,"An open octavo of loose gatherings bound between worn covers, its handwritten pages filled with narrow ink lines."
Morrowind.esm,steel broadsword of hewing,Steel Broadsword of Hewing,A leaf-bladed steel broadsword features a widened central blade section tapering to a conventional hilt.
Tribunal.esm,adamantium_greaves,Adamantium Greaves,"Polished silvery adamantium greaves shaped to sheath the upper legs, featuring articulated overlapping plates and subtle fluted ridges."
Morrowind.esm,p_restore_strength_e,Exclusive Restore Strength,"A tall, slender glass vial sealed with a faceted stopper contains a dark amber liquid."
Morrowind.esm,we_shimsil,Shimsil,"A short, one-handed blade forged from dark ebony features a slender thrusting profile and a matching hilt."
Morrowind.esm,common_shirt_gondolier,Gondolier Shirt,"A loose-fitting white linen shirt with wide sleeves and a wide, flat collar designed for gondoliers."
Morrowind.esm,key_Thiralas_tomb,Key to Thiralas tomb,"A simple iron key with a flat, notched blade and a small looped bow for attaching to a ring."
Morrowind.esm,misc_lw_cup,Limeware Cup,"A smooth, pale limeware cup with a gently flared rim and a sturdy, rounded base."
Morrowind.esm,bonemold_towershield,Bonemold Tower Shield,"A tall shield constructed from thick, overlapping layers of bonemold with a prominent central vertical ridge."
Morrowind.esm,magic_bolt,FOR SPELL CASTING,"A slender arrow with a narrow, target-pointed head and a smooth wooden shaft fitted with clipped fletching."
Morrowind.esm,ring of the five fingers of pai,Ring of the Five Fingers of Pai,A common copper ring shaped into five slender projecting fingers curling inward toward a central band.
Morrowind.esm,expensive_amulet_02,Expensive Amulet,A polished golden amulet formed from a thick circular band suspending a small teardrop pendant.
Morrowind.esm,belt of jack of trades,Belt of Jack of Trades,A common leather belt secured with a simple metal buckle and fitted with evenly spaced round eyelets along its strap.
Bloodmoon.esm,bk_fryssajournal,Journal of Fryssa,"A worn folio bound in dark leather, its sewn pages filled with closely written ink text and showing creased edges."
Morrowind.esm,dwarven war axe_redas,Redas War Axe,A steel one-handed war axe featuring a curved blade mounted on a short haft with a simple grip.
Morrowind.esm,bonemold bolt,Bonemold Bolt,"A short crossbow bolt constructed from resin-reinforced bone composite, fitted with fletching and a sharp tip."
Morrowind.esm,bk_poisonsong1,Poison Song I,"A quarto-sized book bound in a plain, well-worn cover with a simple spine and unadorned pages."
Tribunal.esm,bleeder dart,Bleeder Dart,A slender steel throwing dart with a narrow barbed head and a short fletched shaft.
Morrowind.esm,common_belt_04,Common Belt,A thick leather belt fastened with a simple rectangular metal buckle and fitted with a single loop.
Bloodmoon.esm,Misc_Com_Bucket_Metal,Metal Bucket,A cylindrical metal bucket with a semicircular wire handle fitted through two small loops riveted near the rim.
Morrowind.esm,ring_surrounding_unique,Ring of Surroundings,"A slender silver band encircles the finger, its surface etched with intertwining leafy vines and small polished green stones."
Morrowind.esm,extravagant_robe_01_a,Extravagant Robe,"A long, flowing robe of richly colored fabric with wide sleeves and an ornamental sash tied at the waist."
Morrowind.esm,BookSkill_Axe5_open,"36 Lessons of Vivec, Sermon 16",An open octavo book with a worn leather cover and exposed pages of densely inked script.
Morrowind.esm,ring of nullification,Ring of Nullification,An extravagant ring crafted from polished gold and adorned with symmetrical filigree surrounding a dark central band.
Bloodmoon.esm,bm_ebony_staff_necro,Staff of Carnal Channeling,A tall two-handed staff of dark ebony is crowned by a carved finial shaped to channel necromantic energies.
Tribunal.esm,robe_lich_unique_x,Robe of the Lich,"A tattered, black robe with long, trailing sleeves and a frayed hem, fastened by a skull buckle."
Morrowind.esm,sc_Vulpriss,A scrawled note,"A crumpled parchment scroll bears hastily scrawled ink markings across its unrolled, yellowed surface."
Morrowind.esm,bk_onoblivion,On Oblivion,"A thick octavo volume bound in dark leather, featuring a plain spine and worn cover with faded gilt lettering."
Morrowind.esm,bk_Confessions,Confessions of a Skooma-Eater,A thick bound folio with a sturdy cover and numerous pages gathered and secured at the spine.
Tribunal.esm,warhammer_crusher_unique_x,Skull Crusher,"A heavy one-handed warhammer forged from bronze, featuring a thick haft and a massive, blocky striking head."
Morrowind.esm,steel katana,Steel Katana,A slender curved long blade of polished steel extends from a hilt wrapped in dark cord.
Bloodmoon.esm,common_ring_05_BM_UNI,Common Ring,"A slender copper band with a small, rough-cut green stone set in a simple claw mounting."
Tribunal.esm,netch_leather_pauldron_left,Netch Leather Left Pauldron,"A rough, asymmetrical left pauldron crafted from thick, boiled netch hide with exposed stitching along the seams."
Morrowind.esm,daedric dai-katana,Daedric Dai-katana,"A massive two-handed blade with an undulating edge, forged from blackened ebony and mounted in a jagged red grip."
Morrowind.esm,key_odral_helvi,Odral Helvi's Key,A standard metal key with a looped bow handle and notched bit for turning a lock mechanism.
Tribunal.esm,Indoril_MH_Guard_boots,Her Hand's Boots,Golden-hued Indoril boots feature overlapping curved plates and a tall flared cuff of dark fabric.
Morrowind.esm,dwarven warhammer,Dwarven Warhammer,"A heavy two-handed hammer forged from golden Dwemer metal, featuring a thick cylindrical head mounted on a long shaft."
Morrowind.esm,light_de_candle_17,Brass Candlestick,A tall brass candlestick with a wide circular base and a slender stem supporting a small cup.
Morrowind.esm,bk_vivecandmephala,Vivec and Mephala,"A thick octavo volume bound in worn leather covers, its spine displaying faded gilt lettering."
Morrowind.esm,bound_mace,Bound Mace,"A daedric one-handed mace formed from conjured matter, featuring a heavy flanged head and a darkly ornate haft."
Morrowind.esm,bookskill_speechcraft4,"The Wolf Queen, Book VII","A thick octavo volume bound in worn leather covers, with a faded spine and yellowed pages."
Morrowind.esm,index_falas,Falasmaryon Propylon Index,"A faceted crystalline shard cut with precise angular planes and polished to a smooth, translucent finish."
Tribunal.esm,DarkBrotherhood gauntlet_R,Dark Brotherhood Right Gauntlet,A fitted right hand gauntlet of blackened leather with reinforced knuckle plates and buckled forearm straps.
Morrowind.esm,Iron Long Spear,Iron Spear,A long iron spearhead is mounted on a simple wooden shaft designed for two-handed thrusting.
Morrowind.esm,light_de_lantern_02_256_Off,Glass Lantern,A transparent glass lantern with a metal frame and a small latched door enclosing an interior fuel basin.
Tribunal.esm,Helsethguard_greaves,Royal Guard Greaves,"Polished dark metal greaves shaped to protect the upper legs, fitted with reinforced knee plates and subtle ornamental ridges."
Morrowind.esm,p_fortify_fatigue_c,Cheap Fortify Fatigue,"A thin, cheaply made glass vial holds a watery, pale liquid sealed with a rough cork stopper."
Morrowind.esm,poison_goop00,Poison,"A viscous, sickly greenish puddle of gelatinous substance seeps slowly from an unseen organic source."
Morrowind.esm,ring_fathasa_unique,Fathasa's Ring,An exquisite gold ring featuring an ornate band and a prominent central gemstone set in delicate clawed prongs.
Morrowind.esm,amulet of igniis,Amulet of Igniis,"An extravagant amulet of polished gold suspended from a delicate chain, centered with a small ornamental setting."
Morrowind.esm,bk_BriefHistoryEmpire3,Brief History of the Empire v 3,A quarto-sized book bound in worn brown leather covers with a faded spine and yellowed pages.
Morrowind.esm,ingred_bread_01_UNI2,Bread,"A golden-brown loaf of baked bread with a rounded top, split crust, and pale flour-dusted surface."
Morrowind.esm,ebony spear_hrce_unique,Ebony Spear,A long two-handed spear featuring a dark ebony shaft and a broad black blade.
Morrowind.esm,boots_apostle_unique,Boots of the Apostle,"Ornate golden boots shaped with overlapping plates and tall arches, polished to a reflective sheen across the articulated foot and ankle."
Morrowind.esm,misc_dwrv_artifact40,Dwemer Scarab Schematics,A rolled parchment of aged hide displays geometric Dwemer machinery diagrams alongside a prominent scarab figure.
Morrowind.esm,light_com_candle_05,Pewter Candlestick,"A simple cast pewter candlestick with a wide circular base, slender column, and a cup holding a white candle."
Bloodmoon.esm,silver viperblade,Silver Viperblade,A slender silver shortsword features a sinuous blade shaped like a striking viper's fang.
Morrowind.esm,Light_De_Candle_23,Brass Candlestick,A tall brass candlestick features a wide circular base and a slender shaft supporting a small cup.
Morrowind.esm,key_Savel_tomb,Key to Savel tomb,"A plain iron key with a rectangular bow, short shaft, and simple single-toothed bit."
Morrowind.esm,right horny fist gauntlet,Right Glove of the Horny Fist,A netch leather right gauntlet featuring a prominent horned knuckle plate rising above the reinforced fist.
Morrowind.esm,potion_cyro_brandy_01,Cyrodiilic Brandy,A rounded glass bottle filled with amber liquid and sealed with a sturdy cork stopper.
Morrowind.esm,bk_a2_1_thestranger,The Stranger,"A rolled parchment scroll made from yellowed animal skin, featuring faded ink script across its creased, slightly worn surface."
Morrowind.esm,key_tgbt,Nads Tharen's Key,"A plain iron key cut with standard ward notches, fitted to a small rectangular bow."
Tribunal.esm,steel mace,Steel Mace,A heavy one-handed blunt weapon featuring a thick steel shaft topped by a flanged steel head.
Tribunal.esm,bonemold_shield,Bonemold Shield,"A tall rectangular shield constructed from shaped bone resin, featuring a pale surface with dark angular ridges."
Morrowind.esm,ebony_dagger_mehrunes,Ebony Shortsword,A dark ebony shortsword with a tapered blade and an ornate hilt shaped like a stylized daedric figure.
Morrowind.esm,torch_infinite_time_unique,Torch,A sturdy wooden torch wrapped with dark cloth at the grip and topped with a flame-charred head.
Morrowind.esm,BookSkill_Block5,"36 Lessons of Vivec, Sermon 32","A thick octavo book bound in worn leather, featuring a plain cover with faded gilt lettering along the spine."
Morrowind.esm,iron saber,Iron Saber,"A curved, single-edged iron blade extends from a straight crossguard and a short grip ending in a round pommel."
Morrowind.esm,extravagant_robe_01_r,Extravagant Robe,"A long, flowing red robe with wide sleeves, tailored from rich fabric and secured by a matching sash at the waist."
Morrowind.esm,key_Favel_chest,Key to Favel Tomb chest,"A plain iron key with a simple rectangular bow, a short shaft, and a single cut bit."
Morrowind.esm,ingred_heather_01,Heather,Delicate sprigs of small pink-purple bell-shaped flowers clustered along slender green stems with tiny narrow leaves.
Morrowind.esm,light_de_candle_14_64,Candle,"A short, pale wax cylinder rests on a wide circular base, its braided wick protruding from the top."
Morrowind.esm,ebony wizard's staff,Wizard's Staff,"A tall two-handed staff carved from polished black ebony, capped with a smooth rounded head."
Morrowind.esm,steel shardaxe,Steel Shardaxe,"A steel one-handed axe featuring a wide, shard-like blade mounted on a short wooden haft."
Morrowind.esm,shortbow of sanguine sureflight,Shortbow of Sanguine Sureflight,"A compact steel shortbow with curved limbs and a taut string, fitted with a dark sanguine grip."
Morrowind.esm,ebony_greaves,Ebony Greaves,"Dark polished ebony plates shaped to protect the lower legs, secured by heavy interlocking straps."
Morrowind.esm,fur_bracer_left,Nordic Fur Left Bracer,"A left bracer of thick pale fur stitched over flexible leather strips, fitted for forearm protection."
Morrowind.esm,sc_greysloth,Scroll of Grey Sloth,"A tightly wound parchment scroll secured with a worn cord, displaying faded ink script across its yellowed surface."
Morrowind.esm,bk_wordsclanmother,Words of Clan Mother Ahnissi,"A quarto-sized book bound in worn leather covers, its thick pages filled with closely set dark ink script."
Morrowind.esm,writ_oran,Honorable Writ of Execution,"A tightly rolled cylinder of parchment paper, wound into a compact scroll for formal documentation."
Morrowind.esm,bk_joldanote,A hastily scrawled note,"A small, creased parchment scroll bearing uneven handwriting hastily scratched across its stained surface."
Morrowind.esm,sanguinergloveswiftblade,Glove of Sanguine Swiftblade,An extravagant right glove tailored from fine dark fabric with elegant stitching along the fitted cuff.
Morrowind.esm,sc_tevilspeace,Scroll of Tevil's Peace,A rolled parchment scroll bound with a worn cord features faded script across its yellowed surface.
Bloodmoon.esm,bm_ring_view,BlueDev's Ring of Viewing,An exquisite gold ring set with a polished blue gemstone and adorned with delicate ornamental filigree.
Morrowind.esm,bk_manyfacesmissinggod,The Monomyth,"A thick octavo volume bound in worn leather, featuring a faded title stamped across the spine."
Tribunal.esm,adamantium_pauldron_left,Adamantium Left Pauldron,"A silvery adamantium left pauldron shaped to cover the shoulder, featuring smooth polished plates and reinforced flanges."
Tribunal.esm,Indoril_MH_Guard_Pauldron_R,Her Hand's Right Pauldron,"A golden right pauldron of ornate Indoril design, featuring layered plates and elaborate sculptural relief across the curved shoulder guard."
Morrowind.esm,light_com_candle_05_off,Pewter Candlestick,"A simple cast pewter candlestick holds a pale tallow candle, its broad circular base supporting a short central column."
Morrowind.esm,key_TV_CT,Key to Imperial Museum Jail,"A standard iron key with a simple toothed blade and a flat bow, fashioned for a common institutional lock."
Tribunal.esm,Helseth's Ring,Royal Signet Ring,A thick gold band ring bearing an ornate engraved signet emblem befitting royal authority.
Bloodmoon.esm,BM_Nordic02_gloveL,Left Glove,A left-hand glove of thick stitched leather with a reinforced cuff and simple Nordic styling.
Morrowind.esm,bk_varoorders,Shipping Notice,"A rolled parchment scroll bearing handwritten shipping instructions across its creased, yellowed surface."
Morrowind.esm,key_viveclizardheadslave_01,Lizard's Head Slave Key,A plain iron key with a simple rounded bow and a roughly cut blade.
Morrowind.esm,helm_bearclaw_unique,Helm of Oreyn Bearclaw,A bronze helmet featuring a fierce bear head sculpted over the crown and snarling snout guard.
Morrowind.esm,bk_wherewereyoudragonbroke,Where Were You ... Dragon Broke,"A thick octavo volume bound in worn leather covers, with a faded title stamped across the spine."
Bloodmoon.esm,BM_Nordic01_pants,Common Pants,Roughly stitched woolen trousers feature a thick waistband and wide legs cut for practical cold-weather wear.
Morrowind.esm,misc_6th_ash_hrmm,Morvayn Ash Statue,"A rough, ashen-gray figurine carved from porous volcanic stone into a stylized humanoid shape with minimal detailing."
Morrowind.esm,key_Falas_chest,Key to Falas Tomb chest,"A simple wrought-iron key with a flat, notched blade and a plain bow, sized for a standard chest lock."
Morrowind.esm,p_drain_speed_q,Spoiled Cure Poison Potion,"A square-sided glass vial of murky, discolored liquid sits stoppered with a plain cork."
Bloodmoon.esm,bk_fur_armor,Custom Fur Armor Price List,A single parchment sheet displays a handwritten catalog of fur armor prices in faded brown ink.
Morrowind.esm,ingred_hound_meat_01,Hound Meat,"A rough slab of reddish meat cut from a nix-hound, bearing a few intact tendons and marbled with pale fat."
Morrowind.esm,light_de_candle_18_64,Redware Candle,A thick redware ceramic candlestick holds a pale wax cylinder with a slightly melted rim and blackened wick.
Morrowind.esm,p_reflection_q,Quality Potion of Reflection,"A tall, slender glass flask with a bulbous base and narrow neck, sealed with a cork stopper."
Morrowind.esm,p_frost_resistance_e,Exclusive Frost Resistance,A faceted crystalline vial sealed with a frost-rimed silver stopper contains pale blue liquid.
Morrowind.esm,index_beran,Berandas Propylon Index,"A chunky, faceted crystalline shard of pale green glass carved with angular Daedric glyphs along its beveled edges."
Morrowind.esm,common_ring_01,Common Ring,A simple unadorned band of inexpensive metal forms this modest circular finger ring.
Morrowind.esm,bk_notesoldout,Sold Out Notice,"A creased parchment scroll bearing a hastily penned notice of unavailability, its edges slightly curled."
Morrowind.esm,p_magicka_resistance_q,Quality Magicka Resistance,"A tall, rounded glass vial sealed with a cork stopper holds a swirling, translucent liquid."
Morrowind.esm,devil spear,Devil Spear,"A long two-handed spear fitted with a dark iron head forged into a barbed, forked tip."
Morrowind.esm,spiked club,Spiked Club,A thick wooden club fitted with protruding metal spikes along its heavy striking head.
Bloodmoon.esm,silver_staff_dawn_uniq,Silver Staff,"A tall, two-handed staff of polished silver, featuring a slender shaft and a curved, hooked head."
Morrowind.esm,p_invisibility_q,Quality Potion of Invisibility,"A tall, angular glass vial sealed with a cork stopper, containing a completely clear, transparent liquid."
Morrowind.esm,steel viperaxe,Steel Viperaxe,A single-headed steel viperaxe with a curved blade and a short haft bound with leather wrapping.
Morrowind.esm,p_restore_luck_c,Cheap Restore Luck,"A thin, cheap glass vial holds a pale, watery liquid sealed with a rough cork stopper."
Morrowind.esm,orcish bolt,Orcish Bolt,"A heavy crossbow bolt forged from dark iron, fitted with a broad steel head and dark feather fletching."
Morrowind.esm,juicedaw ring,Juicedaw Feather Ring,An extravagant gold ring shaped into a feathered motif with finely detailed barbs along its curved quill.
Morrowind.esm,demon cephalopod,Demon Cephalopod,"A dark helmet shaped like a horned cephalopod head, featuring a tapered snout and flared tentacles framing the face."
Morrowind.esm,summon ancestor amulet,Ancestor's Amulet,An extravagant golden amulet features a polished central gemstone set within an ornate filigree frame.
Morrowind.esm,steel halberd,Steel Halberd,"A long wooden shaft mounts a steel axe blade, rear hook, and a pointed thrusting spike."
Morrowind.esm,Light_De_Candle_24_64,Brass Candlestick,"A slender brass candlestick holds a pale wax candle, its darkened wick rising above a wide circular base."
Bloodmoon.esm,silver shardskewer,Silver Flameskewer,A long two-handed spear features a polished silver leaf-shaped blade mounted atop a slender metallic shaft.
Tribunal.esm,bk_MysteriousAkavir,Mysterious Akavir,"A quarto-sized book with an open-faced cover bound in worn leather, its spine displaying faded lettering."
Morrowind.esm,wild viperblade,Wild Viperblade,"A slender one-handed short blade of green glass, tapering to a fine edge with a translucent, slightly curved hilt."
Tribunal.esm,Misc_flask_grease,Jar of grease,"A small, cheaply made glass jar containing a thick, yellowish grease sealed with a simple cork stopper."
Morrowind.esm,common_ring_04,Common Ring,A simple polished ring of dark bronze metal with a small raised bezel holding a dull green glass stone.
Morrowind.esm,sc_manarape,Scroll of Manarape,A tightly rolled parchment scroll is bound by a thin leather cord and displays faded ink writing across its creased surface.
Tribunal.esm,misc_imp_silverware_pitcher_uni,Silverware Pitcher,"A polished silver pitcher with a curved pouring spout, a swollen belly, and a gracefully arched handle."
Morrowind.esm,steelstaffancestors_ttsa,Ancestral Wisdom Staff,A tall steel staff features a cylindrical shaft and a curved prong cradling a socketed finial at the top.
Tribunal.esm,Misc_SoulGem_Greater,Greater Soul Gem,A faceted translucent crystal vessel with a narrow tapered base and a wide cylindrical neck for containing souls.
Morrowind.esm,misc_dwrv_bowl00,Ornate Dwemer Bowl,A shallow bronze bowl features intricate geometric engravings along its rim and a smooth interior surface.
Bloodmoon.esm,solvistapp,Solvistapp,"A broad one-handed long blade forged from pale steel, featuring a straight crossguard and a leather-wrapped hilt."
Morrowind.esm,bk_SaintNerevar,Saint Nerevar,"A rolled parchment scroll of yellowed, fibrous material featuring faded ink lettering across its worn, slightly creased surface."
Morrowind.esm,sc_flamebane,Scroll of Flamebane,"A tightly wound parchment scroll, secured by a worn cord, features faded ink script and charred, heat-darkened edges."
Tribunal.esm,bk_SaryonisSermons,Saryoni's Sermons,"A thick folio bound in worn leather, its spine reinforced with plain stitching and covers stained a deep brown."
Tribunal.esm,Ingred_sweetpulp_01,Sweetpulp,"Soft, pulpy flesh from a sweetpod is mashed into a moist, amber-colored paste."
Morrowind.esm,warden's ring,Warden's Ring,An expensive gold ring constructed from a wide polished band encircled by a raised ornamental ridge.
Morrowind.esm,key_tukushapal_1,Rusty Old Key,A corroded iron key with a simple bit and a worn bow showing heavy reddish-brown oxidation.
Morrowind.esm,bk_charterMG,Mages Guild Charter,"A bound octavo book bearing the official Mages Guild charter, its leather covers showing moderate wear along the edges."
Morrowind.esm,key_morvaynmanor,Morvayn Manor Key,"A standard brass key with a simple rectangular bow, a short shaft, and a single-cut bit for Morvayn Manor."
Morrowind.esm,BookSkill_Long Blade1,Words and Philosophy,"A tall, narrow octavo volume bound in worn leather covers, with a faded spine and yellowed pages."
Morrowind.esm,key_Norvayn_chest,Key to Norvayn chest,"A simple iron key with a flat, notched blade and a plain rectangular bow for the Norvayn chest."
Morrowind.esm,p_lightning shield_c,Cheap Lightning Shield,"A small, square green glass bottle sealed with a cork stopper contains a thin, watery liquid."
Morrowind.esm,BookSkill_Block3,"A Dance in Fire, Chapter 2","A worn octavo volume bound in faded leather covers, its spine stitched with coarse thread and pages yellowed with age."
Morrowind.esm,bk_ravilamemorial,Ravila Memorial,"A rolled parchment scroll of yellowed animal skin, secured with a simple cord and bearing densely inked memorial text."
Morrowind.esm,expensive_amulet_methas,Methas Hlaalu's Amulet,A costly circular amulet crafted from polished gold and centered with a small green gemstone.
Morrowind.esm,ebony dart,Ebony Dart,"A dense, dark ebony throwing dart features a sharply pointed tip and two small, symmetrical flights."
Morrowind.esm,light_de_candle_ivory_01_128,Bamboo Candlestick,"A segmented bamboo cylinder forms this tall candlestick, topped with a stub of pale ivory wax."
Morrowind.esm,cruel shardblade,Cruel Shardblade,"A short, dragon-hilted dagger features a narrow, cruelly pointed blade of dark, faceted crystalline shard."
Morrowind.esm,tailored_trousers,Tailored Trousers,"Well-fitted common trousers of sturdy woven fabric, tailored with a clean cut for comfortable everyday wear."
Bloodmoon.esm,silver sparkskewer,Silver Sparkskewer,A long two-handed spear features a polished silver leaf-shaped blade mounted on a sturdy wooden shaft.
Morrowind.esm,light_de_lantern_02_256_blue,Glass Lantern,"A blue-glass lantern with a cylindrical body, a metal handle, and a small hooded chimney."
Morrowind.esm,iron club,Iron Club,"A heavy one-handed blunt weapon of dark iron, featuring a thick cylindrical head bound to a short wooden shaft."
Morrowind.esm,cloudcleaver_unique,Cloudcleaver,A large two-handed steel axe with a broad curved blade mounted on a long reinforced haft.
Morrowind.esm,light_com_candle_03_64,Silver Candlestick,"A polished silver candlestick with a wide circular base, slender stem, and a small cup holding a white candle."
Morrowind.esm,p_fortify_strength_q,Quality Fortify Strength,"A tapered green glass vial sealed with a cork stopper, containing a viscous amber liquid that swirls sluggishly."
Morrowind.esm,bk_ShortHistoryMorrowind,A Short History of Morrowind,"A quarto-sized book bound in worn brown leather covers, its spine bearing faded gilt lettering."
Morrowind.esm,Daedric_special,Daedric Sanctuary Amulet,A heavy octagonal amulet of dark polished metal etched with angular Daedric script around a central cabochon.
Morrowind.esm,light_de_candle_green_01,Bamboo Candlestick,"A segmented green bamboo stem supports a small candle holder atop its hollow, jointed stalk."
Morrowind.esm,steel staff of divine judgement,Steel Staff of Divine Judgement,"A tall steel staff topped with a heavy, rounded head and a slender, dark haft."
Bloodmoon.esm,silver staff of reckoning,Silver Staff of Reckoning,A tall two-handed staff of polished silver fitted with a plain cylindrical shaft and an unadorned rounded head.
Morrowind.esm,sc_gamblersprayer,Scroll of The Gambler's Prayer,"A tightly wound parchment scroll features aged, yellowed edges and two stained wooden caps securing the frayed ends."
Morrowind.esm,daunting mace,Daunting Mace,"A heavy one-handed mace forged from dark ebony, featuring a thick shaft and a dense, faceted head."
Morrowind.esm,heart_of_fire,Sanit-Kil's Heart of Fire,An expensive gold amulet suspending a polished crimson gemstone from a delicate chain.
Tribunal.esm,Expensive_shirt_Mournhold,Expensive Shirt,A finely tailored dark shirt with close-fitted sleeves and subtle Mournhold embroidery along the collar and cuffs.
Morrowind.esm,BookSkill_Mysticism5,"Charwich-Koniinge, Volume 3","A worn octavo book bound in dark leather, featuring a faded spine and yellowed pages within its thick covers."
Morrowind.esm,seizing,The Seizing of the Erabenimsun,A woven leather belt featuring geometric Ashlander patterns and a carved bone buckle dyed dark red.
Morrowind.esm,amulet of shield,Amulet of Shield,A polished golden amulet formed from a wide circular band suspending a small central cabochon.
Morrowind.esm,misc_de_goblet_09,Goblet,A wide-mouthed drinking goblet with a rounded bowl and a slender stem rising from a circular footed base.
Morrowind.esm,torch,Torch,"A wooden handle topped with a wrapped cloth head, bound near the top with a simple metal band."
Morrowind.esm,sc_divineintervention,Scroll of Divine Intervention,"A tightly wound parchment scroll secured with a worn cord, featuring faded divine script across its yellowed surface."
Morrowind.esm,Light_De_Candle_21,Candle,"A red wax candle shaped as a short cylinder, fitted into a small plain metal holder."
Tribunal.esm,bk_ahnia,Note to Ahnia,A creased parchment scroll bearing a brief handwritten message addressed to Ahnia in dark ink.
Morrowind.esm,misc_clothbolt_02,Bolt of Cloth,A tightly rolled cylinder of fabric is bound with a narrow strip of cloth to secure the layers.
Morrowind.esm,left gauntlet of the horny fist,Left Gauntlet of the Horny Fist,A segmented chitin left gauntlet featuring knobby protrusions across the back of the hand and fingers.
Morrowind.esm,sc_tinurshoptoad,Scroll of Tinur's Hoptoad,A tightly wound parchment scroll features faded ink script and worn wooden end caps.
Morrowind.esm,steel flamecleaver,Steel Flamecleaver,A steel halberd features a long haft topped with a broad cleaving blade and a rear-facing spike.
Morrowind.esm,shardstar,Shardstar,A flat steel throwing star features four sharp tapered projections radiating from a small circular center.
Bloodmoon.esm,BM_waterlife_UNIQUE1,Waters of Life,A round glass flask filled with pale golden liquid and sealed with a tapered cork stopper.
Morrowind.esm,light_com_torch_01_77,Torch,A charred wooden stick wrapped with oil-soaked cloth at one end provides portable illumination.
Morrowind.esm,dwarven war axe,Dwarven War Axe,"A heavy one-handed axe forged from brass-colored Dwemer metal, featuring a broad curved blade and a short reinforced haft."
Morrowind.esm,madstone,Madstone of the Ahemmusa,"A tribal amulet of pale green stone hangs from a braided leather cord, carved with angular Ahemmusa totem symbols."
Morrowind.esm,wild sty ring,Wild Sty Ring,"A simple circular band of dark metal forms this common ring, its surface unadorned and bearing a faintly mottled patina."
Morrowind.esm,lucky_coin,Old Man's Lucky Coin,A round gold coin with a worn surface and faded relief markings across its faces.
Tribunal.esm,nerevarblade_01,Trueflame,A slender one-handed long blade emanating bright fire along its polished steel edge and crossguard.
Morrowind.esm,light_de_candle_ivory_dead,Bamboo Candlestick,A segmented bamboo stem rises from a flat circular base to hold a pale ivory candle stub.
Morrowind.esm,BookSkill_Marksman2,"A Dance in Fire, Chapter 5",A bound octavo volume with a worn leather cover protecting the densely printed pages within.
Morrowind.esm,key_ivrosa,Ivrosa Verethi's Key,"A plain iron key with a simple rectangular bow and a single-toothed bit, showing dark tarnish along its shaft."
Bloodmoon.esm,BM nordic silver axe_ber,Berserker Silver Axe,A silver-bladed Nordic war axe with a curved cutting edge mounted on a carved wooden haft.
Morrowind.esm,key_Odirniran,Key to Odirniran,A simple iron key cut with standard notches along its shaft and fitted with a flat rectangular bow.
Bloodmoon.esm,silver arrow_thirsk_7,Silver Arrow,A slender silver arrowhead is mounted on a wooden shaft with white feather fletching secured by thin binding.
Morrowind.esm,amulet of spell absorption,Amulet of Spell Absorption,An extravagant gold amulet features a polished central gemstone set within an ornate filigree pendant suspended from a delicate chain.
Morrowind.esm,amulet_aundae,Aundae Amulet,An extravagant gold amulet suspends a polished crimson gemstone from a slender chain of interlocking metallic links.
Morrowind.esm,ingred_bc_ampoule_pod,Ampoule Pod,"A small, bulbous organic pod with a tapered stem, its pale surface stretched taut over rounded seed chambers."
Tribunal.esm,extravagant_robe_02_elanande,Elanande's Robe,"A long, extravagant robe tailored from richly colored fabric and adorned with ornamental stitching along the wide sleeves and hem."
Morrowind.esm,key_rothran,Slave Cell Key,"A simple iron key with a standard rectangular bow and a single-toothed bit, darkened by age."
Morrowind.esm,sanguineringredw,Ring of Sanguine Red Wisdom,"An extravagant ring crafted from polished red metal, featuring an ornate openwork band and a prominent faceted gemstone."
Morrowind.esm,key_widow_vabdas,Widow Vabdas' Key,"A simple iron key with a flat rectangular bow, a short shaft, and a single cut bit along its edge."
Morrowind.esm,p_lightning shield_e,Exclusive Lightning Shield,"A slender, tapered glass flask sealed with a wax stopper, containing a pale blue liquid."
Morrowind.esm,key_Nchuleftingth,Key to Nchuleftingth,"A brass key with a rectangular bow and simple bit, etched with faint temple insignia along its shank."
Morrowind.esm,sc_secondbarrier,Scroll of The Second Barrier,A tightly wound parchment scroll features faded ink script across its yellowed surface and worn wooden rollers.
Bloodmoon.esm,silver sparkaxe,Silver Sparkaxe,A polished silver one-handed axe with a curved blade and a short haft bound in dark leather.
Morrowind.esm,light_com_lantern_02_64,Travel Lantern,"A portable metal lantern with a cylindrical frame, a domed top, and a small handle for carrying."
Morrowind.esm,wraithguard,Wraithguard,A bulky right gauntlet of dark Dwemer metal bears geometric engravings across its angular overlapping plates.
Morrowind.esm,Daedric_special01,Tel Fyr amulet,"A polished oval amulet of pale greenish stone suspended from a simple cord, its smooth surface bearing no visible ornamentation."
Bloodmoon.esm,BM_Nordic01_gloveR,Right Glove,"A thick, fur-lined leather right glove with a sturdy stitched seam and a wide cuff of pale woven cloth."
Morrowind.esm,misc_de_cloth10,Cloth,"A folded piece of coarse, undyed woven fabric with frayed edges and a loosely textured surface."
Morrowind.esm,p_fortify_luck_b,Bargain Potion of Fortify Luck,"A cheap, thin-glass flask of pale liquid, stoppered with a plain cork and lacking any ornamental detail."
Morrowind.esm,misc_flask_04,Flask,"A rounded glass flask with a narrow neck and a flared lip, fitted with a small cork stopper."
Tribunal.esm,robe_lich_unique,Robe of the Lich,"A tattered black robe with frayed hems and voluminous sleeves, its dark fabric marked by faint, cryptic patterns."
Tribunal.esm,DarkBrotherhood gauntlet_L,Dark Brotherhood Left Gauntlet,A dark leather left gauntlet fitted over reinforced knuckle plates and secured with sturdy buckles along the forearm.
Morrowind.esm,glass poisonsword,Glass Poisonsword,A crystalline green longsword with a slender blade and a hilt shaped from translucent glass.
Morrowind.esm,bonemold_armun-an_pauldron_r,Armun-An Bonemold R Pauldron,"A right shoulder pauldron of lacquered bonemold, shaped with a raised central ridge and angular flaring edges."
Morrowind.esm,misc_de_pot_redware_01,Redware Pot,"A rounded clay vessel with a narrow rim and two small loop handles, finished in reddish-brown earthenware."
Morrowind.esm,common_amulet_01,Common Amulet,"A small circular pendant hangs from a thin cord, crafted from plain unadorned metal with a modest polished finish."
Morrowind.esm,misc_6th_ash_hrcs,Suspicious Ash Statue,"A roughly carved figurine of dark, porous ash stone depicts a humanoid form with unsettling, asymmetric proportions."
Morrowind.esm,soul ring,Soul Ring,A thick metallic ring bearing ornate raised sigils along its wide circular band.
Morrowind.esm,key_ashalmawia_prisoncell,Ancient daedric Key,"A heavy black metal key with angular, daedric-style projections along its bit and a roughly rectangular bow."
Bloodmoon.esm,BM_Nordic02_gloveR,Right Glove,A thick right-hand glove of pale leather with a fur-lined cuff and stitched seams along the fingers.
Morrowind.esm,steel shardcleaver,Steel Shardcleaver,"A two-handed steel halberd features a long haft topped by a broad, pointed cleaving blade."
Morrowind.esm,shardbolt ring,Shardbolt Ring,"A slender common metal band holds a small, irregularly shaped shard that serves as the ring's raised centerpiece."
Morrowind.esm,misc_dwrv_artifact30,Anumidium Plans,A rolled parchment of aged vellum bearing dense Dwemer geometric diagrams and mechanical schematics rendered in faded ink.
Bloodmoon.esm,ingred_saltrice_01,Saltrice,"A cluster of pale, elongated grain kernels arranged along a slender, greenish stalk."
Morrowind.esm,sc_llirosglowingeye,Scroll of Lliros' Glowing Eye,A tightly wound parchment scroll features aged yellowed edges and a cylindrical wooden roller capped with plain knobs.
Morrowind.esm,common_robe_03,Common Robe,"A simple, loosely draped robe of plain, unadorned fabric with wide sleeves and a modest cut."
Morrowind.esm,common_pants_03_c,Common Pants,These simple cotton trousers feature a drab olive weave with a basic drawstring waist and straight legs.
Morrowind.esm,sc_blackscorn,Scroll of Black Scorn,"A tightly wound parchment scroll bound with a dark cord, featuring faded black ink script across its yellowed surface."
Morrowind.esm,p_restore_speed_e,Exclusive Restore Speed,"A slender, tapered glass flask containing a bright green liquid sealed with a wax stopper."
Morrowind.esm,robe of st roris,Robe of St Roris,"A long, common-style robe of drab fabric with wide sleeves and a simple, unadorned cut."
Morrowind.esm,key_Bthuand,Key to Bthuand,A plain iron key with a simple looped bow and a single ward cut into its notched blade.
Morrowind.esm,p_paralyze_c,Cheap Potion of Paralyze,"A thin, cheaply made glass vial holds a pale, murky liquid sealed with a rough cork stopper."
Morrowind.esm,sanguinebeltfleetness,Belt of Sanguine Fleetness,An extravagant belt crafted from supple leather and fitted with an ornate metal buckle.
Morrowind.esm,claymore_Agustas,Sword of Agustas,"A two-handed Nordic claymore forged from pale steel, featuring a straight crossguard and a leather-wrapped grip."
Morrowind.esm,sc_icarianflight,Scroll of Icarian Flight,"A tightly wound parchment scroll features worn, yellowed edges and a hollow central spool for unfurling."
Morrowind.esm,misc_com_iron_ladle,Iron Ladle,"A long-handled iron ladle with a deep, hemispherical bowl and a hooked grip at the terminal end."
Morrowind.esm,bookskill_restoration2,Notes on Racial Phylogeny,"An open octavo volume with a thick spine and exposed pages between two broad, fabric-wrapped covers."
Morrowind.esm,Ring of Night-Eye,Ring of Night-Eye,"A thick gold band features a prominent circular setting that holds a polished, darkly iridescent gemstone."
Morrowind.esm,key_miles,Shiny Key,A polished brass key with a standard double-toothed blade and a simple flat bow.
Morrowind.esm,key_tel_aruhn_slave1,Imayn Slave Cage Key,"A brass key with a temple-style bow and a simple, notched bit for unlocking a slave cage."
Morrowind.esm,apparatus_g_retort_01,Grandmaster's Retort,"A large glass retort with a wide spherical base, a slender angled neck, and a flared rim."
Bloodmoon.esm,bk_MixedUnitTactics,Mixed Unit Tactics v1,"A thick octavo volume bound in worn leather covers, its spine bearing faded gilt lettering."
Morrowind.esm,extravagant_shoes_01,Extravagant Shoes,Elegant curled-toe shoes crafted from fine dark leather with decorative stitching along the seams.
Morrowind.esm,steel sparkblade,Steel Sparkblade,A forged steel short blade with a straight double-edged blade and a simple crossguard mounted on a leather-wrapped hilt.
Morrowind.esm,bk_bartendersguide_01,Hanin's Wake,An open quarto book with a visible text block and a plain cover bound along the spine.
Morrowind.esm,common_shirt_02,Common Shirt,"A simple short-sleeved linen shirt with a laced front neckline and a plain, unadorned weave."
Morrowind.esm,p_fortify_agility_b,Bargain Fortify Agility,"A small, cheaply made glass vial holds a pale greenish liquid sealed with a simple cork stopper."
Morrowind.esm,light_com_candle_08_64,Silver Candlestick,"A polished silver candlestick features a wide circular base, a slender central stem, and a cupped socket for a candle."
Morrowind.esm,dire flameblade,Dire Flameblade,A short dragon-themed blade with a fiery red hilt and a darkened pommel shaped like a horned head.
Morrowind.esm,cruel flamearrow,Cruel Flamearrow,A slender silver arrow fitted with a viciously barbed head designed to inflict grievous wounds upon impact.
Morrowind.esm,key_murudius_01,Murudius' Key,"A simple brass key with a flat, notched blade and a small, rounded bow for a keychain."
Bloodmoon.esm,silver arrow_thirsk_8,Silver Arrow,A slender silver arrowhead is mounted on a straight wooden shaft fletched with pale feathers.
Bloodmoon.esm,fur_colovian_helm_white,White Colovian Fur Helm,A white-furred Colovian helmet shaped with a rounded crown and sturdy cheek guards protecting the sides of the face.
Morrowind.esm,long bow,Long Bow,"A tall wooden bow with gently curved limbs and a taut string, shaped for long-range archery."
Tribunal.esm,ebony shortsword_soscean,Soscean's Shortsword,A compact ebony shortsword features a dark tapered blade and a hilt of matching black metal.
Morrowind.esm,iron battle axe,Iron Battle Axe,A heavy two-handed iron battle axe with a thick double blade mounted on a long wooden haft.
Morrowind.esm,dwarven halberd_soultrap,Bthuangth's Harvester,A tall Dwemer halberd features a heavy bronze-colored metal blade mounted on a long shaft of riveted geometric plates.
Tribunal.esm,Gravedigger,Gravedigger,A6is imposing two-handed long blade features a curved Daedric blade with jagged edges and an ebon-hued hilt wrapped in dark leather.
Morrowind.esm,cephalopod_helm_HTNK,Gothren's Cephalopod Helm,"A bulbous helmet shaped like a cephalopod head, featuring textured tentacles curling down the sides and a smooth, rounded crown."
Morrowind.esm,cuirass_savior_unique,Cuirass of the Savior's Hide,A sculpted cuirass of tanned leather with a distinctively ridged torso and fitted shoulder guards.
Morrowind.esm,misc_dwrv_artifact80,Dwemer Centurion Plans,A rolled parchment of yellowed vellum bearing precise geometric diagrams and mechanical schematics rendered in faded ink.
Morrowind.esm,bk_oldways,The Old Ways,"A rectangular octavo volume bound in worn leather covers, with a faded parchment spine and dark inked text across the pages."
Morrowind.esm,key_malpenixblonia_01,Malpenix Blonia's Key,"A simple iron key with a flat rectangular bow, a short shaft, and a single rectangular tooth at the bit."
Morrowind.esm,bk_letterfromjzhirr,Letter From J'Zhirr,A creased parchment scroll bearing a brief handwritten message in dark ink across its unadorned surface.
Morrowind.esm,bk_saryoni_note,note from the Archcanon,"A folded parchment scroll bearing handwritten text from the Archcanon, showing slightly yellowed edges and a loosely tied cord."
Morrowind.esm,sc_elementalburstfire,Scroll of Elemental Burst:Fire,A tightly wound parchment scroll features charred edges and a wax seal stamped with a flame motif.
Morrowind.esm,p_fortify_intelligence_s,Standard Fortify Intelligence,A rounded glass vial of pale golden liquid sealed with a simple cork stopper and containing a standard fortifying brew.
Morrowind.esm,key_hinnabislaves_01,Hinnabi Slave Key,"A standard-shaped iron key with a plain rectangular bow, short shaft, and single simple tooth intended for unlocking restraints."
Morrowind.esm,bk_corpsepreperation3_c,Corpse Preparation v III,"A thick octavo volume bound in dark leather covers, with a faded spine and yellowed pages."
Morrowind.esm,chitin arrow,Chitin Arrow,A slender arrow fitted with a barbed chitin head and fletched with short flight feathers.
Morrowind.esm,Detect_Enchantment_ring,Detect Enchantment Ring,"A finely crafted ring of expensive design, featuring ornate metalwork and a polished central setting."
Morrowind.esm,ring of transfiguring wisdom,Ring of Transfiguring Wisdom,An extravagant gold ring fashioned with a prominent raised setting and ornate filigree along the polished band.
Morrowind.esm,artifact_blood_ring,Blood Ring,"A thick crimson ring carved from dark, polished stone and banded with twisted copper wire along the outer edge."
Morrowind.esm,steel warhammer of smiting,Steel Warhammer of Smiting,A heavy two-handed steel warhammer features a thick rectangular head mounted on a long reinforced haft.
Morrowind.esm,wooden staff of war,Wooden Staff of War,"A stout two-handed staff of plain, pale wood features a smooth shaft and a rounded, unadorned head."
Morrowind.esm,misc_dwrv_coin00,Dwemer Coin,"A thick, octagonal coin of dull golden metal bears worn geometric engravings across its flat faces."
Bloodmoon.esm,BM nordic silver axe,Nordic Silver Axe,"A one-handed silver axe featuring a curved blade mounted on a carved haft, built in the Nordic style."
Morrowind.esm,bk_progressoftruth,Progress of Truth,"A quarto-sized book with an open, worn cover and thick pages bound along the spine."
Morrowind.esm,key_obscure_alit_warren,Worn Key,"A small, tarnished iron key with a simple, standard-cut bit and a plain bow."
Morrowind.esm,ring of toxic cloud,Ring of Toxic Cloud,A common brass ring with a wide band and a raised circular bezel holding a dull greenish stone.
Morrowind.esm,p_fortify_endurance_e,Exclusive Fortify Endurance,"A tall, slender glass bottle with a rounded base holds a viscous amber liquid sealed with a wax stopper."
Tribunal.esm,expensive_skirt_Mournhold,Expensive Skirt,A finely tailored Mournhold skirt featuring deep burgundy fabric and subtle decorative patterns along the hem.
Morrowind.esm,robe_of_erur_dan,Robe of Erur-Dan the Wise,"A rust-brown robe with a lighter sash tied around the waist and long, draping sleeves."
Morrowind.esm,p_lightning shield_b,Bargain Lightning Shield,"A thin, cheaply made liquid sloshes within a small, chipped glass flask secured by a crude cork stopper."
Morrowind.esm,wild shardsword,Wild Shardsword,"A short Dwemer blade of golden metal features a geometric hilt and jagged, shard-like edges along its length."
Morrowind.esm,foe-grinder,Foe-Grinder,A simple circular band of inexpensive metal forms this unadorned common finger ring.
Morrowind.esm,p_restore_speed_q,Quality Restore Speed,"A tapered, stoppered glass flask containing a thin, bright green liquid with subtle swirling patterns."
Morrowind.esm,exquisite_amulet_01,Exquisite Amulet,"A finely crafted amulet built from polished metal, bearing an intricate central setting and delicate ornamental filigree along the outer rim."
Tribunal.esm,boots_apostle_unique_x,Boots of the Apostle,Ornate leather boots feature segmented plating and sweeping wing-shaped greaves polished to a golden sheen.
Morrowind.esm,amulet of domination,Amulet of Domination,"A circular bronze amulet hangs from a slender chain, centered with a raised metallic boss."
Morrowind.esm,Light_De_Candle_22,Candle,"A red wax cylinder sits in a small brass holder, its molded top supporting a short, lit wick."
Morrowind.esm,bk_honorthieves,Honor Among Thieves,An open octavo book features a weathered leather binding and exposed text pages between two worn covers.
Morrowind.esm,common_glove_right_01,Common Right Glove,A simple right-hand glove tailored from sturdy plain cloth with unadorned edges and no visible ornamentation.
Bloodmoon.esm,BM bear boots,Bear Boots,Thick boots crafted from shaggy brown bear hide with crude stitching and heavy leather soles.
Morrowind.esm,key_arvs-drelen_cell,Arvs-Drelen Cell Key,"A simple wrought-iron key with a flat, notched blade and a looped bow handle."
Morrowind.esm,light_com_torch_01_200,Torch,"A wooden stick wrapped with cloth at one end, designed to hold a flame for portable illumination."
Morrowind.esm,iron shardblade,Iron Shardblade,"A crude iron short blade with a jagged, shard-like edge and a simple utilitarian hilt."
Morrowind.esm,blood despair amulet,Blood Despair Amulet,A costly circular amulet features a polished central gemstone set within an ornate metallic frame.
Morrowind.esm,common_robe_05_c,Common Robe,"A simple, long-sleeved garment of coarse, undyed fabric with a plain hood and an unadorned waist sash."
Morrowind.esm,devil cephalopod helm,Devil Cephalopod Helm,"A dark helmet shaped like a horned cephalopod head, featuring twisted tentacles curling down around the face."
Morrowind.esm,bk_istunondescosmology,A Less Rude Song,"A tall octavo volume bound in worn leather covers, with a faded title stamped across the spine."
Morrowind.esm,Light_Com_Candle_12_Off,Pewter Candlestick,"A plain pewter candlestick formed with a wide circular base, a slender central column, and a small cup at the top."
Morrowind.esm,extravagant_pants_01,Extravagant Pants,These well-tailored trousers feature a richly dyed fabric and a refined cut suited to expensive tastes.
Morrowind.esm,steel viperskewer,Steel Viperskewer,"A long two-handed steel spear fitted with a narrow, piercing blade designed to skewer serpentine targets."
Bloodmoon.esm,misc_de_bowl_glass_yellow_01,Yellow Glass Bowl,A shallow bowl of translucent yellow glass with smoothly curving sides and a rounded rim.
Morrowind.esm,bk_Mysticism,Mysticism,"A quarto-sized book bound in worn leather covers, its thick pages filled with dense, scholarly text."
Morrowind.esm,sc_mageweal,Scroll of Mageweal,"A tightly wound parchment scroll secured with a worn cord, featuring faded ink script across its yellowed surface."
Morrowind.esm,light_de_candle_15_off,Brass Candlestick,"A slender brass rod rises from a wide circular base, supporting a small cupped holder for a candle."
Morrowind.esm,common_glove_r_moragtong,Black Right Glove,A fitted black right glove bearing the distinctive stitched insignia of the Morag Tong assassin guild.
Bloodmoon.esm,steel_greaves_ancient,Ancient Steel Greaves,Darkened steel greaves shaped to sheathe the legs show pitted surfaces and the corroded remnants of their polished finish.
Morrowind.esm,zenithar_whispers,Zenithar Whispers,An exquisite amulet of precious metal crafted in a delicate openwork pattern and suspended from a fine chain.
Tribunal.esm,book_dwe_power_con00,Old Dwemer Book,"A thick quarto-sized book bound in dark, cracked leather covers with faded gilt edges and yellowed pages."
Morrowind.esm,light_de_candle_red_02_64,Bamboo Candlestick,"A jointed bamboo stalk forms this candlestick, supporting a red wax candle at its top."
Morrowind.esm,Mountain Spirit,Mountain Spirit,A molded bonemold cuirass with a prominent chest plate and angular shoulder flanges shaped from resin-reinforced bone.
Morrowind.esm,p_fortify_intelligence_q,Quality Fortify Intelligence,"A tall, rounded glass flask holds a swirling, luminescent blue liquid sealed with a polished cork stopper."
Morrowind.esm,indoril cuirass,Indoril Cuirass,A golden-bronze cuirass of layered plates with flared shoulder guards and a prominent central ridge.
Morrowind.esm,sc_almsiviintervention,Scroll of Almsivi Intervention,A tightly wound parchment scroll bearing faded script and worn decorative lettering across its yellowed surface.
Morrowind.esm,steel flameaxe,Steel Flameaxe,"A one-handed steel axe with a wide, curved blade and a short, sturdy haft fitted for close combat."
Morrowind.esm,misc_com_silverware_fork,Fork,A slender silver eating implement with four narrow tines and a plain handle.
Morrowind.esm,misc_dwarfbone_unique,Dwarven Bone,"A thick yellowed bone of indeterminate origin, weathered and pitted, with one jagged splintered end and a smooth joint socket."
Morrowind.esm,warhammer of wounds,Warhammer of Wounds,"A heavy two-handed warhammer of golden-bronze Dwemer metal, featuring a massive blocky head and a long reinforced shaft."
Morrowind.esm,key_aldsotha,Small Key,"A small iron key with a plain rectangular bow and a simple single-cut bit, showing dark tarnish along its shaft."
Bloodmoon.esm,misc_flask_01,Flask,"A round-bodied glass flask with a narrow cylindrical neck and a flared rim, its transparent surface slightly clouded with age."
Morrowind.esm,Nuccius_ring,Nuccius's Cursed Ring,"An extravagant ring crafted from polished gold, featuring a wide band and an ornate circular setting holding a dark gemstone."
Morrowind.esm,Akatosh's Ring,Akatosh's Ring,"An exquisite gold ring bearing the sacred symbol of the Dragon God, crafted with ornate detailing and polished to a bright sheen."
Morrowind.esm,key_divayth02,Divayth's 738th Key,"A small brass key with a simple bit and a plain bow, marked with the number seven hundred thirty-eight."
Morrowind.esm,spell_breaker_unique,Spell Breaker,"A heavy round shield forged from dark dwarven metal, its polished face bearing a prominent central boss and radiating geometric engravings."
Tribunal.esm,Ebony Scimitar,Ebony Scimitar,A curved single-edged long blade of polished black ebony features a sweeping guard and an angular pommel.
Morrowind.esm,Adusamsi's_robe,Adusamsi's Robe,A finely woven expensive robe featuring elegant tailoring and richly dyed fabric with subtle decorative stitching.
Morrowind.esm,key_Sarano_chest,Key to Sarano chest,"A simple brass key with a flat, notched blade and a plain rectangular bow, its bit cut for a standard lock."
Morrowind.esm,dire viper bolt,Dire Viperbolt,"A slender bonemold bolt tipped with a sharply pointed head and fletched with short, dark feathers."
Morrowind.esm,sarandas_shoes_2,Designer Shoes,Elegant low shoes of fine leather are shaped with a tapered toe and detailed by subtle stitching along the upper.
Morrowind.esm,misc_skull10,Servant's Skull,"A yellowed human skull missing its lower jawbone, featuring a rounded cranium and dark hollow eye sockets."
Bloodmoon.esm,steel_greaves,Steel Greaves,Polished steel plates shaped to sheathe the upper legs are secured by thick leather straps and riveted hinges.
Morrowind.esm,bk_corpsepreperation2_c,Corpse Preparation v II,"A thick octavo volume bound in dark leather covers, its spine bearing faded ink title markings."
Morrowind.esm,heart wall,Heart Wall,"A bonemold cuirass shaped from dark resin and polished bone plates into a rigid, close-fitting torso shell."
Morrowind.esm,writ_brilnosu,Honorable Writ of Execution,"A tightly rolled paper scroll bearing official script, secured with a dark wax seal across its edge."
Tribunal.esm,misc_clothbolt_02_uni,Bolt of Cloth,"A tightly wound cylindrical bolt of plain woven fabric, secured with a simple cord around its smooth, unadorned surface."
Morrowind.esm,steel jinksword,Steel Jinksword,A forged steel shortsword with a tapered double-edged blade and a straight crossguard mounted on a leather-wrapped hilt.
Morrowind.esm,BookSkill_Mysticism2,"2920, Sun's Dawn",A thick octavo volume bound in worn brown leather with a faded gilt sun emblem stamped on the spine.
Morrowind.esm,ingred_6th_corprusmeat_07,Small Corprusmeat Hunk,"A small, raw hunk of diseased corprus meat with a mottled reddish surface and irregular, pulpy edges."
Morrowind.esm,key_vivec_arena_cell,Arena Cell Key,"A tarnished brass key with a rectangular bow and a simple, two-pronged bit."
Morrowind.esm,glass throwing knife,Glass Throwing Knife,"A slender, leaf-shaped throwing blade carved from translucent green glass tapers to a needle-sharp tip."
Morrowind.esm,dreugh staff,Dreugh Staff,"A tall two-handed staff carved from rough dreugh shell, its chitinous surface tapering into a pitted, organic grip."
Morrowind.esm,steel arrow,Steel Arrow,A slender steel-tipped arrow fletched with plain feathers and fitted to a straight wooden shaft.
Morrowind.esm,bookskill_illusion3,Incident in Necrom,"A thick octavo bound in worn dark leather, featuring a faded title stamped across the spine."
Bloodmoon.esm,storm helm,Storm Helm,"A bonemold helmet shaped with a tall, angular crest and reinforced with dark resin along the jaw and brow."
Morrowind.esm,scamp slinker belt,Scamp Slinker Belt,"A common leather belt fitted with a simple metal buckle, crafted for securing garments at the waist."
Tribunal.esm,adamantium_claymore,Adamantium Claymore,"A heavy two-handed long blade forged from polished adamantium, featuring a broad crossguard and a long double-edged blade."
Morrowind.esm,iron flamesword,Iron Flamesword,A forged iron longsword bearing a blade with flame-like edges and a simple crossguard hilt.
Morrowind.esm,p_fortify_endurance_s,Standard Fortify Endurance,A small rounded glass vial contains a pale amber liquid sealed with a simple cork stopper.
Morrowind.esm,sc_reddeath,Scroll of Red Death,A tightly rolled parchment scroll bound between two plain wooden dowels with faded crimson wax seals.
Morrowind.esm,poisoneater robe,Poisoneater Robe,"An extravagant, tightly tailored robe of vivid green silk with wide sleeves and a high, stiff collar."
Morrowind.esm,light_de_lantern_06_256,Glass Lantern,Rectangular glass panes are enclosed by a dark metal frame fitted with a looped carrying handle.
Tribunal.esm,Misc_Com_Redware_Cup,Cup,"A small redware cup with a rounded bowl and a sturdy handle, shaped from smooth reddish clay."
Morrowind.esm,apparatus_m_retort_01,Master's Retort,A thick-walled glass retort features a spherical body and a long angled neck for distilling alchemical mixtures.
Morrowind.esm,bk_seydaneentaxrecord,Tax Record,"A rolled parchment scroll secured with a worn tie, featuring densely scripted tax notations across its yellowed surface."
Morrowind.esm,flamemirror robe,Flamemirror Robe,An extravagant robe of shimmering red-orange fabric with wide sleeves and a mirrored surface reflecting surrounding light.
Morrowind.esm,daedric_pauldron_right,Daedric Right Pauldron,A heavy right shoulder plate of blackened metal with sharp ebony spikes and curved Daedric flanges.
Morrowind.esm,key_shushishi,Bandit's Key,"A plain iron key featuring a squared bow and a flat, notched blade extending from one side."
Morrowind.esm,bk_redorancookingsecrets,Redoran Cooking Secrets,"A quarto-sized book bound in worn reddish-brown leather, featuring a plain spine and unadorned cover boards."
Morrowind.esm,weeping robe,Weeping Robe,"A long, expensive robe of dark fabric features wide sleeves and subtle, ornamental stitching along the hem."
Bloodmoon.esm,ingred_heartwood_01,Heartwood,"A rough, reddish-brown slab of dense interior wood bearing deep natural grain lines and jagged edges."
Morrowind.esm,apparatus_m_alembic_01,Master's Alembic,"A polished brass alembic features a rounded cucurbit, a tapering spout, and a glass condensation bulb."
Morrowind.esm,p_fortify_fatigue_s,Standard Fortify Fatigue Potion,A small rounded glass vial of pale amber liquid sealed with a plain cork stopper and fitted with a narrow neck.
Morrowind.esm,robe of trials,Robe of Trials,An expensive full-length robe of deep green fabric with wide sleeves and a tightly gathered collar.
Morrowind.esm,we_temreki,"Temreki, Shackler of Souls",A heavy iron claymore with a broad two-handed grip and a long straight blade.
Morrowind.esm,bk_saryonisermonsmanuscript,Saryoni's Sermons Manuscript,"A bound folio manuscript with handwritten pages, the inked text visible across the gathered leaves."
Morrowind.esm,BookSkill_Conjuration1,Feyfolken II,"A quarto-sized book bound in worn leather covers, its thick pages filled with dense ink script."
Morrowind.esm,daedric_boots,Daedric Boots,Heavy obsidian boots forged from dark ebony feature jagged Daedric spines and sharp angular plates.
Morrowind.esm,founder's belt,Founder's Belt,An extravagant belt crafted from fine leather with an ornate buckle and decorative metal fittings along its length.
Tribunal.esm,amulet_gaenor,Gaenor's Amulet,An ornate circular amulet featuring a large central gemstone set within elaborate gold metalwork.
Morrowind.esm,light_com_candle_10,Silver Candlestick,"A polished silver candlestick holds a pale wax candle, its sturdy stem rising to a wide, circular drip pan."
Bloodmoon.esm,BM nord leg,Severed Nord Leg,"A pale severed Nord leg severed at the knee joint, with dried bloodstains darkening the torn flesh and exposed bone."
Morrowind.esm,firestone,Firestone,A simple copper ring set with a reddish-orange stone mounted in a plain rounded bezel.
Morrowind.esm,p_restore_luck_q,Quality Restore Luck,"A tall, angular glass vial of green liquid is sealed with a fitted stopper and features a decorative base."
Morrowind.esm,bookskill_spear5,"36 Lessons of Vivec, Sermon 35","A small octavo volume bound in leather, its tightly stitched pages secured between plain, unadorned covers."
Morrowind.esm,sc_summonfrostatronach,Scroll of Summon Frost Atronach,A tightly wound parchment scroll features a pale blue wax seal and faint frost patterns along its curled edges.
Morrowind.esm,common_robe_05_a,Common Robe,"A simple, long-sleeved robe of coarse, plain-woven fabric with a modest, unadorned cut."
Morrowind.esm,p_fortify_strength_b,Bargain Fortify Strength,"A cheap, thin-glass vial of murky reddish liquid sealed with a rough cork stopper."
Morrowind.esm,evil eye charm,Evil Eye Charm,"A common circular amulet strung on a thin cord, centered with a pale orb resembling a staring eye."
Morrowind.esm,sc_radiyasicymask,Scroll of Radiya's Icy Mask,"A tightly wound parchment scroll with yellowed edges and a worn, darkened wax seal securing the curled, fibrous surface."
Bloodmoon.esm,BM Wolf right pauldron,Wolf Right Pauldron,"A right pauldron crafted from layered wolf pelts, featuring coarse gray fur over rigid leather backing."
Morrowind.esm,bk_letterfromgadayn,Letter from Gadayn,"A rolled parchment scroll bearing a handwritten message, its curled edges and yellowed surface suggesting age and careful handling."
Morrowind.esm,bk_lustyargonianmaid,The Lusty Argonian Maid,"A thick octavo volume bound in worn covers, its spine bearing the printed title of a titillating tale."
Morrowind.esm,glass_greaves,Glass Greaves,Translucent green glass plates shaped into shin guards are fitted together with angular bronze hinges at the joints.
Morrowind.esm,ingred_green_lichen_01,Green Lichen,"A pale green, flat, leafy lichen with crinkled edges and a slightly powdery surface."
Tribunal.esm,book_dwe_pipe00,Old Dwemer Book,"A weathered octavo-sized Dwemer book lies open, its brass-bound spine securing thick, discolored pages of faded script."
Morrowind.esm,amulet_Pop00,Pop's Amulet,"A circular gold amulet hangs from a slender chain, its polished surface bordered by fine ornamental grooves."
Morrowind.esm,glass netch dagger,Glass Netch Dagger,"A short blade of translucent green glass, its hilt sculpted into sweeping curves resembling netch tentacles."
Bloodmoon.esm,misc_com_tankard_01,Tankard,A sturdy cylindrical wooden drinking vessel with a flat base and a small curved handle.
Morrowind.esm,blood belt,Blood Belt,A wide leather belt dyed a deep crimson hue and fitted with a polished dark metal buckle.
Morrowind.esm,bk_RealNerevar,The Real Nerevar,A bound octavo volume bearing a title that promises truth regarding the legendary Nerevar on its cover.
Morrowind.esm,nordic claymore,Nordic Claymore,A heavy two-handed long blade with a broad steel blade mounted on a cross-hilted wooden grip.
Morrowind.esm,ghost charm,Ghost Charm,"An ornate metal pendant with intricate metalwork framing a central gemstone, suspended from a fine chain."
Morrowind.esm,Stormkiss,Stormkiss,"A two-handed Nordic battle axe forged from dark iron, featuring a thick double-edged blade and a long reinforced wooden haft."
Morrowind.esm,amulet_skink_unique,Skink's Amulet,An extravagant amulet of polished gold and inset gems suspended from a fine chain.
Bloodmoon.esm,bk_BM_Stockcert,EEC Stock Certificate,"An open parchment scroll bears the printed text of an East Empire Company stock certificate on its aged, curling surface."
Bloodmoon.esm,BM_Wool02_shoes,Common Shoes,"Simple wool shoes with a plain woven upper and a sturdy, unadorned sole for everyday wear."
Morrowind.esm,bk_Nerano,Note from Bakarak,"A rolled parchment scroll bearing a handwritten note, its pale surface creased from folding."
Morrowind.esm,bookskill_destruction1,The Horror of Castle Xyr,"A thick octavo book bound in dark, worn leather covers, its spine lined with faded, cracked stitching."
Morrowind.esm,bookskill_mysticism1,The Firsthold Revolt,"A quarto-sized book with a plain cover and simple binding, showing no visible ornamentation or distinctive markings."
Morrowind.esm,key_nund,Simple Key,"A simple iron key with a flat, rectangular bow and a notched blade extending from a rounded shoulder."
Morrowind.esm,bk_BriefHistoryEmpire4,Brief History of the Empire v 4,A quarto-sized book bound in worn brown leather with a plain spine and unadorned covers protecting its gathered pages.
Tribunal.esm,netch_leather_boots,Netch Leather Boots,"Boots crafted from boiled netch leather feature a segmented, overlapping construction and a rough, mottled brown surface."
Bloodmoon.esm,silver longsword,Silver Longsword,"A slender one-handed long blade forged from polished silver, featuring a straight double-edged blade and an elegant crossguard."
Tribunal.esm,King's_Oath,King's Oath,A black Daedric claymore forged from obsidian-like metal with sharp angular edges and a sweeping two-handed grip.
Morrowind.esm,bookskill_mystery5,"Mystery of Talara, Part 5","A thick octavo volume bound in worn leather covers, with faded gilt lettering decorating the spine."
Morrowind.esm,p_fortify_magicka_e,Exclusive Fortify Magicka,"A tall, slender glass vial with a rounded base holds a shimmering blue liquid sealed by a golden stopper."
Morrowind.esm,writ_sadus,Honorable Writ of Execution,"A tightly rolled paper scroll bearing official text, secured with a dark wax seal."
Bloodmoon.esm,misc_com_bottle_09,Bottle,"A tall, narrow-necked glass bottle with a rounded base and a simple cork stopper."
Morrowind.esm,sc_elementalburstshock,Scroll of Elemental Burst:Shock,A tightly wound parchment scroll bearing elemental shock symbols across its yellowed surface.
Bloodmoon.esm,amulet of infectious charm,Amulet of Infectious Charm,An expensive gold amulet suspends a polished gemstone from a delicate chain of interlocking metal links.
Morrowind.esm,amulet of water walking,Amulet of Water Walking,"A circular common-metal amulet strung on a cord, centered with a polished blue stone evoking flowing water."
Morrowind.esm,light_de_lantern_02_128,Glass Lantern,"A transparent green glass lantern with a cylindrical body, a domed top, and a small handle for carrying or hanging."
Morrowind.esm,sanguineringtransfigurw,Ring of Sanguine Transfiguring,"An extravagant ring features a thick gold band supporting a prominent, ornately carved gemstone setting."
Morrowind.esm,probe_apprentice_01,Apprentice's Probe,"A slender, tarnished steel probe with a hooked tip and a simple crossguard handle wrapped in worn leather."
Morrowind.esm,key_divayth00,Divayth's 637th Key,"A small, plain metal key showing no distinctive ornamentation or markings beyond its standard cut teeth."
Tribunal.esm,bk_LivesOfTheSaints,Lives of the Saints,"A rectangular octavo-sized book bound in worn leather, featuring a plain spine and unadorned covers."
Tribunal.esm,chitin cuirass,Chitin Cuirass,A cuirass of reddish-brown chitin plates bound together with sinew over a dark leather backing.
Morrowind.esm,key_Venim,"Key engraved ""Venim""",A standard metal key engraved with the word Venim on its flat bow.
Morrowind.esm,Gold_100,Gold,"A thick, circular gold coin bearing faded imperial insignia on its worn, lustrous surface."
Tribunal.esm,Indoril_Almalexia_Pauldron_R,Her Hand's Right Pauldron,"A gold-trimmed right pauldron of layered indoril plates, its ornate construction sweeping over the shoulder and upper arm."
Morrowind.esm,key_sarethimanor_01,Llethri Manor Key,A standard brass key with a flat oval bow and a cut bit extending from a short cylindrical stem.
Morrowind.esm,key_chest_brilnosullarys_01,Hlormaren Wizard's Key,"A small brass key cut with standard ward-notches along its simple, unadorned blade."
Morrowind.esm,imperial right gauntlet,Imperial Steel Right Gauntlet,A steel right hand guard shaped to the knuckles and fitted with articulated finger plates.
Morrowind.esm,netch_leather_boiled_cuirass,Boiled Netch Leather Cuirass,"A hardened, boiled netch leather cuirass with a darkened, rigid hide shaped to cover the torso."
Morrowind.esm,Maras_Skirt,Mara's Skirt,"A simple, unadorned ankle-length cloth skirt featuring a gathered waistband and a loose, flowing silhouette."
Morrowind.esm,p_fortify_magicka_b,Bargain Fortify Magicka,"A small, cheaply blown glass flask with a narrow neck and round bottom, stoppered with a cork."
Bloodmoon.esm,silver shardaxe,Silver Shardaxe,"A polished silver one-handed axe features a broad, shard-like blade mounted on a short metallic haft."
Morrowind.esm,sc_telvinscourage,Scroll of Telvin's Courage,A tightly rolled parchment scroll bound with a worn cord features faded script and discolored edges.
Tribunal.esm,silver dagger_rathalas_unique,Rathalas Dagger,A slender silver dagger with a tapered double-edged blade and a polished crossguard fitted to a fluted grip.
Bloodmoon.esm,bk_BM_Aevar,The Story of Aevar Stone-Singer,"A rolled parchment scroll bound with a faded cord, featuring aged yellowed edges and tightly wound cylindrical form."
Morrowind.esm,bk_Ajira1,Ajira's Mushroom Report,"A rolled parchment scroll with frayed edges and a darkened, worn surface, tied loosely with a thin cord."
Morrowind.esm,bk_RealBarenziah1,The Real Barenziah v I,A quarto-format volume bound in worn leather covers with faded gilt lettering on the spine.
Tribunal.esm,iron mace,Iron Mace,A heavy one-handed blunt weapon featuring a dark iron head with thick flanges mounted on a sturdy haft.
Morrowind.esm,shield of the undaunted,Shield of the Undaunted,"A chitin shield shaped from lacquered insect resin and reinforced with dark, segmented ridges along the border."
Morrowind.esm,BookSkill_Short Blade3,"2920, Evening Star","A thick octavo volume bound in worn brown leather, its gilt-edged pages secured within a sturdy cover."
Morrowind.esm,bk_provinces_of_tamriel,Provinces of Tamriel,"A tightly wound parchment scroll secured with a worn cord, featuring faded ink script detailing regional geography across its yellowed surface."
Tribunal.esm,belt_goval,Ralen Family Belt,"A common leather belt fastened with a simple metal buckle, bearing the Ralen family insignia stamped into the strap."
Morrowind.esm,bk_guide_to_vivec,Guide to Vivec,"A rolled parchment scroll secured with a worn tie, featuring densely inked script across its yellowed surface."
Morrowind.esm,BookSkill_Alteration3,Sithis,"An open octavo volume featuring a dark, worn binding and exposed pages of faded, closely written text."
Morrowind.esm,orcish_cuirass,Orcish Cuirass,"Constructed from heavy overlapping plates of bronze metal, the angular cuirass features broad, layered shoulder guards."
Morrowind.esm,crimson despair amulet,Crimson Despair Amulet,"A crimson gemstone set within an expensive gold wire frame, suspended from a delicate matching chain."
Morrowind.esm,sc_restoration,Scroll of Restoration,"A tightly wound parchment scroll features faded ink script and worn, curling edges bound by a frayed cord."
Tribunal.esm,key_thendas,Thendas key,"A plain wrought-iron key with a simple rectangular bow, a short shaft, and a single blunt tooth."
Morrowind.esm,common_skirt_04,Common Skirt,"A tailored Imperial skirt of sturdy woven fabric, cut to fall loosely from the waist down to the ankles."
Morrowind.esm,ebony_shield,Ebony Shield,"A heavy shield formed from polished black ebony metal, featuring a curved rectangular body and reinforced central boss."
Morrowind.esm,key_shaadniusslaves_01,Sha-Adnius Slave Key,"A simple brass key with a standard iron bow and cut bit, fitted to a plain ring."
Morrowind.esm,p_chameleon_q,Quality Potion of Shadow,"A tall, angular glass vial sealed with a dark stopper holds a murky, shadow-hued liquid."
Morrowind.esm,p_levitation_e,Exclusive Rising Force Potion,"A tall, slender glass vial sealed with a faceted stopper contains a pale, swirling liquid."
Morrowind.esm,sc_drathiswinterguest,Scroll of Drathis' Winter Guest,A tightly rolled parchment scroll secured with a knotted cord and fitted with wooden end caps.
Bloodmoon.esm,BM nordic_longsword_tracker,Nordic Silver Longsword,"A long-bladed one-handed sword forged from pale silver metal, fitted with a crossguard and a grip wrapped in dark leather."
Tribunal.esm,dwemer_shield_battle_unique,Dwemer Battle Shield,"A heavy rectangular bronze shield with rounded corners, riveted bands, and geometric Dwemer relief patterns across its face."
Morrowind.esm,p_frost_resistance_q,Quality Frost Resistance,"A tapered green glass vial sealed with a cork stopper, containing a pale blue liquid swirling with icy flecks."
Morrowind.esm,key_standard_01_darvam hlaren,Darvam Hlaren's Key,"A small iron key with a simple rectangular bow and a single-toothed bit, fitted with a plain ring."
Bloodmoon.esm,misc_com_wood_cup_01,Cup,A simple wooden cup carved from a single block of pale timber with a rounded bowl and a sturdy flat base.
Morrowind.esm,misc_com_silverware_spoon,Spoon,A slender silver spoon with an elongated oval bowl and a narrow handle tapering to a rounded terminal.
Tribunal.esm,bk_Alen_note,handwritten letter,"A folded parchment scroll bearing handwritten ink lettering across its yellowed, slightly creased surface."
Morrowind.esm,ring of the black hand,Ring of the Black Hand,A thick expensive ring of dark metal bearing an engraved black hand symbol on its wide circular face.
Morrowind.esm,blessed_tower_shield,Blessed Tower Shield,A tall rectangular steel tower shield reinforced with a central metal boss and fitted with sturdy leather straps.
Bloodmoon.esm,BM_wolf_greaves_snow,Snow Wolf Greaves,Pale white wolf pelts stitched over flexible leather to form fitted leg armor covering the thighs and shins.
Morrowind.esm,steel longsword,Steel Longsword,"A steel longsword with a leaf-shaped blade, a straight crossguard, a dark grip, and a round pommel."
Morrowind.esm,index_valen,Valenvaryon Propylon Index,A faceted crystalline shard of pale blue stone carved with angular geometric lines and polished to a smooth translucent finish.
Morrowind.esm,wild shardblade,Wild Shardblade,"A short glass blade tapers to a jagged tip, its translucent green surface catching light along the faceted edges."
Tribunal.esm,Indoril_Almalexia_Greaves,Her Hand's Greaves,Gold-trimmed indigo greaves shaped from layered chitin plates protect the upper legs with ornate ceremonial craftsmanship.
Morrowind.esm,bk_BrownBook426,Brown Book of 3E 426,"A slim brown volume bound in worn leather covers, its octavo pages secured by a plain cord binding."
Morrowind.esm,key_yakanalitslaves_01,Yakanalit Slave Key,"A simple iron key with a flat, toothed blade and a plain bow."
Morrowind.esm,key_yinglingbasement,Yngling Manor Basement Key,A plain iron key with a simple toothed blade and a flat rectangular bow intended for Yngling Manor's basement lock.
Morrowind.esm,templar bracer left,Imperial Templar Left Bracer,"A segmented steel left bracer shaped to guard the forearm, fitted with leather straps and bearing Imperial heraldic engravings."
Morrowind.esm,key_nelothtelnaga2,Key to Tel Naga,"A simple iron key cut with standard wards, intended to open a door within Tel Naga."
Bloodmoon.esm,bm_ring_marksman,Ring of Raven Eye,An expensive gold ring shaped into a stylized raven eye with a polished dark gemstone set at its center.
Tribunal.esm,key_dwe_satchel00,Rusty Dwemer Key,"A corroded bronze key with a simple rectangular bow, a short shaft, and a single blunt ward bit."
Tribunal.esm,silver dagger_othril_unique,Othril Dagger,A slender silver dagger features a tapered double-edged blade and a polished crossguard fitted to a fluted grip.
Morrowind.esm,expensive_glove_right_01,Expensive Right Glove,A well-crafted right glove of fine leather with stitched seams and a fitted cuff for a snug hand fit.
Bloodmoon.esm,sc_GrandfatherFrost,The Song of Grandfather Frost,"A rolled parchment scroll bound with a worn cord, featuring faded ink script across its yellowed, curling edges."
Morrowind.esm,daedric wakizashi,Daedric Wakizashi,A curved short blade with a blackened edge and a dark red hilt wrapped in braided leather.
Bloodmoon.esm,misc_com_wood_cup_02,Cup,A small wooden cup carved from a single block and fitted with a simple rounded handle.
Morrowind.esm,khan belt,Khan Belt,"An extravagant belt crafted from supple leather, featuring an ornate metal buckle and decorative embossing along its length."
Morrowind.esm,grey shaft of nonsense,Grey Shaft of Nonsense,"A grey-painted steel arrow fitted with a slender shaft, a pointed head, and cleanly cut fletching."
Morrowind.esm,light_de_candle_green_01_Off,Bamboo Candlestick,"A segmented bamboo candlestick holds a green candle atop its hollow, jointed stalk."
Morrowind.esm,bookskill_heavy armor5,"36 Lessons of Vivec, Sermon 12","A thick octavo volume bound in worn leather covers, its pages filled with dense script and bearing faded gilt edges."
Morrowind.esm,steel blade of heaven,Steel Blade of Heaven,A short steel blade extends from a crossguard shaped like outstretched dragon wings on a narrow hilt.
Bloodmoon.esm,bk_Airship_Captains_Journal,Airship Captain's Journal,A worn folio of bound pages shows a creased cover and stained edges from extensive handling during voyages.
Morrowind.esm,p_fire_shield_q,Quality Potion of Fire Shield,"A tall, angular glass vial sealed with a brass cap holds a reddish liquid within its clear walls."
Morrowind.esm,key_slave_addamasartus,Addamasartus Slave Key,"A slender iron key with a simple rectangular bow and a notched blade, showing dark spots of age."
Morrowind.esm,key_nelothtelnaga,Key to Tel Naga,A plain iron key cut with standard ward notches and fitted with a simple rounded bow.
Morrowind.esm,key_cabin,Cabin Key,"A simple wrought-iron key with a flat, notched blade and a plain bow for gripping."
Morrowind.esm,key_hlaalo_manor,Hlaalo Manor Key,A standard brass key cut with simple wards and fitted with a plain rectangular bow.
Morrowind.esm,bonemold_bracer_right,Bonemold Right Bracer,"A right forearm bracer of bonemold, shaped from dark resin and bone dust into a segmented, angular guard."
Bloodmoon.esm,BM_Ice_Shield,Ice Shield,"A translucent shield formed from thick, jagged ice slabs, reinforced with frost-rimed metal bands across its surface."
Bloodmoon.esm,sc_Erna,Erna's Note to Brandr,"A folded paper note bearing handwritten text, secured with a simple wax seal across its edge."
Bloodmoon.esm,bk_BM_StoneMap,Locations of the Stones,"A rolled parchment scroll secured by a tied cord, featuring faded ink markings across its yellowed surface."
Morrowind.esm,p_frost_resistance_c,Cheap Frost Resistance,"A small, roughly blown glass vial stoppered with cork and containing pale blue liquid."
Morrowind.esm,dwarven spear,Dwarven Spear,"A long two-handed spear forged from golden Dwemer metal, featuring a tapered leaf-shaped blade mounted on a slender shaft."
Morrowind.esm,sc_didalasknack,Scroll of Didala's Knack,A tightly wound parchment scroll secured with a worn cord bears faded ink script across its yellowed surface.
Morrowind.esm,iron sparkmace,Iron Sparkmace,"A heavy one-handed mace of dark iron, its flanged head built to deliver blunt impacts and bright sparks."
Morrowind.esm,p_slowfall_s,Potion of Slowfalling,A fresh green potion contained in a rounded glass flask with a narrow neck and cork stopper.
Morrowind.esm,key_hodlismod,Simple Key,"A simple iron key with a flat, notched blade and a plain rectangular bow for gripping."
Morrowind.esm,Light_De_Candle_25,Redware Candle,"A simple redware candle formed from reddish-brown clay, featuring a wide shallow dish base and a central upright spout."
Morrowind.esm,exquisite_robe_01,Exquisite Robe,"A long, voluminous robe of finely woven fabric featuring wide sleeves and a deep, enveloping hood."
Morrowind.esm,common_shirt_01_z,Common Shirt,"A simple, loosely woven linen shirt with a plain collar and long sleeves."
Morrowind.esm,bk_shalit_note,Note to Giden,"A folded paper scroll bearing handwritten text addressed to Giden, showing slightly creased edges and faded ink."
Morrowind.esm,bookskill_security5,Surfeit of Thieves,"An open folio with worn pages bound between plain covers, its text detailing the exploits of cunning thieves."
Morrowind.esm,expensive_pants_01_z,Expensive Pants,"Tailored trousers of fine woven fabric in a muted yellowish shade, featuring a smooth front and fitted legs."
Morrowind.esm,ingred_resin_01,Resin,"A translucent, amber-hued chunk of hardened resin with rough, irregular edges and a glossy surface."
Morrowind.esm,light_com_Dae_cursed_candle_10,Silver Candlestick,A slender silver candlestick rises from a round weighted base to a small circular lip holding a stub of wax.
Morrowind.esm,bk_Dren_Hlevala_note,Note to Hlevala,A small sheet of rolled parchment formed into a tight cylinder and bound with a thin cord.
Morrowind.esm,morag_tong_helm,Morag Tong Helm,"A dark leather helmet with a narrow face guard and protective cheek plates, fitted with a distinctive visor."
Bloodmoon.esm,key_nuncius2,Nuncius' key,"A simple iron key with a flat, notched blade and a small looped handle for attaching to a ring."
Tribunal.esm,book_dwe_boom00,Old Dwemer Book,"A thick, open Dwemer book displays worn brass binding and faded, angular text across its broad, yellowed pages."
Morrowind.esm,BookSkill_Athletics5,"36 Lessons of Vivec, Sermon 31","A tall, narrow octavo volume bound in worn leather covers, featuring faded script across its thick pages."
Morrowind.esm,cruel viperarrow,Cruel Viperarrow,"A silver arrow with a narrow, barbed head shaped like a viper's curved fang."
Morrowind.esm,key_falas tomb keepers,Preserved Ancient Key,"A well-preserved old key with a rounded bow and notched bit, its metal surfaces largely free of corrosion."
Morrowind.esm,misc_dwrv_goblet00,Ornate Dwemer Goblet,"A tall brass goblet of Dwemer make, its stem and base ornamented with intricate geometric bands and circular motifs."
Morrowind.esm,key_Ashmelech_chest,Key to Asmelech chest,"A brass key with a flat, ornate bow and a simple, two-toothed bit intended for a temple chest."
Morrowind.esm,gauntlet _horny_fist_l,Left Gauntlet of the Horny Fist,"A left netch leather gauntlet with a reinforced grip and thick, knobby protrusions across the back and fingers."
Morrowind.esm,key_ulvil,Ulvil's Key,"A small brass key with a simple bit and a plain bow, showing minor tarnish along its edges."
Morrowind.esm,bk_guylainesarchitecture,Guylaine's Architecture,"A thick, well-bound folio with a dark leather cover and faded gilt lettering on the spine."
Bloodmoon.esm,light_com_lantern_01,Travel Lantern,A portable oil lantern of brass construction fitted with a protective cage of thin metal ribs surrounding a central flame.
Morrowind.esm,steel throwing star,Steel Throwing Star,"A flat, four-pointed steel throwing star forged with sharpened edges and a small circular hole near its center."
Morrowind.esm,bonebiter_bow_unique,Bonebiter Bow of Sul-Senipul,A short chitin bow reinforced with curved bone limbs and wrapped with rough cord along the grip.
Morrowind.esm,key_telbranoraslaves_01,Tel Branora Slave Key,"A simple iron key with a notched blade and a flat bow, intended for local slave bracers."
Morrowind.esm,firebite dagger,Firebite Dagger,A short dagger fashioned from brown chitin with a narrow tapering blade and organic contours.
Morrowind.esm,light_de_candle_red_02,Bamboo Candlestick,"A segmented bamboo candlestick holds a red candle, the pale wood joints fitted tightly around the slender wax column."
Morrowind.esm,war axe of wounds,War Axe of Wounds,"A heavy one-handed axe forged from brass-colored Dwemer metal, featuring a curved blade and geometric machinery engravings."
Morrowind.esm,brawlers_belt,Brawler's Belt,"A common leather belt fitted with a simple metal buckle, designed to secure garments during physical exertion."
Morrowind.esm,light_de_candle_11,Candle,"A slender wax cylinder fitted with a braided wick, seated in a small plain metal dish."
Morrowind.esm,cleaverstfelms,Cleaver of St. Felms,A single-bladed battle axe with a wide curved iron head mounted on a reinforced wooden haft.
Morrowind.esm,caius_shirt,Caius' Black Shirt,A loose black common shirt of simple cotton weave with a wide neck opening and short sleeves.
Morrowind.esm,dwarven halberd,Dwarven Halberd,"A heavy two-handed halberd forged from bronze Dwemer metal, fitted with a long socketed blade and a stout wooden shaft."
Morrowind.esm,expensive_shirt_01_u,Expensive Shirt,A well-tailored cloth shirt features a close-fitting collar and long sleeves with subtle decorative stitching along the cuffs.
Morrowind.esm,wooden staff of shaming,Wooden Staff of Shaming,A tall wooden staff features a smooth shaft and a rounded knob at the top.
Morrowind.esm,sc_tevralshawkshaw,Scroll of Tevral's Hawkshaw,A tightly wound parchment scroll features aged yellowed edges and two rounded wooden end caps.
Tribunal.esm,iron boots,Iron Boots,Heavy iron boots formed from dark metal plates riveted to thick leather and fitted with buckled straps.
Morrowind.esm,light_de_candle_16_64,Brass Candlestick,A tall brass candlestick featuring a slender cylindrical stem and a wide circular drip pan at its base.
Morrowind.esm,p_magicka_resistance_b,Bargain Magicka Resistance,"A cheap, thin-glass vial of murky liquid sealed with a rough cork and fitted with a simple string loop."
Morrowind.esm,6th bell hammer,Sixth House Bell Hammer,"A heavy two-handed maul with a corroded bronze head and a rough wooden shaft, fitted for ringing large bells."
Morrowind.esm,gauntlet_fists_r_unique,Fist of Randagulf Rt Gauntlet,"A heavy right gauntlet of thick leather and steel plates, its knuckle guard shaped into a massive, clenched fist."
Morrowind.esm,BookSkill_Conjuration2,Feyfolken III,"A quarto-sized book bound in worn leather covers, its spine bearing faded gilt lettering and the numeral three."
Morrowind.esm,key_aharunartusslaves_01,Aharunartus Slave Key,"A plain iron key with a simple rectangular bow and a single-toothed bit, fitted for a standard slave pen lock."
Morrowind.esm,daedric battle axe,Daedric Battle Axe,A heavy two-handed axe forged from blackened metal with sweeping blades and sharp angular protrusions.
Morrowind.esm,flameguard robe,Flameguard Robe,"A full-length hooded robe of common weave, its fabric dyed in warm red and orange tones."
Morrowind.esm,hunter's belt,Hunter's Belt,An expensive leather belt fitted with a polished metal buckle and detailed with fine stitching along the strap.
Morrowind.esm,ring_mentor_unique,Mentor's Ring,A polished gold ring formed into interlocking bands with an engraved geometric pattern across the broad bezel.
Morrowind.esm,light_com_lantern_02_128,Travel Lantern,"A portable oil lantern with a cylindrical metal frame, a domed top, and a protective wire cage surrounding the flame."
Tribunal.esm,netch_leather_gauntlet_right,Netch Leather Right Gauntlet,"A right hand gauntlet of boiled netch leather, shaped with segmented finger plates and a reinforced cuff."
Morrowind.esm,light amulet,Light Amulet,"A common circular amulet of plain metal hangs from a slender chain, bearing no ornamentation."
Morrowind.esm,artifact_amulet of heartheal,Amulet of Heartheal,A round metallic amulet centered with a polished crimson stone and bordered by engraved scrollwork along the outer rim.
Morrowind.esm,steel sparksword,Steel Sparksword,"A leaf-bladed steel longsword features a broad, tapering blade with a flared midsection and a simple crossguard."
Bloodmoon.esm,apparatus_j_calcinator_01,Journeyman's Calcinator,A heat-shaped calcinator of dark metal features a wide-bellied base tapering into a narrow chimney neck.
Morrowind.esm,p_night-eye_e,Exclusive Potion of Night-Eye,"A tall, rounded glass vial sealed with a wax stopper contains a dark, opaque liquid."
Morrowind.esm,bk_guide_to_sadrithmora,Guide to Sadrith Mora,"A tightly wound parchment scroll secured with a worn cord, its yellowed surface covered with dense, dark ink script."
Tribunal.esm,book_dwe_water00,Old Dwemer Book,"A thick octavo volume bound in tarnished brass fittings with dark, heavily creased pages and a worn Dwemer cover."
Morrowind.esm,bonemold long bow,Bonemold Long Bow,"A tall long bow crafted from pale bonemold resin, featuring curved limbs and a wrapped grip."
Morrowind.esm,sc_fifthbarrier,Scroll of The Fifth Barrier,"A tightly wound parchment scroll secured by a cord, featuring faded ink script across its yellowed surface."
Morrowind.esm,key_kind,Kind's Key,"A simple, unadorned iron key with a flat, notched blade and a plain rectangular bow."
Morrowind.esm,sc_ekashslocksplitter,Scroll of Ekash's Lock Splitter,A tightly wound parchment scroll features worn edges and a hollow central tube bound by a frayed cord.
Morrowind.esm,ingred_gravedust_01,Gravedust,"A small heap of pale, powdery ash composed of fine, gritty particles that clump together loosely."
Tribunal.esm,iron_helmet,Iron Helmet,"A dark iron helmet with a rounded skull cap, narrow eye slit, and riveted metal cheek guards."
Morrowind.esm,key_kogoruhn_sewer,Lower Kogoruhn Key,"A plain iron key with a simple rectangular bow and a single-toothed bit, showing dark discoloration along its shaft."
Morrowind.esm,Gold_Dae_cursed_001,Gold,"A small stack of circular golden coins bearing faintly stamped designs on their worn, lustrous surfaces."
Morrowind.esm,cephalopod_helm,Telvanni Cephalopod Helm,"A domed helmet shaped like a cephalopod head, featuring textured tentacles curling down around the facial opening."
Morrowind.esm,iron viperskewer,Iron Viperskewer,"A long two-handed iron spear featuring a narrow, viper-fanged tip mounted on a sturdy wooden shaft."
Bloodmoon.esm,ingred_moon_sugar_01,Moon Sugar,"Fine white crystalline granules are heaped in a small mound, gleaming with a faintly luminous sheen."
Morrowind.esm,misc_com_metal_plate_03,Plate,"A flat, circular metal plate with a slightly raised rim and a polished surface showing faint hammer marks."
Morrowind.esm,light_de_lantern_10_128,Paper Lantern,A rectangular paper lantern with a thin wooden frame and a small candle resting inside.
Bloodmoon.esm,BM_NordicMail_gauntletR,Nordic Mail Right Gauntlet,A right-hand mail gauntlet of interlocking dark metal rings fitted over leather backing with wrist lacing.
Morrowind.esm,amulet of rest,Amulet of Rest,An expensive gold amulet formed from a smooth oval pendant suspended from a slender chain.
Morrowind.esm,steel viperscythe,Steel Viperscythe,"A curved steel blade extends from an elongated hilt, forming a sleek two-handed weapon with a sweeping, fang-like profile."
Morrowind.esm,misc_de_drum_02,Guarskin Drum,A round-bodied drum with a taut pale hide stretched across a shallow wooden frame.
Morrowind.esm,p_restore_personality_e,Exclusive Restore Personality,"A tall, slender glass flask with a narrow neck, filled with a shimmering golden liquid and sealed with a wax stopper."
Tribunal.esm,stendar_hammer_unique_x,Stendarr's Hammer,A massive two-handed warhammer bears a heavy steel head engraved with the symbol of Stendarr atop a thick iron shaft.
Morrowind.esm,iron shardmace,Iron Shardmace,A heavy one-handed mace with an iron head featuring angular protruding shards designed to crush armor.
Morrowind.esm,common_shoes_02,Common Shoes,Simple low leather shoes with rounded toes and thin flat soles laced across the instep.
Morrowind.esm,sarandas_pants_2,Silk Pants,Luxurious silk trousers tailored in an exquisite cut feature subtle decorative stitching along the seams.
Bloodmoon.esm,misc_com_bottle_11,Bottle,"A clear glass bottle with a narrow neck and rounded body, sealed with a wooden stopper."
Morrowind.esm,Recall_Ring,Recall Ring,"A thick gold band features a prominent circular setting holding a polished gemstone, crafted with expensive detailing."
Morrowind.esm,light_de_candle_17_64,Brass Candlestick,"A slender brass candlestick supports a pale wax column, the golden metal shaped with a wide circular base and flared socket."
Morrowind.esm,common_ring_01_fg_nchur03,Common Ring,A plain metal band of simple construction with no ornamentation and a smooth polished finish.
Morrowind.esm,common_pants_01_a,Common Pants,"Simple, loose cloth trousers with a drawstring waist and an unadorned, sturdy plain weave."
Morrowind.esm,fuddle charm,Fuddle Charm,"A common circular amulet strung on a cord, fashioned from plain metal with a small central charm."
Tribunal.esm,misc_de_bowl_01,Bowl,"A smooth, rounded ceramic bowl with gently curving sides and a simple, unadorned rim."
Tribunal.esm,Ebony Scimitar_her,Her Ebony Scimitar,"A curved, single-edged long blade forged from dark ebony metal with a sweeping, widened profile."
Morrowind.esm,steel shardmace,Steel Shardmace,A steel one-handed mace features a heavy cylindrical head bristling with projecting blunt metal spikes.
Bloodmoon.esm,Light_Com_Candle_01,Iron Candlestick,"A simple wrought iron candlestick with a broad circular base, slender column, and a cup to hold a candle."
Morrowind.esm,artifact_heart_ring,Heart Ring,"A slender golden band shaped into a stylized heart, polished to a warm gleam and fitted for a finger."
Tribunal.esm,common_shirt_07,Common Shirt,"A simple, short-sleeved linen shirt with a plain collar and loosely stitched seams."
Morrowind.esm,exquisite_ring_brallion,Brallion's Exquisite Ring,A broad gold ring features an intricate filigree pattern across its polished surface.
Morrowind.esm,devote_Lyngas_Dust_00,Ashes of G. Lyngas,"Fine gray ash from cremated remains, visually indistinguishable from common vampire dust, stored in a small packet."
Tribunal.esm,mazed_band,Barilzar's Mazed Band,"An elaborate golden ring constructed from interlocking bands forming a complex, maze-like pattern across its polished surface."
Tribunal.esm,cuirass_savior_unique_x,Cuirass of the Savior's Hide,"A sculpted leather cuirass with segmented torso plates and pale, smooth hide stretched across the shoulders and back."
Morrowind.esm,daedric_greaves_htab,Daedric Greaves,"Curved obsidian plates with dark ebony banding form these segmented leg guards, each piece edged by sharp Daedric spines."
Morrowind.esm,p_fortify_personality_q,Quality Fortify Personality,A small angular glass vial of refined make contains a bright golden liquid sealed with a fitted stopper.
Morrowind.esm,bonemold_gah-julan_pauldron_l,Gah-Julan Bonemold L Pauldron,"A left shoulder pauldron of bonemold, shaped into overlapping plates with a prominent raised ridge along the upper edge."
Morrowind.esm,ingred_bc_spore_pod,Spore Pod,"A rounded, pale pod covered in small bumps, split open to reveal dark spores within."
Morrowind.esm,p_restore_willpower_s,Standard Restore Willpower,A small rounded glass flask contains a pale amber liquid sealed with a plain cork stopper.
Morrowind.esm,daedric dagger_soultrap,Soul Drinker,A jagged Daedric dagger features an ebon blade and a dark hilt wrapped with crimson cord.
Bloodmoon.esm,ingred_gravetar_01,Gravetar,"A cluster of small, dark red berries with smooth, waxy skins and tiny green stems attached at the crown."
Morrowind.esm,key_shushishislaves,Slave key,"A simple metal key with a rounded bow and notched bit, sized for standard locks."
Bloodmoon.esm,silver vipersword,Silver Vipersword,A slender silver long blade features a curved hilt shaped like a coiled viper with fangs forming the crossguard.
Morrowind.esm,sarandas_amulet,Firejade Amulet,"A polished amulet of warm reddish-orange firejade hangs from a slender metal chain, its smooth surface catching the light."
Morrowind.esm,key_molagmarslaves_01,Molag Mar Slave Key,"A plain iron key with a simple rectangular bow and a single cut bit, fitted for a corresponding slave pen lock."
Tribunal.esm,spell_breaker_unique_x,Spell Breaker,"A heavy rectangular shield forged from dark metal, its broad face deeply embossed with angular geometric patterns."
Tribunal.esm,fine black dart,Fine Black Dart,"A slender steel throwing dart forged with a fine, darkened black finish and a sharply pointed tip."
Bloodmoon.esm,BM silver dagger wolfender,Wolfender Silver Dagger,A short silver dagger with a tapered double-edged blade and a Nordic-style crossguard fitted to a plain hilt.
Bloodmoon.esm,sc_Erna01,Erna's Note to Erna,"A folded paper scroll bearing handwritten text intended for someone named Erna, with slightly creased edges."
Morrowind.esm,sc_inasismysticfinger,Scroll of Inasi's Mystic Finger,"A tightly rolled parchment scroll bound by a knotted cord, with faded ink writing visible across the yellowed surface."
Morrowind.esm,orcish_boots,Orcish Boots,Heavy boots of dark iron with angular overlapping plates and pointed toe guards form this Orcish footwear.
Morrowind.esm,bookskill_long blade4,"36 Lessons of Vivec, Sermon 20","A tall, narrow octavo volume bound in dark leather, its rectangular shape characteristic of this book format."
Morrowind.esm,steel viperslayer,Steel Viperslayer,A large two-handed steel claymore forged with a wide blade tapering to a pronounced thrusting tip.
Morrowind.esm,key_huleen's_hut,Key to Huleen's Hut,"A standard iron key cut with simple wards, attached to a small loop for a ring."
Morrowind.esm,key_j'zhirr,J'zhirr's Key,A small brass key with a simple toothed blade and a flat bow.
Morrowind.esm,rbonemold bracer of horny fist,Bonemold Bracer of Horny Fist,"A right bracer of lacquered bonemold plates shaped over a dark underlayer, fitted for the forearm."
Morrowind.esm,bk_InvocationOfAzura,Invocation of Azura,"A thick octavo volume bound in worn dark leather, with faded gilt symbols stamped across the spine and covers."
Morrowind.esm,key_helvi,Helvi's Key,A simple metal key with a rounded bow and notched blade of standard design.
Morrowind.esm,bk_vivec_murders,Nerevar at Red Mountain,A rolled parchment scroll bearing densely inked lines of text recounting the events at Red Mountain.
Morrowind.esm,teeth,Teeth of the Urshilaku,"A corded necklace strung with small, yellowed teeth carved from bone and worn smooth along the edges."
Bloodmoon.esm,silver arrow_thirsk_0,Silver Arrow,A slender flight arrow fitted with a pointed silver head and pale fletching bound to the pale shaft.
Tribunal.esm,daedric warhammer_ttgd_x,Veloth's Judgement,"A massive two-headed daedric warhammer forged from dark ebony, its heavy rectangular faces bordered by sharp curved projections."
Tribunal.esm,spear_mercy_unique_x,Spear of Bitter Mercy,"A long two-handed spear featuring a slender dark shaft and a narrow, elegantly pointed blade."
Morrowind.esm,sc_tranasasspellmire,Scroll of Tranasa's Spellmire,"A tightly wound parchment scroll features worn edges and a central tie cord securing the curled, yellowed sheet."
Morrowind.esm,spear_of_light,Spear of Light,"A long two-handed spear featuring a polished wooden shaft and a narrow, pointed metal head."
Morrowind.esm,bk_orderfrommollismo,Order From Mollismo,"A plain, unadorned scroll of pale paper rolled around a simple wooden dowel, bearing neatly penned script."
Morrowind.esm,BookSkill_Axe1,The Third Door,"An open quarto volume bound in worn leather, with a title stamped in faded gilt across the front cover."
Morrowind.esm,sc_windform,Scroll of Windform,"A tightly wound parchment scroll bearing faded script, secured by a worn cord."
Morrowind.esm,we_hellfirestaff,Hellfire Staff,A tall two-handed staff of polished black ebony features a spiraling shaft and a finial capped with dark metal.
Morrowind.esm,key_summoning_room,Summoning Room Key,A bronze temple key cast with a ornate handle and a notched blade for unlocking the summoning chamber.
Morrowind.esm,shockguard robe,Shockguard Robe,"A common long-sleeved robe of coarse fabric, loosely cut and unadorned, dyed a deep storm-gray hue."
Morrowind.esm,bk_ynglingletter,Yngling's Letter,"A rolled parchment scroll bound by a cord, featuring aged yellowed surfaces and curling edges."
Morrowind.esm,bk_EggOfTime,The Egg of Time,"A thick, rectangular folio bound with a flat spine and rigid covers enclosing numerous pages."
Morrowind.esm,bk_NoteToAmaya,Note to Amaya,"A tightly rolled parchment scroll secured with a simple cord, its surface covered in handwritten ink."
Morrowind.esm,bonemold_armun-an_cuirass,Armun-An Bonemold Cuirass,"A thick bonemold cuirass with a rounded torso, wide shoulder flanges, and a rough, dark reddish-brown lacquered finish."
Morrowind.esm,gauntlet_fists_l_unique,Fist of Randagulf Left Gauntlet,"A heavy left gauntlet of thick dark leather and riveted metal plates, shaped to encase the fist in formidable armor."
Morrowind.esm,steel club,Steel Club,A stout steel club features a thick haft and a heavy head bristling with short metal spikes.
Morrowind.esm,amulet of slowfalling,Amulet of Slowfalling,An exquisite gold amulet suspends a polished teardrop pendant from a delicate chain of interlocking links.
Morrowind.esm,sc_hellfire,Scroll of Hellfire,"A tightly wound cylindrical scroll of aged parchment, secured with a worn leather strap."
Morrowind.esm,light_de_candle_06_64,Ceramic Candlestick,A pale ceramic candlestick featuring a wide circular base and a slender central spool supporting a small cup.
Tribunal.esm,Indoril_Almalexia_helmet,Her Hand's Helmet,A golden Indoril helmet features tall curved cheek guards and an ornate central crest rising above the face opening.
Morrowind.esm,key_calderaslaves_01,Caldera Slave Key,"A plain iron key with a standard bit and bow, intended for locking shackles in the Caldera slave quarters."
Morrowind.esm,extravagant_robe_01_h,Extravagant Robe,"A voluminous, long-sleeved garment tailored from richly dyed fabric and secured with a wide, ornamental sash at the waist."
Morrowind.esm,daedric warhammer,Daedric Warhammer,A massive two-headed ebony warhammer features a dark shaft and jagged Daedric ornamentation across the heavy striking faces.
Morrowind.esm,Key_Arano_chest,Key to Arano Tomb chest,"A simple iron key with a rectangular bow, short shaft, and single-toothed bit for opening a specific chest."
Morrowind.esm,Light_De_Candle_26,Redware Candle,A red clay candlestick supporting a pale wax cylinder with a steady flame flickering from its blackened wick.
Morrowind.esm,key_tvault,Telvanni Vault Key,A slender bronze key cast with a distinctive pronged bit and an ornamental grip resembling temple architecture.
Bloodmoon.esm,steel_gauntlet_left_ancient,Ancient Steel Left Gauntlet,"A corroded steel left gauntlet with articulated plate fingers and a reinforced cuff, darkened by age and tarnish."
Morrowind.esm,sanguinelglovesafekeeping,Glove of Sanguine Safekeeping,"An extravagant left glove of fine material, tailored for a snug fit and adorned with elegant stitching along the fingers."
Morrowind.esm,steel sparkaxe,Steel Sparkaxe,A single-bladed steel war axe features a short wooden haft and a flared cutting head.
Morrowind.esm,dwemer_greaves,Dwemer Greaves,"Segmented bronze plates shaped to sheath the legs, fastened together by thick rivets and articulated bands."
Tribunal.esm,Indoril_MH_Guard_Cuirass,Her Hand's Cuirass,A golden Indoril cuirass with ornate shoulder flanges and a polished bronze midsection fastened over layered dark fabric.
Tribunal.esm,Ingred_timsa-come-by_01,Timsa-Come-By flowers,"A cluster of small, pale flowers with slender green stems and delicate, rounded petals."
Morrowind.esm,bound_dagger,Bound Dagger,"A daedric dagger featuring a jagged blade and swept guard, forged from dark metal with sharp red veining."
Morrowind.esm,dragonscale_helm,Imperial Dragonscale Helm,"A scaled helmet formed from overlapping green-gold plates resembling dragon hide, fitted with a narrow face guard."
Morrowind.esm,potion_ancient_brandy,Ancient Dagoth Brandy,A dusty glass flask of amber liquid sealed with a worn cork stopper.
Morrowind.esm,sc_feldramstrepidation,Scroll of Feldram's Trepidation,A tightly wound parchment scroll secured by a worn cord reveals faded ink script across its yellowed surface.
Tribunal.esm,misc_dwrv_goblet10_uni,Ornate Dwemer Goblet,"A tall brass goblet with a flared rim, slender stem, and intricate geometric engravings decorating its polished Dwemer metal surface."
Morrowind.esm,key_ashurninibi_lost,"Ancient, rusted Daedric Key","A corroded Daedric key exhibits a dark, pitted metallic surface and an asymmetric temple-style bit."
Morrowind.esm,steel war axe of deep biting,Steel War Axe of Deep Biting,"A forged steel war axe features a broad, curved blade mounted on a sturdy one-handed haft."
Morrowind.esm,daedric_fountain_helm,Daedric Face of Inspiration,A horned Daedric helmet of dark ebony features a fearsome face sculpted with deep creases and a gaping mouth.
Morrowind.esm,demon helm,Demon Helm,A horned helmet of dark metal shaped with angular cheek guards and a narrow face-opening visor.
Morrowind.esm,apparatus_sm_calcinator_01,SecretMaster's Calcinator,"A tall, narrow calcinator of dark bronze with a lidded bowl and slender tongs suspended above a small circular base."
Morrowind.esm,sc_redweakness,Scroll of Red Weakness,A rolled parchment scroll bears a red wax seal and is bound with a cord dyed a matching deep crimson.
Morrowind.esm,ingred_scales_01,Scales,"Small, overlapping translucent scales form a thin, flexible patch of iridescent skin shed from some aquatic creature."
Morrowind.esm,key_Aryon_chest,Key to Aryon chest,"A plain iron key with a rectangular bow, a short neck, and a simple single-grooved bit for opening a specific chest."
Morrowind.esm,fireblade,Fireblade,"A shortsword with a deep red blade and simple crossguard, the metal tinted as if heat-tempered."
Morrowind.esm,p_fortify_personality_c,Cheap Fortify Personality,"A thin glass vial of pale liquid, sealed with a simple cork stopper and unadorned by any label."
Morrowind.esm,bk_BriefHistoryEmpire2,Brief History of the Empire v 2,"A quarto-sized book bound in worn leather covers, its spine bearing faded gilt lettering."
Morrowind.esm,key_fg_nchur,Ancient Dwemer Door Key,A brass-colored metal key with a simple toothed bit and a flat bow shaped for a standard lock.
Morrowind.esm,index_maran,Marandus Propylon Index,"A flat, octagonal stone shard carved with geometric patterns and polished to a dark, lustrous finish."
Morrowind.esm,common_shirt_02_hh,Common Shirt,"A simple collared shirt with long sleeves, tailored from coarse cotton and fastened down the front with small bone buttons."
Bloodmoon.esm,sc_piratetreasure,Pirate Captain's Note,A rectangular sheet of pale parchment folded once and bearing handwritten text in dark ink.
Morrowind.esm,misc_shears_01,Shears,"A pair of crossed steel blades with curved cutting edges, joined by a twisted central pivot and looped handles."
Tribunal.esm,bonemold_pauldron_r,Bonemold R Pauldron,"A right shoulder pauldron of dark bonemold resin, shaped with overlapping plates and reinforced by a prominent shoulder dome."
Morrowind.esm,key_Mzuleft,Key to Mzuleft,A simple wrought-iron key cut with notches along its blade and topped by a plain rectangular bow.
Morrowind.esm,steel flameslayer,Steel Flameslayer,A hefty two-handed steel claymore forged with a broad crossguard and a long double-edged blade.
Morrowind.esm,Misc_DE_glass_green_01,Green Glass,"A translucent green glass shard with irregular, fractured edges and a smooth, slightly curved surface."
Morrowind.esm,common_ring_tsiya,Tsiya's Ring,"A slender copper band formed into a simple loop, bearing a small unpolished green stone set in a crude bezel."
Morrowind.esm,bk_poisonsong4,Poison Song IV,"A quarto-sized book bound in worn covers, its pages gathered and stitched through the folded spine."
Morrowind.esm,p_water_walking_s,Potion of Water Walking,"A fresh green liquid fills this rounded glass vial, sealed with a simple cork stopper and lacking any ornamental detail."
Bloodmoon.esm,sc_savagetyranny,Scroll of Savage Tyranny,"A tightly wound parchment scroll bearing faded script across its yellowed, textured surface."
Morrowind.esm,p_fortify_luck_e,Exclusive Fortify Luck,A slender green glass flask with a tapered neck holds a golden liquid sealed by a wax stopper.
Morrowind.esm,light_de_candle_ivory_64,Bamboo Candlestick,"A tall candlestick formed from a segmented bamboo stalk, its natural joints creating horizontal ridges along the shaft."
Morrowind.esm,wild vipersword,Wild Vipersword,A brass-hued Dwemer shortsword with a tapered blade and angular crossguard forged from aged metal.
Tribunal.esm,ring_vampiric_unique_x,Vampiric Ring,A dark metallic band shaped into curved fangs that meet at a central blood-red gemstone.
Bloodmoon.esm,misc_skull_griss,Skull of Griss the Yellow,"A yellowed humanoid skull missing its lower jawbone, featuring a stained bone surface and empty eye sockets."
Morrowind.esm,sc_FiercelyRoastThyEnemy_unique,Scroll of Fiercely Roasting,A tightly wound parchment scroll bearing charred edges and fire-singed script across its yellowed surface.
Morrowind.esm,bk_CalderaRecordBook1,Caldera Ledger,"A thick, open octavo ledger bound in worn leather, its densely lined pages filled with cramped financial entries."
Morrowind.esm,amulet of health,Amulet of Health,"A costly circular amulet hangs from a slender chain, its polished golden surface bearing refined ornamental engraving."
Morrowind.esm,sc_summongoldensaint,Scroll of Summon Golden Saint,"A tightly wound parchment scroll secured with a worn cord, featuring faded golden sigils across its yellowed surface."
Tribunal.esm,Ingred_noble_sedge_01,Noble Sedge Flowers,Delicate pale golden flower clusters with slender green stems and narrow blade-like leaves.
Morrowind.esm,war_axe_airan_ammu,War Axe of Airan Ammu,A one-handed glass war axe featuring a translucent green blade mounted on a pale haft.
Morrowind.esm,expensive_pants_01_u,Expensive Pants,These well-tailored trousers feature a deep blue silk weave with subtle decorative stitching along the cuffs.
Morrowind.esm,p_drain_agility_q,Spoiled SlowFall Potion,"A narrow-necked glass flask contains a murky, off-color liquid that has visibly spoiled inside."
Morrowind.esm,bk_OverviewOfGodsAndWorship,Overview of Gods and Worship,"A tall, thin octavo volume bound in worn leather covers, its spine displaying faded gilt lettering."
Tribunal.esm,glass dagger_symmachus_unique_x,Dagger of Symmachus,A tapered glass dagger with a translucent green blade and a slender crossguard fitted to a short hilt.
Morrowind.esm,exquisite_shirt_01_wedding,Ashkhan's Wedding Gift,A luxurious shirt of fine fabric featuring elaborate embroidery and ornate stitching along the collar and cuffs.
Bloodmoon.esm,Misc_Com_Bottle_08,Bottle,A tall green glass bottle with a narrow neck and a rounded body tapering to a flat base.
Morrowind.esm,key_addamasartusslaves_01,Addamasartus Slave Key,"A plain iron key with a rectangular bow, a short shaft, and a simple single-toothed bit."
Morrowind.esm,p_lovepotion_unique,Love Potion,A small rounded vial of rosy liquid sealed with a cork stopper and fitted with a simple wooden cap.
Morrowind.esm,fur_bracer_right,Nordic Fur Right Bracer,"A thick, fur-lined leather bracer shaped to fit the right forearm, secured by woven straps across its dark, shaggy surface."
Morrowind.esm,p_reflection_c,Cheap Potion of Reflection,A thin glass vial holds a cloudy liquid sealed with a crude cork stopper.
Bloodmoon.esm,misc_de_drum_01,Drum,A cylindrical drum with tacked hide heads and a painted wooden shell bearing simple geometric bands.
Tribunal.esm,imperial_chain_pauldron_right,Imperial Chain Right Pauldron,A right shoulder guard of interlinked steel rings fitted with leather straps for wearing over armor.
Morrowind.esm,heartstone,Heartstone,A simple common ring of plain metal shaped into a smooth circular band with a small heart-shaped setting.
Morrowind.esm,light_de_candle_128_Off,Candle,"A slender pale wax cylinder fitted with a small braided wick, seated in a simple shallow dish."
Morrowind.esm,bk_PostingOfTheHunt,The Posting of the Hunt,"A thin octavo volume bound in faded covers, showing the standard book construction with a worn text block."
Morrowind.esm,common_shirt_04_a,Common Shirt,"A simple, short-sleeved linen shirt with a plain collar and unadorned front closure."
Morrowind.esm,steel shardscythe,Steel Shardscythe,"A heavy two-handed long blade with a curved daikatana-style steel shaft and a jagged, shard-edged scythe-like cutting edge."
Morrowind.esm,p_silence_c,Cheap Potion of Silence,"A thin, cheap glass vial holds a dark, soundless liquid sealed with a rough cork stopper."
Morrowind.esm,daedric club,Daedric Club,"A heavy one-handed blunt weapon forged from black Daedric metal, featuring a stout shaft and a thick, roughly textured striking head."
Morrowind.esm,daedric_shield,Daedric Shield,"A tall, curved shield of black metal with sharp Daedric spines and a polished red surface."
Bloodmoon.esm,misc_com_wood_bowl_02,Bowl,"A shallow wooden bowl turned from a single piece of pale timber with a smooth, rounded rim."
Morrowind.esm,shockbite war axe,Shockbite War Axe,"A one-handed steel axe with a broad, curved blade mounted on a short, sturdy wooden haft."
Bloodmoon.esm,steel spear snow prince,Spear of the Snow Prince,A long two-handed steel spear featuring a broad leaf-shaped blade mounted on a sturdy wooden shaft.
Bloodmoon.esm,expensive_ring_erna,Erna the Quiet's Ring,A thick gold band ring set with a polished green gemstone in a simple pronged mount.
Morrowind.esm,potion_t_bug_musk_01,Telvanni Bug Musk,A cloudy amber liquid fills this rounded glass vial sealed with a dark cork stopper.
Morrowind.esm,ingred_bread_01_UNI3,Muffin,"A small, rounded, golden-brown baked muffin with a slightly domed, cracked top and a pale, floury crust."
Morrowind.esm,ring of exhaustion,Ring of Exhaustion,A thick gold band supports a wide oval setting centered with a deep purple amethyst and flanked by small leaf engravings.
Morrowind.esm,bonemold_gah-julan_pauldron_r,Gah-Julan Bonemold R Pauldron,A right pauldron of lacquered bonemold shaped into overlapping chitinous plates with dark resin joints.
Morrowind.esm,BookSkill_Armorer3,"36 Lessons of Vivec, Sermon 6","A worn octavo book bound in faded leather covers, its spine showing the faint traces of old handling."
Bloodmoon.esm,BM_NordicMail_cuirass,Nordic Mail Cuirass,A riveted mail cuirass of interlocking steel rings with small metal plates fastened across the chest and shoulders.
Morrowind.esm,key_dren_storage,Dren's Storage Sack Key,A plain iron key with a simple bow and a standard cut bit.
Morrowind.esm,writ_mavon,Honorable Writ of Execution,A tightly rolled parchment scroll bearing the official seal and formal script of a legal execution decree.
Bloodmoon.esm,BM_Wool02_gloveR,Right Glove,A right-hand wool glove woven in a common style with a green-tinted fabric finish.
Morrowind.esm,light_de_candle_18,Redware Candle,A shallow redware dish holds a pale wax cylinder with a blackened wick rising from its center.
Tribunal.esm,hulking_fabricant_elixir,Hulking Fabricant Elixir,"A thick, greenish liquid fills this bulbous glass vial sealed with a tarnished brass cap."
Tribunal.esm,imperial_studded_cuirass,Imperial Studded Leather Cuiras,A brown leather cuirass reinforced with dark metal studs across the chest and shoulders for added protection.
Morrowind.esm,Gold_025,Gold,"A small stack of thin circular coins minted from polished gold, each bearing faint relief markings on the flat faces."
Tribunal.esm,Indoril_Almalexia_gauntlet_L,Her Hand's Left Gauntlet,"A gold-hued left gauntlet of layered Indoril plate, sculpted with flowing ornamental ridges and a flared cuff."
Morrowind.esm,orcish_greaves,Orcish Greaves,Heavy bronze-toned metal greaves feature segmented plate construction with prominent raised ridges and rough hammered surfaces.
Morrowind.esm,throwing knife of sureflight,Throwing Knife of Sureflight,A small aerodynamic throwing knife cast in dark metal and etched with stylized dragon motifs along the tapering blade.
Morrowind.esm,ingred_6th_corprusmeat_05,Large Corprusmeat Hunk,"A large, irregular hunk of diseased meat covered in lumpy nodules and sickly discoloration."
Bloodmoon.esm,extravagant_robe_01,Extravagant Robe,"A full-length extravagant robe tailored from luxurious fabric with wide sleeves and a draped, form-concealing silhouette."
Tribunal.esm,bk_Teran_invoice,Invoice,A creased parchment scroll bearing densely scripted commercial transaction records in faded dark ink.
Tribunal.esm,trollbone_helm,Nordic Trollbone Helm,A horned helmet crafted from yellowed troll bone plates fitted over a framework of narrow leather straps.
Morrowind.esm,belt of fortitude,Belt of Fortitude,A common thick leather belt secured with a simple rectangular metal buckle and fitted with evenly spaced round eyelets.
Morrowind.esm,ingred_bc_hypha_facia,Hypha Facia,"A pale, shelf-like fungal growth with a rounded, irregularly lobed cap and a short, stubby central stem."
Morrowind.esm,expensive_skirt_02,Expensive Skirt,"A finely tailored, expensive skirt constructed from smooth, flowing fabric with a gathered waistline and subtle decorative trim."
Morrowind.esm,ring of knuckle luck,Ring of Knuckle Luck,An expensive gold ring formed into a thick band with raised ornamental ridges encircling its polished surface.
Morrowind.esm,bk_Redoran_Vaults_Ledger,Redoran Vaults Ledger,"A thick, open-faced octavo ledger bound in worn leather, its pages filled with dense, inked financial records."
Morrowind.esm,Mark_Ring,Mark Ring,An expensive gold ring with a wide band and a prominent circular bezel set with a small gemstone.
Morrowind.esm,bk_kagrenac'stools,Kagrenac's Tools,"A rolled parchment scroll of pale, slightly yellowed animal skin with dark ink script and worn, curling edges."
Morrowind.esm,glass_towershield,Glass Tower Shield,A tall rectangular shield constructed from translucent green glass with reinforced metallic edges.
Tribunal.esm,common_skirt_06,Common Skirt,"A simple, ankle-length common skirt tailored from plain, unadorned woven fabric for everyday wear."
Morrowind.esm,light_com_candle_08,Silver Candlestick,"A polished silver candlestick with a wide circular base, slender column, and a small cup holding a stub of white wax."
Morrowind.esm,iron flamecleaver,Iron Flamecleaver,"A two-handed iron halberd features a long wooden shaft topped by a broad, flame-shaped chopping blade."
Morrowind.esm,light_de_lantern_10,Paper Lantern,A rectangular paper lantern constructed from pale translucent panels stretched over a thin wooden frame.
Morrowind.esm,light ring,Light Ring,An expensive gold ring features a slender polished band and a prominent raised setting holding a luminous gemstone.
Morrowind.esm,ebon_plate_cuirass_unique,Ebony Mail,"A dark, contoured ebony cuirass with sweeping pauldrons and a polished surface that absorbs surrounding light."
Morrowind.esm,exquisite_shoes_01,Exquisite Shoes,"Finely crafted leather shoes with a sleek silhouette, polished dark uppers, and subtle decorative stitching along the seams."
Bloodmoon.esm,light_com_lantern_01_256,Travel Lantern,"A portable oil lantern with a cylindrical metal frame, a domed top, and a protective wire cage surrounding the central flame."
Morrowind.esm,bk_Aedra_Tarer_Unique,Tarer's Aedra and Daedra,A compact octavo volume with a standard binding and neatly arranged pages suited for handheld reading.
Morrowind.esm,common_shoes_02_surefeet,Surefeet,"These low leather shoes feature rounded toes and thin soles, with simple stitching along the upper."
Morrowind.esm,left leather bracer,Left Leather Bracer,"A dark brown leather left bracer shaped to sheathe the forearm, fastened with simple rawhide straps along its smooth outer surface."
Bloodmoon.esm,ingred_udyrfrykte_heart,Heart of the Udyrfrykte,"A dark, glistening organ with thick, fibrous veins and a dense, muscular texture suggesting a powerful, bestial origin."
Morrowind.esm,slave_bracer_left,Slave's Left Bracer,A plain left bracer of rough dark metal fitted with a heavy ring for tethering a wearer.
Morrowind.esm,BookSkill_Acrobatics3,"A Dance in Fire, Chapter 4","A compact octavo volume bound in worn leather covers, its spine bearing a simple gilt title."
Tribunal.esm,writ_Alen,Royal Writ of Execution,A tightly rolled paper scroll bearing the official seal and formal script of a royal execution order.
Tribunal.esm,Sword of Almalexia,Hopesfire,A curved one-handed scimitar forged from pale metal with a slender blade and an ornate hilt.
Morrowind.esm,misc_com_plate_01,Plate,"A shallow ceramic plate with a slightly raised rim and a plain, unglazed off-white surface."
Bloodmoon.esm,BM nordic silver mace,Nordic Silver Mace,"A heavy one-handed mace constructed from pale silver, featuring a thick grip and a stout flanged head."
Tribunal.esm,ashes_Dwemer,Ash pile,"A small, ashen pile of fine gray residue sits heaped together in a rough, irregular mound."
Morrowind.esm,misc_dwrv_artifact60,Dwemer Tube,A stout metallic cylinder of Dwemer make features riveted seams and a dull brass hue.
Bloodmoon.esm,BM huntsman crossbow,Huntsman Crossbow,"A sturdy wooden crossbow with a reinforced stock and taut string, crafted for hunting large prey."
Morrowind.esm,p_restore_endurance_c,Cheap Restore Endurance,"A small, thin glass vial holds a pale, watery liquid sealed with a crude cork stopper."
Morrowind.esm,bk_BiographyBarenziah1,Biography of Barenziah v I,A well-bound octavo volume featuring a dark leather spine and worn parchment pages detailing the early life of Barenziah.
Morrowind.esm,light_com_lantern_02_177,Travel Lantern,"A cylindrical metal lantern with a domed top, a wire carrying handle, and narrow vertical slats enclosing the flame."
Morrowind.esm,ring of fireballs,Ring of Fireballs,An extravagant gold ring fashioned with a prominent setting designed to hold a large gemstone.
Morrowind.esm,herder's belt,Herder's Belt,"A simple common belt made from sturdy leather, fastened with a plain metal buckle."
Morrowind.esm,misc_goblet_dagoth,House Dagoth cup,A dark metallic goblet bearing angular Sixth House ornamentation along its flared rim and slender stem.
Morrowind.esm,amulet of admonition,Amulet of Admonition,"A round copper amulet hangs from a slender chain, centered with a polished green stone set in a simple bezel."
Morrowind.esm,daedric_gauntlet_left,Daedric Left Gauntlet,A blackened left gauntlet of heavy segmented plates with sharp ebony spines and dark metallic curves.
Morrowind.esm,iron vipermauler,Iron Vipermauler,A heavy two-handed iron warhammer with a thick cylindrical head mounted on a long wooden shaft.
Bloodmoon.esm,silver staff of chastening,Silver Staff of Chastening,A slender silver staff topped with a curved finial and polished to a bright metallic sheen.
Morrowind.esm,misc_de_goblet_01,Goblet,"A wide-bowled drinking vessel rises from a slender stem to a flared rim, supported by a circular foot."
Bloodmoon.esm,BM_NordicMail_gauntletL,Nordic Mail Left Gauntlet,"A riveted steel left gauntlet with articulated finger plates and a flared cuff, covered in darkened mail."
Morrowind.esm,dwemer_cuirass,Dwemer Cuirass,"A heavy brass-colored cuirass of Dwemer make, formed from thick overlapping metal plates and angular shoulder guards."
Morrowind.esm,daedric_greaves,Daedric Greaves,Obsidian leg plates shaped from dark Daedric metal feature sharp angular projections and deep crimson veining across the polished surface.
Morrowind.esm,key_Sadryon_tomb,Key to Sadryon tomb,A plain iron key cut with standard wards to fit the lock of Sadryon tomb.
Morrowind.esm,sc_mageseye,Scroll of The Mage's Eye,"A tightly rolled parchment scroll bound by a simple cord, its surface covered with faded ink script."
Tribunal.esm,ebony dart_db_unique,A Carved Ebony Dart,A dense ebony throwing dart displays a finely carved shaft tapering to a needle-sharp tip.
Morrowind.esm,key_rvaults1,Upper Redoran Vault Key,"A brass temple key with a ornate bow and a double-toothed bit, engraved with the Redoran crest."
Morrowind.esm,key_pellecia aurrus,Redoran Iron Key,"A simple wrought iron key with a plain bow and a notched, rectangular blade showing dark forge discoloration."
Morrowind.esm,food_kwama_egg_01,Small Kwama Egg,"A small, pale ovoid egg with a smooth, slightly translucent shell and faint mottling across its surface."
Morrowind.esm,p_feather_e,Exclusive Potion of Feather,"A tall, slender glass vial of pale golden liquid sealed with a wax-stoppered cork and fitted within a decorative metal filigree collar."
Morrowind.esm,sc_vaerminaspromise,Scroll of Vaermina's Promise,"A rolled parchment scroll bound by a taut cord, its surface covered in faded ink script."
Morrowind.esm,ingred_comberry_01,Comberry,"A cluster of small, round, purplish-red berries attached to a short, slender green stem."
Morrowind.esm,writ_therana,Honorable Writ of Execution,A tightly rolled paper scroll bearing the official text of an execution order.
Tribunal.esm,imperial_chain_cuirass,Imperial Chain Cuirass,"Interlocking steel rings form this sleeveless imperial cuirass, its dark metal links fitted closely over a thick leather backing."
Morrowind.esm,ingred_marshmerrow_01,Marshmerrow,"A cluster of pale, reedy stalks topped with small, rounded, golden flower heads."
Bloodmoon.esm,BM_Bear_left_Pauldron_snow,Snow Bear Left Pauldron,A white-furred left shoulder guard shaped from thick hide and padded with coarse bear fur.
Morrowind.esm,sc_selisfieryward,Scroll of Selis' Fiery Ward,"A tightly wound parchment scroll features charred, heat-darkened edges and a red wax seal stamped with a flame motif."
Bloodmoon.esm,steel_helm_ancient,Ancient Steel Helm,"A weathered steel helmet shaped with a narrow face guard and a rounded cap of dark, pitted metal."
Morrowind.esm,ebony spear,Ebony Spear,A long two-handed spear features a dark ebony blade fitted to a matching heavy shaft.
Tribunal.esm,adamantium_cuirass,Adamantium Cuirass,A polished silvery cuirass of adamantium with segmented horizontal plates and smooth rounded contours covering the torso.
Morrowind.esm,glass firesword,Glass Firesword,A crystalline one-handed long blade with a faintly translucent greenish hue and a hilt of pale metallic fittings.
Bloodmoon.esm,key_hircine2,A Glowing Key,"A faintly luminous key carved from dark daedric metal with angular, barbed projections along its shaft."
Morrowind.esm,snowy crown,Snowy Crown,"A heavy one-handed mace built from tarnished bronze Dwemer metal, featuring a flanged cylindrical head and a short angular grip."
Morrowind.esm,p_restore_fatigue_b,Bargain Restore Fatigue,"A thin, cheaply made glass vial holds a pale, watery liquid sealed with a simple cork stopper."
Morrowind.esm,key_impcomsecrdoor,Worn Imperial Key,A battered brass key cut with standard Imperial ward notches along its simple bit.
Morrowind.esm,bk_great_houses,Great Houses of Morrowind,A tightly wound scroll of pale parchment features dark ink script and darkened wooden rollers at each end.
Morrowind.esm,bookskill_hand to hand1,The Prayers of Baranat,A compact octavo-bound book bearing a worn cover that encloses pages filled with closely printed text.
Morrowind.esm,iron vipersword,Iron Vipersword,"A slender iron long blade bears a sinuous, viper-like curve along its single-edged steel cutting surface."
Morrowind.esm,Light_De_Candle_20,Candle,"A blue wax candle formed around a short wick, fitted into a small plain base for stable burning."
Bloodmoon.esm,silver sparksword,Silver Sparksword,"A gleaming silver longsword with a polished blade that emits a faint, spark-like shimmer along its sharpened edge."
Morrowind.esm,tenpaceboots,Ten Pace Boots,Rigid leather boots built with thick soles and reinforced heels are fashioned for an elongated stride.
Morrowind.esm,iron sparkskewer,Iron Sparkskewer,A long two-handed spear fitted with an iron head tapering to a narrow tip atop a plain wooden shaft.
Morrowind.esm,sc_blackfate,Scroll of Black Fate,"A rolled parchment scroll bound with a dark cord, its yellowed surface covered with faded, densely inked script."
Morrowind.esm,torch_128_Off,Torch,A wooden stick wrapped at one end with oil-soaked cloth strips forms this handheld flame.
Morrowind.esm,dwemer_boots of flying,Dwemer Boots of Flying,Heavy brass-colored metal boots shaped from angular Dwemer plates feature a prominent vented housing rising behind each ankle.
Morrowind.esm,writ_guril,Honorable Writ of Execution,A tightly rolled paper scroll bearing official text and a red wax seal authenticating the authorized execution.
Morrowind.esm,bk_thelostprophecy,The Lost Prophecy,"A rolled parchment scroll of yellowed, slightly brittle animal skin bearing faded handwritten text across its stained surface."
Morrowind.esm,bookskill_mercantile2,"The Wolf Queen, Book IV","A worn octavo volume bound in faded leather covers, its spine stitched with coarse thread and pages yellowed at the edges."
Morrowind.esm,Misc_Imp_Silverware_Cup_01,Silverware Cup,"A small silver cup with a slightly flared rim, narrow stem, and circular foot, polished to a reflective sheen."
Morrowind.esm,sc_nerusislockjaw,Scroll of Nerusi's Lockjaw,A tightly rolled parchment scroll secured with a frayed leather cord and capped by plain wooden dowels.
Tribunal.esm,expensive_shoes_01,Expensive Shoes,"Well-crafted leather shoes feature a refined silhouette and smooth, polished surfaces suited for formal attire."
Morrowind.esm,indoril_belt,Indoril Belt,A wide leather belt fitted with a polished golden buckle and embossed with ornate Indoril scrollwork along its length.
Morrowind.esm,p_fortify_willpower_q,Quality Fortify Willpower,"A tall, angular glass vial with a narrow neck holds a vibrant amber liquid sealed with a fitted stopper."
Morrowind.esm,common_ring_01_fg_nchur01,Common Ring,"A slender copper band with a small, darkly patinated setting sits atop the simple rounded hoop."
Morrowind.esm,key_Maren_tomb,Key to Maren tomb,A plain iron key cut with notches along its blade and fitted with a rectangular bow.
Morrowind.esm,ebony_closed_helm,Ebony Closed Helm,"A full-faced helmet of glossy black ebony encloses the head entirely, featuring narrow eye slits and a tall, flared neck guard."
Morrowind.esm,ring of firefist,Ring of Firefist,"A thick gold band forms this expensive ring, its polished surface bearing a raised, flame-shaped ornament at the crest."
Morrowind.esm,sc_daynarsairybubble,Scroll of Daynar's Airy Bubble,"A tightly wound parchment scroll features a hollow central tube and worn, curling edges."
Morrowind.esm,ingred_black_lichen_01,Black Lichen,"A dark, leathery fungus growth forming flat, irregularly shaped clusters across rock surfaces."
Morrowind.esm,cruel sparkstar,Cruel Sparkstar,A silver throwing star with multiple sharpened blades radiating outward from a small central grip.
Morrowind.esm,gauntlet_of_glory_right,Right Gauntlet of Glory,"A fur-lined leather right gauntlet fastened with metal buckles, its dense padding covering the wrist and forearm."
Morrowind.esm,Linus_Iulus_Stendarran_Belt,Linus Iulus' Stendarran Belt,An expensive leather belt fitted with an ornate metal buckle and adorned with Stendarran iconography.
Morrowind.esm,netch_leather_helm,Netch Leather Helm,"A close-fitting helmet crafted from boiled netch leather, featuring a rounded crown and a short nose guard."
Morrowind.esm,light_com_torch_01_128,Torch,A wooden stick wrapped at one end with oil-soaked cloth that provides a flickering flame.
Morrowind.esm,bonebiter charm,Bonebiter Charm,"A common amulet of simple construction, featuring a small carved bone charm suspended from a plain cord."
Morrowind.esm,left_horny_fist_gauntlet,Left Glove of the Horny Fist,A left netch leather gauntlet with a reinforced knuckle plate shaped like a clenched fist.
Tribunal.esm,misc_dwrv_pitcher00_uni,Ornate Dwemer Pitcher,"A brass Dwemer pitcher with an ornate curved handle, wide pouring lip, and etched geometric patterns along its body."
Morrowind.esm,p_fortify_intelligence_e,Exclusive Fortify Intelligence,"A slender, ornate glass vial sealed with a golden stopper, containing a bright blue liquid."
Morrowind.esm,key_Nerano_chest,Key to Nerano chest,"A simple iron key with a rounded bow and notched bit, its shaft ending in a two-pronged ward."
Morrowind.esm,peacemaker,Peacemaker,A tall two-handed staff of polished silver metal fitted with a plain cylindrical grip and capped by a rounded finial.
Morrowind.esm,key_Odibaal,Odibaal Outlaw's Key,"A plain iron key with a simple rectangular bow, a short straight shank, and a single cut bit."
Morrowind.esm,ingred_alit_hide_01,Alit Hide,"A rough, mottled patch of tanned hide stripped from an alit, bearing a thick leathery texture and sparse bristly hairs."
Morrowind.esm,p_restore_magicka_s,Standard Restore Magicka Potion,A small rounded glass flask containing a translucent blue liquid and fitted with a simple cork stopper.
Morrowind.esm,BookSkill_Short Blade4,"36 Lessons of Vivec, Sermon 10",A narrow octavo-bound book featuring a weathered leather cover and aged pages inscribed with dense script.
Morrowind.esm,common_ring_01_mge,Common Ring,A simple unadorned finger ring formed from a plain circular band of modest metal.
Morrowind.esm,common_shirt_03_b,Common Shirt,"A plain, short-sleeved linen shirt with a simple cut and an unadorned hem."
Morrowind.esm,glass dagger,Glass Dagger,"A short-bladed dagger forged from translucent green glass, featuring a sharply tapered double-edged blade and a matching crystalline hilt."
Morrowind.esm,bookskill_acrobatics1,Realizations of Acrobacy,"A quarto-format book bound in worn leather covers, its spine displaying faded gilt lettering."
Morrowind.esm,bookskill_light armor4,"36 Lessons of Vivec, Sermon 21","A thick octavo volume bound in worn leather covers, its spine bearing faded gilt numerals marking the twenty-first sermon."
Morrowind.esm,dwemer_pauldron_right,Dwemer Right Pauldron,A heavy brass-colored metal right shoulder plate constructed with angular Dwemer geometry and prominent raised fluting.
Morrowind.esm,ingred_Dae_cursed_ruby_01,Ruby,"A faceted, deep crimson gemstone cut into a symmetrical shape with smooth, polished faces and a pointed base."
Tribunal.esm,bk_Artifacts_Tamriel,Famed Artifacts of Tamriel,A compact octavo-bound volume featuring a dark leather spine and worn parchment pages detailing renowned relics.
Bloodmoon.esm,misc_com_metal_plate_04,Plate,"A shallow circular metallic plate with a smooth rim and slightly raised edge, showing polished silvery surfaces."
Morrowind.esm,cruel sparkarrow,Cruel Sparkarrow,A slender silver arrowhead tapers sharply atop a straight wooden shaft fitted with feather fletching.
Tribunal.esm,silver dagger_droth_unique_a,Droth Dagger,A slender silver dagger with a tapered double-edged blade and a short hilt wrapped in dark cord.
Morrowind.esm,bk_WaroftheFirstCouncil,The War of the First Council,"A compact octavo volume bound in worn leather covers, containing numerous pages of printed text detailing historic events."
Morrowind.esm,mandas_locket,Mandas Family Locket,An oval gold locket suspended from a fine chain features intricate filigree across its polished surface.
Morrowind.esm,glass frostsword,Glass Frostsword,A crystalline longsword with a translucent glass blade and a frost-tinged edge fitted to a slender hilt.
Morrowind.esm,key_Ibardad,Plain key,"A simple, unadorned iron key with a flat shaft and a single rectangular tooth at its working end."
Morrowind.esm,key_Lleran_tomb,Key to Lleran tomb,"A plain iron key with a simple toothed blade and a flat rectangular bow, showing dark discoloration from age."
Morrowind.esm,p_burden_s,Standard Potion of Burden,"A standard glass potion bottle with a narrow neck, rounded body, and a simple cork stopper."
Morrowind.esm,light_de_buglamp_01_off,Bug Lamp,"A small glass vessel shaped to resemble an insect, fitted with a metal handle and a wick."
Bloodmoon.esm,mantle of woe,Mantle of Woe,"A long, extravagant robe of dark, flowing fabric with wide sleeves and a loose, enveloping cut."
Morrowind.esm,nordic battle axe,Nordic Battle Axe,"A long-hafted two-handed axe with a wide, flared steel blade mounted beneath a sturdy crossguard."
Morrowind.esm,crosierstllothis,Crosier of St. Llothis,A tall two-handed staff topped with a curved crook and ornamented with traditional ritual finials.
Morrowind.esm,key_saryoni,Saryoni's Key,"A brass temple key featuring a crossbar handle and a notched bit, etched with ornate Ordinator patterns."
Morrowind.esm,sc_summonflameatronach,Scroll of Summon Flame Atronach,A tightly wound parchment scroll features charred edges and a wax seal bearing a flame motif.
Morrowind.esm,bound_gauntlet_left,Bound Left Gauntlet,A left gauntlet of Daedric design features jagged ebony plates and clawed fingertips.
Morrowind.esm,p_poison_resistance_q,Quality Poison Resistance,A rounded green glass vial sealed with a metal cap holds this protective liquid.
Morrowind.esm,key_divayth03,Divayth's 802nd Key,"A standard brass key with a simple bit and bow, bearing no visible ornamentation or distinguishing marks."
Morrowind.esm,bk_realbarenziah3,The Real Barenziah v III,A quarto-format book bound in a worn leather cover with faded gilt lettering on the spine.
Morrowind.esm,p_fortify_luck_s,Standard Fortify Luck Potion,A small rounded glass vial holds translucent golden liquid sealed with a plain cork stopper.
Tribunal.esm,misc_dwrv_bowl00_uni,Ornate Dwemer Bowl,A golden Dwemer metal bowl featuring a wide rim and ornate relief patterns cast into its curved surface.
Morrowind.esm,apparatus_sm_alembic_01,SecretMaster's Alembic,A slender glass alembic features a rounded boiling flask and a narrow angled spout for distilling alchemical vapors.
Morrowind.esm,torch_64,Torch,"A wooden stick wrapped with oil-soaked cloth at the top, designed to hold a burning flame."
Morrowind.esm,axe_queen_of_bats_unique,Wings of the Queen of Bats,A heavy two-handed axe with dark bat-wing blades extending from a thick haft.
Morrowind.esm,p_disease_resistance_b,Bargain Disease Resistance,"A cheap, dented bottle of thin liquid showcases the crude construction typical of bargain potions."
Bloodmoon.esm,bm wolf left gauntlet,Wolf Left Gauntlet,"A left-hand gauntlet crafted from tanned wolf hide, featuring dark fur along the forearm and reinforced leather finger guards."
Bloodmoon.esm,silver claymore,Silver Claymore,"A two-handed double-edged long blade forged from bright silver, featuring a straight crossguard and an elongated hilt."
Morrowind.esm,spirit-eater,Spirit-Eater,A long one-handed sword features an ebony blade and a matching dark hilt constructed for slashing strokes.
Morrowind.esm,key_Gimothran,Key to Gimothran master burial,"A plain iron key cut with standard wards, sized to fit the ancient lock of a master burial chamber."
Morrowind.esm,steel shardmauler,Steel Shardmauler,A heavy two-handed steel warhammer features a thick blunt head mounted on a long reinforced haft.
Morrowind.esm,light_de_candle_10_64,Candle,"A slender wax cylinder fitted with a small braided wick, designed for steady burning."
Morrowind.esm,p_restore_endurance_s,Standard Restore Endurance,A small rounded glass vial holds a pale restorative liquid sealed with a simple cork stopper.
Tribunal.esm,p_dwemer_lubricant00,Spoiled Dwemer Oil,"A thick, murky amber liquid fills a rounded glass bottle, its discolored contents suggesting the spoiled state of the ancient lubricant."
Bloodmoon.esm,misc_com_bottle_05,Bottle,"A tall, narrow-necked glass vessel with a rounded base and a flared lip rim."
Morrowind.esm,sc_tranasasspelltwist,Scroll of Tranasa's Spelltwist,"A tightly rolled parchment scroll secured by a knotted cord tie, covered in rows of dark ink lettering."
Morrowind.esm,bk_BeramJournal4,Beram Journal Entry 4,"A creased, yellowed parchment scroll bearing densely inked handwriting across its stained surface."
Morrowind.esm,BookSkill_Alchemy4,"36 Lessons of Vivec, Sermon 2","A compact octavo volume bound in worn covers, containing aged text pages of Vivec's sermonic teachings."
Morrowind.esm,bk_letterfromllaalam2,Letter From Llaalam Dredil,"A rolled parchment scroll bearing neatly penned Dunmeri script, secured with a simple wax seal."
Morrowind.esm,corkbulb bolt,Corkbulb Bolt,A short wooden bolt tipped with a pale corkbulb root and fletched with plain feather vanes.
Morrowind.esm,conoon_chodala_boots_unique,Conoon Chodala's Boots,"Heavy leather boots with thick soles and reinforced uppers, crafted from dark brown hide and secured by sturdy buckled straps."
Tribunal.esm,silver dagger_iryon_unique,Iryon Dagger,A slender silver dagger with a tapered double-edged blade and a polished crossguard fitted to a fluted hilt.
Morrowind.esm,p_dispel_s,Potion of Dispel,"A fresh, round glass vial filled with a clear liquid and sealed with a smooth stopper."
Morrowind.esm,p_shock_resistance_c,Cheap Shock Resistance,"A small, inexpensive glass vial of pale liquid is sealed with a simple cork stopper and lacks ornamentation."
Morrowind.esm,common_robe_02_r,Common Robe,"A long, loosely tailored robe of plain reddish-brown fabric with wide sleeves and a simple folded collar."
Morrowind.esm,iron_bracer_right,Iron Right Bracer,"A dark iron forearm guard shaped to fit the right arm, secured by a simple buckle."
Morrowind.esm,iron fork,Iron Fork,"A rust-flecked iron fork with four straight tines and a plain handle, forged as a crude but functional stabbing blade."
Morrowind.esm,Gold_005,Gold,A small stack of circular golden coins bearing faintly stamped imperial emblems on their worn surfaces.
Morrowind.esm,Misc_fakesoulgem,Fake Soul Gem,"A faceted blue crystal mimicking a lesser soul gem, fitted into a brass cap and wire cage."
Morrowind.esm,common_glove_left_01,Common Left Glove,"A simple left glove of unadorned, sturdy fabric with a plain cuff and fitted fingers."
Morrowind.esm,boethiah's walking stick,Boethiah's Walking Stick,A tall two-handed walking stick carved from dark daedric metal and topped with a curved ornamental hook.
Morrowind.esm,BookSkill_Heavy Armor2,"2920, MidYear",A thick octavo volume bound in worn leather covers with a faded numerical title stamped across the spine.
Tribunal.esm,indoril helmet,Indoril Helmet,"A tall, golden helmet featuring a prominent face mask with narrow eye slits and sweeping cheek guards."
Morrowind.esm,common_pants_04_b,Common Pants,"Plain woven trousers with a loose cut and a sturdy drawstring waistband, dyed a muted earth tone."
Morrowind.esm,common_shirt_04_c,Common Shirt,A short-sleeved common shirt with a simple laced neckline and coarse woven fabric.
Morrowind.esm,sc_greaterdomination,Scroll of Greater Domination,A tightly wound parchment scroll secured by a worn leather tie and covered in dense handwritten script.
Morrowind.esm,glass dagger_Dae_cursed,Glass Dagger,A slender short blade of translucent green glass tapers to a fine edge atop a hilt of matching material.
Morrowind.esm,key_Nchardahrk_chest,Key to Nchardahrk chest,"A simple iron key with a flat, notched blade and a plain rectangular bow for turning."
Morrowind.esm,bk_landdeedfake_hhrd,Odral's Land Deed,"A tightly wound parchment scroll secured with a wax seal, bearing faded ink script across its yellowed surface."
Tribunal.esm,netch_leather_gauntlet_left,Netch Leather Left Gauntlet,"A left-hand gauntlet of boiled netch hide, shaped with segmented fingers and a reinforced cuff."
Morrowind.esm,bk_gnisiseggminepass,Gnisis Eggmine Pass,A curled parchment scroll bearing handwritten authorization for entry into the Gnisis Eggmine.
Morrowind.esm,key_standard_01_pel_fort_prison,Fort Pelagiad Prison Key,"A standard iron key with a simple bit and bow, sized for the prison locks at Fort Pelagiad."
Morrowind.esm,expensive_ring_03,Expensive Ring,"A costly gold ring formed with a wide, polished band and a prominent circular bezel setting."
Morrowind.esm,bk_LegendaryScourge,The Legendary Scourge,"A thick octavo volume bound in worn leather, featuring a plain spine and unadorned covers."
Morrowind.esm,indoril pauldron left,Indoril Left Pauldron,"A golden left pauldron of segmented bronze plates with curved fluting, trimmed in dark indigo leather along the interior edges."
Bloodmoon.esm,key_Lassnr_well,Lassnr's Well Key,"A plain iron key cut with standard ward notches, fitted with a simple loop handle for attaching to a cord."
Morrowind.esm,iron shardaxe,Iron Shardaxe,"A heavy two-handed iron axe head split into jagged, shard-like projections is mounted on a thick wooden haft."
Morrowind.esm,sc_greyscorn,Scroll of Grey Scorn,"A tightly wound parchment scroll with curled edges and a worn, yellowed surface bound by a frayed cord."
Morrowind.esm,sanguineringgreenw,Ring of Sanguine Green Wisdom,An extravagant ring of polished green metal features an ornate openwork band and a prominent central gemstone.
Morrowind.esm,misc_com_wood_bowl_04,Bowl,A shallow circular wooden bowl with smoothly rounded sides and a flat bottom.
Tribunal.esm,key_velas,A worn key,"A small, tarnished iron key with a simple rectangular bow and a plain, notched blade showing obvious wear."
Morrowind.esm,daedric_cuirass_htab,Daedric Cuirass,A heavy ebony cuirass with sharply angled shoulder plates and a glossy black finish gleaming beneath menacing Daedric reliefs.
Morrowind.esm,bk_BrothersOfDarkness,The Brothers of Darkness,"A quarto-bound book with a flexible cover enclosing gathered pages, showing a sewn binding along the exposed spine."
Morrowind.esm,p_shock_resistance_e,Exclusive Shock Resistance,"A tall, slender glass flask with a narrow neck holds a pale, translucent liquid sealed with a wax stopper."
Tribunal.esm,DarkBrotherhood pauldron_R,Dark Brotherhood Right Pauldron,"A dark right shoulder pauldron shaped to cover the joint, fitted with leather straps for securing to the arm."
Morrowind.esm,p_spell_absorption_e,Exclusive Spell Absorption,"A small octagonal glass vial with a brass stopper holds a swirling, pearlescent liquid."
Morrowind.esm,bonemold_chuzei_helm,Native Chuzei Bonemold Helm,"A molded bonemold helmet with a tall, angular crest and a narrow face guard covering the jaw."
Morrowind.esm,index_hlor,Hlormaren Propylon Index,"A faceted crystalline shard shaped for a propylon slot, bearing a faintly translucent blue-green hue."
Bloodmoon.esm,steel_boots,Steel Boots,Sturdy steel boots formed from heavy dark metal plates with visible rivets along the ankle and shin guards.
Bloodmoon.esm,BM ice longsword,Stalhrim Longsword,A crystalline pale blue long blade carved from stalhrim with a frost-edged straight double-edged shape.
Bloodmoon.esm,Lucky_Break,Haakon's Lucky Break,"A tall two-handed staff fashioned from polished silver, featuring a slender shaft and a rounded finial."
Bloodmoon.esm,steel_pauldron_left_ancient,Ancient Steel Left Pauldron,"A weathered steel left pauldron shaped to cover the shoulder, showing aged discoloration across its hammered metal surface."
Morrowind.esm,Linus_Iulus_Maran Amulet,Linus Iulus' Maran Amulet,A polished golden amulet bears a circular pendant etched with the sacred symbol of Mara.
Morrowind.esm,misc_de_lute_01_phat,Fat Lute,"A plump, rounded stringed instrument with a deep curved body, flat soundboard, and a short fretted neck."
Morrowind.esm,sanguineringgoldenw,Ring of Sanguine Golden Wisdom,"An extravagant golden ring shaped with broad, ornamental shoulders that taper to a narrow, polished circlet band."
Morrowind.esm,p_fortify_magicka_q,Quality Fortify Magicka,"A tall, rectangular glass flask with sloped shoulders, a short neck, and a round stopper."
Morrowind.esm,bonemold_tshield_hrlb,Redoran Banner Shield,A tall rectangular bonemold tower shield painted in deep crimson and bearing the heraldic crest of House Redoran.
Morrowind.esm,expensive_pants_02,Expensive Pants,Well-tailored trousers of fine woven fabric feature a fitted cut and neat stitching.
Morrowind.esm,clutterbane,Clutterbane,"A brass-colored Dwemer mace with a cylindrical head, protruding angular flanges, and a short metal haft."
Morrowind.esm,key_rotheranslaves_01,Rotheran Slave Key,"A plain brass key with a simple rectangular bow, a short shank, and a single-cut bit."
Morrowind.esm,ring of lightning storm,Ring of Lightning Storm,A thick precious metal band supports a prominent pronged setting shaped like a forked lightning bolt.
Morrowind.esm,torch_77,Torch,"A wooden stick wrapped with oil-soaked cloth at the top, bound by a metal band for carrying flame."
Morrowind.esm,ingred_ruby_01,Ruby,"A faceted, deep red crystalline gemstone with a smooth, polished surface and angular, symmetrical cut."
Morrowind.esm,bk_hanginggardenswasten,Hanging Gardens...,"A worn octavo book bound in faded covers, its pages filled with dense script recounting the Hanging Gardens."
Morrowind.esm,steel claymore of hewing,Steel Claymore of Hewing,"A large two-handed sword forged from steel, featuring a long blade and a straight crossguard."
Morrowind.esm,short bow,Short Bow,A compact steel-limbed bow with a short curved profile and a taut string stretched between the tapered tips.
Morrowind.esm,p_disease_resistance_e,Exclusive Disease Resistance,"A small, ornate glass flask containing a clear, pale liquid sealed with a polished stopper."
Morrowind.esm,key_miun_gei,Shiny Key,"A small, shiny metallic key with a standard ward bit and a simple bow for gripping."
Tribunal.esm,bonemold_cuirass,Bonemold Cuirass,A bulky cuirass of dark lacquered bonemold plates reinforced with prominent metal rivets along the seams.
Morrowind.esm,p_shock_resistance_q,Quality Shock Resistance,A small rounded glass vial sealed with a fitted stopper and containing a pale amber liquid.
Morrowind.esm,ingred_netch_leather_01,Netch Leather,"A rough, thick strip of tanned hide with a pebbled surface texture and a deep amber hue."
Morrowind.esm,Dagger of Judgement,Dagger of Judgement,A jagged chitin dagger features an irregular amber blade bound to a segmented insect-shell hilt.
Morrowind.esm,bk_seniliasreport,Senilius' Report,A tightly wound parchment scroll features a worn wooden roller and yellowed edges bound by a frayed cord.
Morrowind.esm,bookskill_unarmored2,"Charwich-Koniinge, Volume 1","A thick octavo volume bound in dark leather covers, featuring a worn spine and aged, yellowed pages."
Tribunal.esm,chitin boots,Chitin Boots,These boots are shaped from lacquered reddish-brown chitin segments laced together over dark leather to protect the feet and ankles.
Morrowind.esm,expensive_pants_01,Expensive Pants,Well-tailored trousers of fine woven fabric feature a smooth front and neatly stitched seams.
Morrowind.esm,fur_bearskin_cuirass,Nordic Bearskin Cuirass,"A thick, shaggy brown bear hide cuirass with crude leather lacing across the front and rough-hewn edges."
Morrowind.esm,iron shardmauler,Iron Shardmauler,"A heavy two-handed iron warhammer built with a thick haft and a massive, brutal blunt head for crushing blows."
Morrowind.esm,devil helm,Devil Helm,A horned helmet of dark metal with a narrow face guard and angular cheek plates evoking a demonic visage.
Morrowind.esm,p_fortify_endurance_b,Bargain Fortify Endurance,"A cheap, thin-walled glass vial of pale yellow liquid is sealed with a rough cork stopper."
Morrowind.esm,bk_note,A worn and weathered note,"A folded sheet of creased parchment shows frayed edges, faded ink, and a discolored, brittle surface."
Morrowind.esm,misc_com_plate_07,Plate,"A flat, circular ceramic plate with a slightly raised rim and a smooth, unadorned off-white surface."
Morrowind.esm,key_dren_manor,Dren's Manor Key,"A standard brass key cut with a simple ward pattern, fitted to a plain bow handle for opening Dren's Manor."
Morrowind.esm,Light_De_Candle_23_177,Brass Candlestick,"A slender brass candlestick with a wide circular base, a narrow central stem, and a small cup."
Tribunal.esm,bk_ConsolationsOfPrayer,The Consolations of Prayer,A thick octavo volume bound in worn leather covers with faded gilt lettering on the spine.
Morrowind.esm,key_Andas_tomb,Key to Andas tomb,"A simple iron key with a flat, notched blade and a plain rectangular bow for the Andas tomb."
Morrowind.esm,bk_notefromnelos,Note from Nelos,A single folded sheet of parchment bearing handwritten ink text across its slightly curled edges.
Morrowind.esm,merisan_cuirass,Merisan Cuirass,A netch leather cuirass with a hardened dark hide torso and segmented shoulder flaps.
Morrowind.esm,key_WormLord_tomb,Key to Worm Lord's tomb,"A standard iron key with a simple, notched blade and a plain rectangular bow."
Tribunal.esm,iron broadsword,Iron Broadsword,A straight iron long blade with a wide double-edged tip and a simple crossguard mounted on a leather-wrapped hilt.
Morrowind.esm,gauntlet_horny_fist_r,Right Gauntlet of Horny Fist,"A right netch leather gauntlet with reinforced knuckle ridges and a thick, protective fist plate."
Morrowind.esm,imperial broadsword,Imperial Broadsword,A steel broadsword featuring a straight double-edged blade and a crossguard with a leather-wrapped grip.
Tribunal.esm,BookSkill_Alchemy1,A Game at Dinner,An open octavo book features a worn leather binding and exposed text pages between its covers.
Morrowind.esm,key_ra'zhid,Simple Key,"A simple brass key cut with standard ward-notches along its flat, unadorned blade."
Morrowind.esm,third barrier ring,Third Barrier Ring,An expensive gold ring featuring a raised central band flanked by ornamental ridges and polished to a bright sheen.
Morrowind.esm,key_aldruhn_underground,Small Key,A small iron key with a simple toothed blade and a flat rectangular bow for gripping.
Bloodmoon.esm,BM_bear_right_pauldron_snow,Snow Bear Right Pauldron,A thick right shoulder guard covered in white bear fur and shaped over sturdy leather for cold weather protection.
Morrowind.esm,bookskill_medium armor4,"36 Lessons of Vivec, Sermon 22","A thick octavo volume bound in worn leather covers, its spine bearing faded gilt lettering and age-darkened pages."
Morrowind.esm,common_skirt_02,Common Skirt,"A simple woven skirt of unadorned common fabric, cut in a straightforward shape for everyday wear."
Bloodmoon.esm,ingred_eyeball,Grahl Eyeball,"A large, pale eyeball radiating an unnatural orange flame continuously burns across its veined surface."
Morrowind.esm,dreugh club,Dreugh Club,"A heavy, organic club carved from chitinous dreugh shell, featuring a thick, ridged grip and a broad, knobby striking head."
Morrowind.esm,common_ring_01_tt_mountkand,Common Ring,"A simple polished metal band of modest craftsmanship, fitted for a single finger and lacking any ornamental detail."
Morrowind.esm,steel flameblade,Steel Flameblade,A forged steel short blade features a wavy flame-shaped edge and a straight crossguard mounted on a leather-wrapped hilt.
Morrowind.esm,ingred_roobrush_01,Roobrush,"A small, pale green shrub with slender, woody stems and clusters of tiny, rounded leaves."
Morrowind.esm,bound_battle_axe,Bound Battle Axe,"A shimmering daedric battle axe formed from conjured red metal, featuring a thick haft and jagged crescent blades."
Tribunal.esm,bk_AnnotatedAnuad,The Annotated Anuad,"A thick octavo volume bound in worn leather covers, its spine bearing faded ink annotations alongside the printed text."
Morrowind.esm,common_ring_01_fg_nchur02,Common Ring,A simple unadorned metal ring with a polished band and smoothly joined edges.
Morrowind.esm,p_fire_resistance_c,Cheap Fire Resistance,"A small, inexpensive glass vial holds a reddish liquid sealed with a plain cork stopper."
Tribunal.esm,Indoril_MH_Guard_Pauldron_L,Her Hand's Left Pauldron,A golden left shoulder plate shaped with layered fluting and secured by dark leather straps.
Morrowind.esm,bk_BriefHistoryofWood_01,No-h's Picture Book of Wood,A slim octavo-bound book with a plain wooden board cover bearing no visible title or ornamentation.
Bloodmoon.esm,BM_Ice_Boots,Ice Armor Boots,"Translucent pale boots carved from ice, shaped with overlapping plates and a ridged sole for traction."
Morrowind.esm,cruel viperblade,Cruel Viperblade,"A short blade with a wavy, serpentine edge and a hilt sculpted to resemble a dragon's head."
Morrowind.esm,expensive_shirt_01_a,Expensive Shirt,"A finely woven, close-fitting shirt featuring stitched seams and subtle decorative embroidery along the collar."
Morrowind.esm,iron spear,Iron Spear,A long two-handed spear fitted with a plain iron leaf-shaped blade atop a simple wooden shaft.
Morrowind.esm,key_shilipuran,Shilipuran's Key,"A slender brass key with a simple rectangular bow, a short shaft, and a flat single-toothed bit."
Morrowind.esm,Gold_Dae_cursed_005,Gold,Five small round gold coins bear faint relief marks on their worn yellow surfaces.
Morrowind.esm,the_chiding_cuirass,The Chiding Cuirass,"A cuirass formed from overlapping chitin plates, the insect shell segments fitted together in layered rows."
Morrowind.esm,light_de_candle_06,Ceramic Candlestick,"A pale ceramic candlestick with a wide circular base, a slender central stem, and a small cup."
Tribunal.esm,silver_helm_uvenim,Imperial Silver Helm,A polished silver helmet shaped with an Imperial silhouette and fitted with protective cheek guards.
Morrowind.esm,BookSkill_Speechcraft1,Biography of the Wolf Queen,A bound octavo volume featuring a worn leather cover that encloses cream-colored pages filled with dense ink script.
Bloodmoon.esm,steel_helm,Steel Helm,"A rounded steel helmet with a narrow face guard and a short, flared neck guard, forged from polished gray metal."
Bloodmoon.esm,sc_witchnote,Note from a Glenmoril Witch,"A folded parchment scroll bearing handwritten text from a Glenmoril witch, its edges slightly curled with age."
Morrowind.esm,key_telbranoratower,Simple Key,"A plain iron key with a simple bit and bow, showing no ornamentation beyond its functional shape."
Morrowind.esm,BookSkill_Axe5,"36 Lessons of Vivec, Sermon 16",A thick octavo volume bound in dark leather with a worn spine and gilt-edged pages bearing the sixteenth sermon.
Morrowind.esm,bk_auranefrernis3,Aurane Frernis' Recipies,"An open, rolled parchment scroll bearing handwritten recipes in dark ink across its aged, yellowed surface."
Morrowind.esm,Misc_SoulGem_Petty,Petty Soul Gem,"A small, translucent blue crystal vessel carved into a tapered, angular shape for containing minor souls."
Tribunal.esm,bk_diary_sailor,Diary of a Lost Sailor,"A tightly wound paper scroll bearing handwritten text, secured with a worn cord and yellowed at the exposed edges."
Morrowind.esm,key_vivec_hlaalu_cell,Hlaalu Compound Cell Key,"A brass key with a rectangular bow and simple bit, fitted with a small ring for attaching to a cord."
Morrowind.esm,misc_vivec_ashmask_01,Vivec Ashmask,"A pale ceremonial mask depicting Vivec, shaped from smooth ash with angular features and a tall, ridged crest."
Morrowind.esm,fiend longbow,Fiend Longbow,A tall steel longbow with a thick curved stave and reinforced limbs fitted with a taut bowstring.
Morrowind.esm,p_fortify_luck_q,Quality Potion of Fortify Luck,"A tall, rounded glass flask holds a golden liquid and is sealed with a smooth green stopper."
Morrowind.esm,bk_a1_1_packagedecoded,decoded package,"A rolled parchment scroll bearing densely penned text deciphered from an encoded message, secured with a torn wax seal."
Morrowind.esm,p_spell_absorption_q,Quality Spell Absorption,"A small, round glass flask containing a dark, swirling liquid and sealed with a smooth cork stopper."
Morrowind.esm,bk_NGastaKvataKvakis_o,N'Gasta! Kvata! Kvakis!,"An open octavo book with a weathered binding and exposed pages of densely inked, unfamiliar script."
Morrowind.esm,hearth belt,Hearth Belt,An expensive leather belt fitted with a polished metal buckle and stitched along the edges with contrasting thread.
Morrowind.esm,bk_frontierconquestaccommodat,"Frontier, Conquest...",A thick octavo book with a worn leather cover and a faded paper label glued to the spine.
Morrowind.esm,key_Rufinus_Alleius,Rufinus Alleius' Key,"A simple iron key cut with standard ward-notches, fitted to a small round bow for a familiar house lock."
Morrowind.esm,apparatus_m_calcinator_01,Master's Calcinator,"A wide bronze bowl with a flat perforated lid and three sturdy legs, showing green patina along the rim."
Morrowind.esm,light_com_candle_09,Pewter Candlestick,"A simple, unadorned pewter candlestick with a wide circular base and a central socket for holding a candle."
Morrowind.esm,dwemer_bracer_right,Dwemer Right Bracer,"A heavy golden-metal bracer shaped for the right forearm, constructed from curved Dwemer brass plates with riveted seams."
Morrowind.esm,misc_de_goblet_08,Goblet,A slender stemmed drinking goblet with a wide bowl and circular footed base crafted from polished dark material.
Morrowind.esm,key_eldafire,Small Key,"A small, standard-shaped metal key features a simple bow and a cut bit for turning a basic lock."
Morrowind.esm,artifact_amulet of heartrime,Amulet of Heartrime,"A circular amulet fashioned from pale metal, centered with a frosted blue gemstone and etched with delicate frost patterns."
Morrowind.esm,ring of wildfire,Ring of Wildfire,An extravagant gold ring formed into a wide band with raised flame-shaped filigree along its outer face.
Morrowind.esm,hawkshaw ring,Hawkshaw Ring,A simple circular band of plain bronze metal forms this unadorned common finger ring.
Morrowind.esm,index_indo,Indoranyon Propylon Index,"A faceted crystalline shard of dark reddish stone, smoothly polished and shaped to fit a propylon chamber slot."
Morrowind.esm,BookSkill_Mysticism3,"36 Lessons of Vivec, Sermon 4","A compact octavo bound in dark leather covers, featuring worn pages and a subtle ornamental border stamped along the spine."
Tribunal.esm,black dart,Black Dart,A slender black throwing dart with a sharp steel tip and three small fletching fins at the rear.
Tribunal.esm,lords_cuirass_unique_x,Lord's Mail,"A silver cuirass with golden trim, sculpted into a muscular torso with a prominent central ridge and flared waist."
Morrowind.esm,ring of tears,Ring of Tears,A simple circular band of dark metal with a small teardrop-shaped stone set into the front.
Morrowind.esm,p_detect_key_s,Potion of Detect Key,"A fresh, translucent green liquid fills a small rounded glass vial sealed with a smooth cork stopper."
Morrowind.esm,saint's black sword,Saint's Black Sword,"A short sword forged from dark ebony, its black blade shaped for one-handed slashing thrusts."
Morrowind.esm,Misc_SoulGem_Lesser,Lesser Soul Gem,"A small, translucent blue crystal vessel carved cut to contain and display captured spiritual essence."
Morrowind.esm,writ_belvayn,Honorable Writ of Execution,"A tightly rolled paper scroll secured with a dark cord, bearing official text across its cream-colored surface."
Morrowind.esm,shockeater robe,Shockeater Robe,"A long, extravagant robe featuring a single-shoulder construction with a wide, flowing drape."
Morrowind.esm,common_shirt_01_a,Common Shirt,"A simple, short-sleeved common shirt with a plain collar and unadorned, sturdy cloth construction."
Bloodmoon.esm,steel_shield,Steel Shield,"A broad rectangular shield forged from polished steel, fitted with a sturdy central boss and reinforced steel rim."
Morrowind.esm,light_de_lantern_06_64,Glass Lantern,A transparent glass lantern with a sturdy metal frame and a small internal flame burning within its protective enclosure.
Morrowind.esm,misc_com_redware_bowl_01,Bowl,A shallow redware bowl with smoothly curved sides rising from a small circular base to a rounded rim.
Morrowind.esm,light_de_lantern_06_177,Glass Lantern,A transparent glass lantern with a sturdy metal frame and a small internal fuel reservoir for carrying light.
Morrowind.esm,light_com_lantern_01_77,Travel Lantern,"A portable oil lantern of riveted brass construction, featuring a protective cage of thin metal ribs and a sturdy carrying handle."
Morrowind.esm,sc_ondusisunhinging,Scroll of Ondusi's Unhinging,"A rolled parchment scroll secured with a worn cord, featuring faded ink script across its yellowed surface."
Morrowind.esm,orcish_towershield,Orcish Tower Shield,"A tall rectangular shield of dark orcish metal, reinforced with heavy bands across its broad face."
Morrowind.esm,sc_brevasavertedeyes,Scroll of Breva's Averted Eyes,"A tightly wound parchment scroll features a worn wooden roller and a frayed, curling edge."
Morrowind.esm,shadowmask ring,Shadowmask Ring,"An extravagant ring crafted from polished dark metal, its wide band bearing intricate shadowy engravings along the outer surface."
Morrowind.esm,key_Saren_tomb,Key to Saren tomb,"A plain iron key with a rectangular bow and a simple single-toothed bit, showing slight tarnish along its edges."
Tribunal.esm,DarkBrotherhood Helm,Dark Brotherhood Helm,A close-fitting black leather helmet featuring a narrow face guard and pointed cheek protectors.
Tribunal.esm,bk_suicidenote,"For Shara, on my death","A creased parchment scroll bearing a hastily inked farewell message, its edges slightly darkened with age."
Morrowind.esm,Light_De_Lantern_01_128,Paper Lantern,"A pale paper cylinder encloses a central candle, supported by a thin wooden frame with a small handle."
Morrowind.esm,amulet of mark,Amulet of Mark,A costly golden amulet suspending a polished circular medallion from a slender chain.
Morrowind.esm,misc_com_bucket_boe_UNIb,Bucket,"A cylindrical wooden bucket with a flat bottom, vertical staves, and a curved handle spanning its open top."
Morrowind.esm,common_robe_02,Common Robe,"A simple, unadorned long-sleeved robe of coarse, undyed fabric with a plain folded collar and loose fit."
Morrowind.esm,othril_ring,Othril Ring,An expensive gold ring with a polished gemstone set into its thick rounded band.
Morrowind.esm,spirit of indoril,Spirit of Indoril,"A tall, rounded shield of golden metal adorned with ornate Indoril heraldry and polished bronze trim."
Bloodmoon.esm,silver viperslayer,Silver Viperslayer,A two-handed silver claymore features a long double-edged blade and a crossguard mounted on a leather-wrapped hilt.
Morrowind.esm,common_ring_01_haunt_Ken,Common Ring,A simple circular band of dull bronze metal shaped to fit upon a finger.
Tribunal.esm,Indoril_Almalexia_shield,Her Hand's Shield,"A tall golden shield shaped like sweeping insect wings, adorned with ornate scrollwork and polished to a bright sheen."
Morrowind.esm,bookskill_security2,"The Wolf Queen, Book I",A compact octavo-bound book features a worn leather spine and a pale cover bearing faded lettering.
Bloodmoon.esm,silver sparkslayer,Silver Sparkslayer,A silver two-handed long blade features a straight crossguard and a long double-edged blade tapering to a sharp tip.
Morrowind.esm,p_drain_magicka_q,Spoiled Cure Poison Potion,"A corked glass phial containing a murky, off-color liquid that has visibly degraded into an ineffective cure poison concoction."
Tribunal.esm,goblin_sword,Goblin Sword,A crude one-handed short blade with a jagged iron edge and a rough bone hilt wrapped in frayed leather.
Morrowind.esm,cloth bracer left,Cloth Left Bracer,A left bracer formed from layered cloth wraps bound tightly to protect the forearm.
Morrowind.esm,sc_invisibility,Scroll of Invisibility,"A tightly wound parchment scroll with yellowed edges and a worn, unadorned wooden roller at each end."
Morrowind.esm,bk_BookOfRestAndEndings,Book of Rest and Endings,"A thick octavo volume bound in dark leather covers, featuring a worn spine and faded gilt lettering along the front."
Bloodmoon.esm,BM Wolf Helmet,Wolf Helmet,"A carved helmet shaped like a wolf head, featuring pointed ears, an elongated snout, and a protective face guard."
Morrowind.esm,iron warhammer,Iron Warhammer,"A heavy two-handed hammer forged from dark iron, featuring a thick rectangular head mounted on a long wooden shaft."
Bloodmoon.esm,silver spear,Silver Spear,A long two-handed spear features a polished silver blade mounted atop a sturdy wooden shaft.
Morrowind.esm,ingred_6th_corprusmeat_04,Wrapped Corprusmeat Hunk,"A rough, misshapen hunk of diseased flesh is bound tightly in stained cloth wrappings, its surface mottled with unnatural discoloration."
Tribunal.esm,bladepiece_02,Broken Dwemer Blade Piece,"A jagged left half of a Dwemer blade fragment, its dark bronze metal bearing faint geometric engravings along the broken edge."
Morrowind.esm,sc_lesserdomination,Scroll of Lesser Domination,"A rolled parchment scroll bound with a simple cord, featuring faded ink script across its yellowed surface."
Morrowind.esm,ebony_pauldron_left,Ebony Left Pauldron,"A dense, dark ebony left pauldron covers the shoulder with angular plates and a glossy black sheen."
Morrowind.esm,p_disease_resistance_c,Cheap Disease Resistance,"A small, inexpensive glass vial of thin, pale liquid is sealed with a simple cork stopper."
Morrowind.esm,steel flameskewer,Steel Flameskewer,A two-handed steel spear features a slender shaft and a pointed blade forged with flame-like edges.
Morrowind.esm,bk_notes-kagouti mating habits,Kagouti Mating Habits,"A worn octavo volume bound in plain leather, its cover bearing the title about kagouti behavior."
Bloodmoon.esm,ingred_belladonna_02,Unripened Belladonna Berries,"Pale green unripened berries grow in small, round clusters on thin, dark stems."
Tribunal.esm,King's_Oath_pc,King's Oath,"A heavy two-handed claymore forged from black Daedric metal, featuring a long blade and an ornate, jagged hilt."
Morrowind.esm,netch_leather_greaves,Netch Leather Greaves,"Segmented panels of boiled netch hide form these leg guards, secured together by sturdy leather strapping."
Morrowind.esm,succour of indoril,Succour of Indoril,"A tall elliptical shield formed from gold-hued metal, bordered by ornate scrollwork and centered with a prominent triangular boss."
Morrowind.esm,bk_BiographyBarenziah3,Biography of Barenziah v III,"A compact octavo volume bound in worn leather covers, featuring faded text across its thick pages."
Morrowind.esm,bound_spear,Bound Spear,"A two-handed Daedric spear formed from conjured matter, featuring a long haft and a jagged ebony blade."
Morrowind.esm,key_nileno_dorvayn,Small Key,"A small, plain iron key with a simple bit and a rounded bow, showing minor tarnish along its shaft."
Morrowind.esm,dire shardsword,Dire Shardsword,"A short-bladed sword constructed from jagged, dark shards of material forming an uneven, wickedly pointed blade."
Morrowind.esm,expensive_amulet_03,Expensive Amulet,"A polished golden disc pendant suspended from a fine chain, featuring an engraved central gemstone mount."
Morrowind.esm,BookSkill_Heavy Armor3,Chimarvamidium,"A thick, open folio with a worn leather binding and aged, densely inked pages bound between stiff covers."
Morrowind.esm,p_cure_common_s,Potion of Cure Common Disease,"A fresh green liquid fills this small rounded glass vial, which is sealed with a smooth cork stopper."
Morrowind.esm,key_llethrimanor_01,Llethri Manor Key,A standard iron key with a simple rectangular bow and a single-toothed bit.
Morrowind.esm,misc_dwrv_cursed_coin00,Dwemer Coin,A flat circular coin of tarnished golden metal bearing geometric Dwemer relief patterns on both faces.
Morrowind.esm,silence charm,Silence Charm,An expensive golden amulet suspending a polished charm from a slender chain of interlocking links.
Morrowind.esm,bookskill_spear4,"36 Lessons of Vivec, Sermon 24","A tall octavo of sepia parchment bound in dark leather covers, displaying faintly stamped geometric ornaments along the spine."
Morrowind.esm,soulpinch charm,Soulpinch Charm,An expensive gold amulet formed into a curved teardrop shape and strung on a thin cord.
Morrowind.esm,bookskill_hand to hand3,"Charwich-Koniinge, Volume 2",A tall octavo volume bound in worn leather covers with faded gilt lettering on the spine.
Bloodmoon.esm,misc_beaker_01,Beaker,"A thin-walled glass vessel with a wide cylindrical body, flared rim, and flat bottom."
Morrowind.esm,key_Aleft_chest,Key to Aleft chest,A small brass key with a simple rectangular bow and a notched blade for opening a chest.
Morrowind.esm,dire sparkbolt ring,Dire Sparkbolt Ring,"A common circular band ring of plain dark metal, its surface unadorned and showing no visible ornamentation."
Morrowind.esm,Light_Com_Candle_12,Pewter Candlestick,"A simple cast pewter stand with a wide circular base, a slender central stem, and a small cup."
Morrowind.esm,common_pants_03_b,Common Pants,"Plain woven trousers with a loose cut and unadorned hems, dyed a solid dark shade."
Morrowind.esm,Light_De_Lantern_01,Paper Lantern,A rectangular paper lantern with thin wooden ribbing emits a soft glow through its translucent pale walls.
Morrowind.esm,Blood_Feast_Shield,Blood Feat Shield,A tall steel tower shield bearing a dark crimson emblem painted across its broad front face.
Morrowind.esm,fighter_ring,Fighter Ring,A plain metal band of common craftsmanship with a smooth unadorned surface and simple circular form.
Bloodmoon.esm,wolfwalkers,Paws of the Wolf-Runner,Thick gray wolf pelts are stitched together to form these rugged fur boots with prominent clawed paws.
Tribunal.esm,katana_goldbrand_unique_x,Goldbrand,"A curved single-edged long blade forged from polished gold, featuring a slender hilt wrapped in matching metallic cord."
Morrowind.esm,life belt,Life Belt,A common thick leather belt with a sturdy single-prong buckle and simple rounded band construction.
Morrowind.esm,steel staff,Steel Staff,A tall two-handed staff of polished steel features a slender shaft and a heavy cylindrical head.
Morrowind.esm,ingred_kwama_cuttle_01,Kwama Cuttle,"A pale, squarish slab of resilient kwama cuttle bearing a rough, fibrous texture and faintly mottled surface patterns."
Morrowind.esm,steel vipermace,Steel Vipermace,A steel one-handed mace features a heavy head sculpted into the shape of a coiled viper ready to strike.
Morrowind.esm,key_omani_01,Omani Manor Key,A bronze temple key cast with ornate religious symbols and fitted to a simple iron ring.
Bloodmoon.esm,key_gyldenhul,Key to Gyldenhul,"A plain iron key cut with standard notches along its simple, unadorned blade."
Morrowind.esm,BookSkill_Armorer1,The Armorer's Challenge,"An open folio bound in worn leather, its thick pages filled with dense, closely written instructional text."
Bloodmoon.esm,bk_leggejournal,Settler's Journal,"A worn, leather-bound folio with a stitched spine contains faded handwritten entries on yellowed parchment pages."
Morrowind.esm,steel throwing knife,Steel Throwing Knife,A compact steel throwing blade features a dragon-shaped hilt and a short double-edged piercing tip.
Morrowind.esm,bk_A1_7_HuleeyaInformant,Notes from Huleeya,"A rolled parchment scroll bearing handwritten notes, its yellowed surface showing faint creases from handling and storage."
Morrowind.esm,text_paper_roll_01,Rolled Paper,A tightly rolled sheet of pale paper secured in a cylindrical form as a scroll.
Morrowind.esm,key_camp,Iron Key,"A simple iron key with a flat, notched blade and a plain rectangular bow."
Bloodmoon.esm,silver dart,Silver Dart,A slender silver throwing dart features a sharply pointed tip and flared tail fins for stable flight.
Bloodmoon.esm,bk_five_far_stars,The Five Far Stars,"A worn octavo book bound in dark leather, its spine stitched with coarse thread and covers unadorned."
Bloodmoon.esm,apparatus_j_retort_01,Journeyman's Retort,A rounded glass retort with a long curving neck and a wide bulbous body resting on a sturdy base.
Morrowind.esm,Caius_ring,Caius' Ring,A simple common ring of unadorned bronze metal showing moderate wear across its smooth circular band.
Morrowind.esm,Extravagant_Robe_01_Red,Redas Robe of Deeds,A luxurious floor-length robe of deep crimson fabric features wide dangling sleeves and a loosely draped cowled collar.
Morrowind.esm,key_Sandas_tomb,Key to Sandas tomb,A plain iron key with a simple toothed blade and a flat rectangular bow intended for Sandas tomb.
Morrowind.esm,dwemer_shield,Dwemer Shield,"A large, round shield forged from heavy Dwemer metal, reinforced with cross-shaped bands and a prominent central boss."
Morrowind.esm,exquisite_ring_01,Exquisite Ring,A wide gold band features an intricate filigree setting holding a large polished gemstone.
Bloodmoon.esm,sc_fjellnote,Bloody Note,"A bloodstained scrap of parchment bears dark crimson stains across its creased, off-white surface."
Morrowind.esm,key_assemanu_02,Old Key,"A weathered brass key cast with a rectangular bow and a simple single-toothed bit, bearing faint religious motifs."
Morrowind.esm,ingred_gold_kanet_01,Gold Kanet,"A cluster of small golden flowers attached to slender green stems, with delicate petals radiating outward from pale centers."
Morrowind.esm,BookSkill_Alteration1,Breathing Water,"A thick octavo book bound in worn leather covers, its spine lined with faded gilt lettering and aged parchment pages."
Bloodmoon.esm,BM_Ice_greaves,Ice Armor Greaves,"Translucent pale blue leg plates carved from solid ice, fitted together with frost-rimed joints over the shins."
Morrowind.esm,dire viperbolt ring,Dire Viperbolt Ring,A plain metal band surmounted by a small stylized viper head with bared fangs facing outward.
Morrowind.esm,key_galmis,Dagoth Galmis's Key,A standard iron key with a simple rectangular bow and a notched blade extending from its shoulder.
Morrowind.esm,steel_pauldron_left,Steel Left Pauldron,"A curved steel shoulder plate shaped to cover the left arm, secured by leather straps and riveted metal bands."
Morrowind.esm,sc_taldamsscorcher,Scroll of Taldam's Scorcher,"A tightly wound parchment scroll features a worn wooden roller and a frayed, curling tie ribbon."
Morrowind.esm,spark arrow,Spark Arrow,A steel arrowhead with a slender wooden shaft and fletched feathers is fitted to a notched wooden nock.
Bloodmoon.esm,BM ice mace,Stalhrim Mace,"A crystalline pale blue mace carved from stalhrim, its heavy head bristling with jagged ice-like flanges around a frosty haft."
Morrowind.esm,common_belt_01,Common Belt,"A plain, sturdy leather belt fitted with a small, unadorned metal buckle for fastening at the waist."
Morrowind.esm,robe of burdens,Robe of Burdens,"A long, common-style robe of plain weave with a modest cut and unadorned draping fabric."
Morrowind.esm,sc_bloodthief,Scroll of The Blood Thief,"A curled parchment scroll with age-darkened edges and worn tie cords, wound around a slender wooden roller."
Morrowind.esm,p_restore_health_b,Bargain Restore Health,"A small, cheaply made glass vial of thin red liquid is sealed with a rough wooden stopper."
Morrowind.esm,extravagant_robe_02,Extravagant Robe,"A long, flowing robe of richly colored fabric features wide sleeves and elaborate embroidered trim along the collar and hem."
Bloodmoon.esm,BM_ice_minion_lance,Riekling Lance,"A short one-handed lance carved from pale ice, its broad leaf-shaped blade reinforced with frost along the central ridge."
Morrowind.esm,torch_157,Torch,"A wooden torch wrapped with cloth at the top, bound by a metal band, and fitted with a worn grip."
Morrowind.esm,dwarven_hammer_volendrung,Volendrung,A heavy two-handed Dwarven hammer featuring a massive geometric head of golden metal atop a thick shaft.
Morrowind.esm,apparatus_a_calcinator_01,Apprentice's Calcinator,"A shallow brass calcinator with a wide rim, a flat perforated base, and three stubby support legs."
Morrowind.esm,bookskill_light armor5,"36 Lessons of Vivec, Sermon 28","A thick octavo volume bound in worn leather covers, featuring faded text printed across its aged pages."
Tribunal.esm,amulet of verbosity,Amulet of Verbosity,"An extravagant amulet of polished gold suspended from a thick chain, centered with a large, ornate pendant."
Morrowind.esm,glass longsword,Glass Longsword,A crystalline one-handed long blade with a faintly translucent green blade and a matching hilt.
Morrowind.esm,key_Dareleth_tomb,Key Dareleth tomb,A plain iron key with a simple rectangular bow and a single-cut bit.
Morrowind.esm,key_assi,Assi's Key,"A small, plain iron key cut with standard ward-notches along its simple working end."
Morrowind.esm,iron sparkblade,Iron Sparkblade,A short iron blade with a straight double edge and a simple crossguard affixed to a plain hilt.
Morrowind.esm,ring of ice bolts,Ring of Ice Bolts,A thick silver band supports a pronged setting holding a pale blue gemstone carved with radiating frost lines.
Morrowind.esm,wooden staff of divine,Wooden Staff of Judgement,"A tall two-handed wooden staff bearing carved judicial symbols along its smooth, bark-stripped shaft."
Bloodmoon.esm,BM Wolf Left Pauldron,Wolf Left Pauldron,A left shoulder guard crafted from thick grey wolf hide and fastened with leather straps.
Morrowind.esm,bk_notetoinorra,Note to Inorra,"A rolled parchment scroll of lightweight, yellowed hide tied loosely with a narrow cord, bearing rows of faded ink handwriting."
Morrowind.esm,ingred_corprus_weepings_01,Corprus weepings,"A foul, yellowish lump of diseased tissue oozing thick, viscous fluid characteristic of the corprus affliction."
Morrowind.esm,bk_BlackGlove,The Black Glove,A black octavo book bound in dark leather with a faintly textured cover and worn edges.
Morrowind.esm,herder_crook,Herder's Crook,"A tall silver staff with a curved crook at the top, polished to a bright metallic sheen."
Morrowind.esm,p_restore_speed_b,Bargain Restore Speed,"A cheap, thin-glass vial of pale, watery liquid sealed with a rough cork stopper."
Morrowind.esm,key_kudanatslaves_01,Kudanat Slave Key,A flat metal key with a rectangular bow and a single tooth at the end of its shaft.
Morrowind.esm,bk_NoteFromJ'Zhirr,Note from J'zhirr,A curled paper scroll bearing a brief handwritten message in dark ink with slightly frayed edges along its bottom.
Bloodmoon.esm,BM_wolf_boots_snow,Snow Wolf Boots,White snow wolf fur boots with thick hide soles and laced front closures reaching to the mid-calf.
Morrowind.esm,bk_DoorsOfTheSpirit,The Doors of the Spirit,An open quarto volume features a stitched binding holding gathered folios between flexible covers of worn leather.
Morrowind.esm,p_restore_magicka_c,Cheap Restore Magicka,"A thin, crude glass vial holds a pale, murky liquid sealed with a small wooden stopper."
Bloodmoon.esm,BM_Wool01_gloveL,Left Glove,A plain left glove of thickly woven cream wool with unfinished seams and an unadorned cuff.
Morrowind.esm,misc_de_lute_01,Lute,"A wooden lute features a rounded body, a long narrow neck, and a flat soundboard strung with multiple strings."
Tribunal.esm,bonemold_helm,Bonemold Helm,"A heavy helmet shaped from lacquered bonemold resin, featuring a broad face guard and angular cheek plates."
Morrowind.esm,st. felm's fire,St. Felm's Fire,"A thick gold ring set with a polished crimson gemstone, its wide band engraved with radiating flame motifs."
Morrowind.esm,shockbite halberd,Shockbite Halberd,A steel-halberd polearm fitted with a long spike and a broad axe blade mounted on a sturdy wooden shaft.
Bloodmoon.esm,bk_snowprince,Fall of the Snow Prince,"An open octavo volume featuring a thick, bound spine and exposed pages fanned across a flat reading surface."
Morrowind.esm,bk_falljournal_unique,Journal of Tarhiel,"A worn folio bound in dark leather, its thin pages filled with cramped handwriting and erratic marginalia."
Morrowind.esm,ingred_scuttle_01,Scuttle,"A yellowish, lumpy, irregular mass of soft, cheese-like substance with a slightly greasy sheen."
Morrowind.esm,widowmaker_unique,Widowmaker,A heavy two-handed axe bears a Nordic iron head with a broad curved blade fitted to a long wooden shaft.
Morrowind.esm,wooden staff,Wooden Staff,"A simple two-handed staff of pale, rough-hewn wood with a tapered shaft and unadorned grip."
Morrowind.esm,right gauntlet of horny fist,Right Gauntlet of Horny Fist,"A chitin right gauntlet fashioned from dark, ridged insect shell segments bound with sturdy cord."
Morrowind.esm,p_restore_intelligence_q,Quality Restore Intelligence,A tapered glass vial of refined shape holds a pale blue liquid sealed with a smooth cork stopper.
Morrowind.esm,silver_helm,Imperial Silver Helm,A polished silver helmet shaped with a broad nasal guard and fitted cheek plates protecting the wearer's face.
Morrowind.esm,bk_arrilles_tradehouse,tradehouse notice,"A rolled parchment scroll bearing a posted notice concerning the local tradehouse, written on creased, yellowed animal skin."
Morrowind.esm,steel staff of chastening,Steel Staff of Chastening,A tall two-handed staff of polished steel features a cylindrical shaft and a plain rounded finial.
Morrowind.esm,icebreaker,Icebreaker,"A heavy one-handed mace built around a thick haft and a solid, roughly spherical striking head."
Morrowind.esm,ring of sphere of negation,Ring of Sphere of Negation,An expensive gold ring featuring a prominent spherical setting designed to hold a negation ward.
Tribunal.esm,ebony war axe_elanande,Elanande's War Axe,A dark ebony one-handed war axe featuring a heavy crescent blade mounted on a short reinforced haft.
Bloodmoon.esm,ingred_emerald_01,Emerald,"A faceted green gemstone cut into a symmetrical shape with smooth, polished surfaces."
Morrowind.esm,bk_notetovalvius,Note to Valvius,"A creased parchment scroll bearing a brief handwritten message addressed to Valvius, with slightly curled edges."
Morrowind.esm,ingred_raw_glass_tinos,Raw Glass,"A rough, translucent shard of pale green glass with jagged edges and an uneven, naturally fractured surface."
Morrowind.esm,common_shirt_02_h,Common Shirt,"A plain, short-sleeved shirt of undyed rough linen with a simple laced neckline and loose, unadorned cut."
Morrowind.esm,p_lightning shield_q,Quality Lightning Shield,A small rounded glass vial of pale yellow liquid sealed with a cork stopper and fitted with a decorative wire bail.
Morrowind.esm,key_Salvel_tomb,Key to Salvel tomb,A plain brass key with a simple toothed blade and a square bow.
Morrowind.esm,expensive_ring_02,Expensive Ring,A thick gold band features a prominent oval gemstone set between two small sculpted mounts.
Morrowind.esm,iron throwing knife,Iron Throwing Knife,"A small, flat iron blade tapers to a sharp tip and features a plain, unadorned grip for balanced throwing."
Morrowind.esm,p_drain_endurance_q,Spoiled SlowFall Potion,"A round-bottomed flask of cloudy, spoiled liquid sealed with a plain cork stopper."
Morrowind.esm,bk_CalderaMiningContract,Caldera Mining Contract,An unrolled parchment scroll displays a formal contract written in dark ink across its cream-colored surface.
Morrowind.esm,imperial netch blade,Imperial Netch Blade,A short Imperial blade bears a straight double-edged steel blade fitted to a simple crossguard and leather-wrapped grip.
Morrowind.esm,gripes charm,Gripes Charm,"A common circular amulet strung on a cord, fashioned from plain unadorned metal with a worn surface."
Morrowind.esm,we_stormforge,Stormforge,A two-handed spear of Dwemer make features a long brass-colored metal shaft topped with a broad angular halberd blade.
Morrowind.esm,key_Aran_tomb,Key to Aran tomb,"A plain iron key with a simple rectangular bow, a short straight shaft, and a single cut bit."
Morrowind.esm,iron shardslayer,Iron Shardslayer,"A heavy two-handed iron sword with a long, straight blade and a simple crossguard for powerful slashing attacks."
Morrowind.esm,Airan_Ahhe's_Spirit_Spear_uniq,Airan-Ahhe's Spirit Spear,"A long two-handed spear built from lightweight chitin, featuring a sharpened tip and a textured organic shaft."
Morrowind.esm,azura_star_unique,Azura's Star,A multifaceted prismatic gemstone is cut into a star shape and smoothly polished to a gleaming finish.
Morrowind.esm,ingred_ghoul_heart_01,Ghoul Heart,"A dark, fleshy organ with a shriveled, lopsided shape and coarse veins trailing across its surface."
Morrowind.esm,dire frostarrow,Dire Frostarrow,A bonemold arrowshaft tipped with a barbed head and fletched with short feathers for stable flight.
Bloodmoon.esm,BM bear cuirass,Bear Cuirass,"A cuirass of thick, shaggy brown bear hide stretched over a shaped leather frame for torso protection."
Bloodmoon.esm,common_robe_unique,Glenmoril Witch Robe,"A loose black robe of coarse fabric with wide sleeves and a deep hood, sewn with plain, unadorned edges."
Morrowind.esm,extravagant_rt_art_wild,Gambolpuddy,An extravagant right glove of fine material shaped to fit the hand with elegant stitching and a richly dyed surface.
Morrowind.esm,katana_goldbrand_unique,Goldbrand,A curved gold-hilted katana with a blazing orange blade etched with fiery runic patterns along its luminous fuller.
Bloodmoon.esm,BM_Wool01_shoes,Common Shoes,"Simple woolen shoes crafted from coarse, un-dyed fiber with stitched seams and unadorned, rounded toe coverings."
Morrowind.esm,extravagant_skirt_01,Extravagant Skirt,"A flowing skirt of rich fabric, tailored with a wide lower hem and gathered at the waistband."
Morrowind.esm,p_paralyze_q,Quality Potion of Paralyze,"A tall, angular glass vial sealed with a fitted stopper, containing a pale greenish liquid of somewhat refined clarity."
Morrowind.esm,Misc_Inkwell,Inkwell,"A small round-bottomed glass vessel with a narrow neck, filled with dark ink and fitted with a snug lid."
Morrowind.esm,woe charm,Woe Charm,"A small plain pendant on a thin cord, fashioned from common materials without visible ornamentation or engraving."
Morrowind.esm,glass_pauldron_left,Glass Left Pauldron,A curved left shoulder guard of green glass features angular plates and prominent raised flanges.
Morrowind.esm,bk_BriefHistoryEmpire2_oh,Odral's History of the Empire 2,"A quarto-bound volume featuring a worn leather cover that encloses thick, age-yellowed pages of dense script."
Morrowind.esm,p_restore_health_c,Cheap Restore Health,"A thin, colorless liquid fills a small, roughly shaped glass vial stoppered with a plain wooden plug."
Morrowind.esm,imperial helmet armor,Imperial Steel Helmet,A steel helmet with a rounded dome and a narrow nose guard extending down from the brow.
Morrowind.esm,extravagant_ring_02,Extravagant Ring,A thick gold band supports a prominent oval gemstone flanked by twin scrollwork mounts of polished metal.
Morrowind.esm,bk_sottildescodebook,Sottilde's Code Book,"A slim octavo volume bound in worn leather covers, its spine bearing no visible title or marking."
Morrowind.esm,p_cure_paralyzation_s,Potion of Cure Paralyzation,"A fresh, round glass vial sealed with a cork stopper and filled with a clear, pale green liquid."
Bloodmoon.esm,templar_helmet_armor,Imperial Templar Helmet,A polished steel helmet with a tall forward-curving crest and broad cheek guards covering the face.
Morrowind.esm,p_fortify_speed_c,Cheap Potion of Fortify Speed,"A cheap rectangular vial of thin glass holds a pale, unremarkable liquid sealed with a simple cork stopper."
Morrowind.esm,bk_widowdeed,Widow Vabdas' Land Deed,A rectangular parchment scroll bearing the formal land deed text in faded dark ink.
Morrowind.esm,p_silence_b,Bargain Potion of Silence,"A cheap, thin-glass vial of murky liquid, sealed with a rough cork and bearing no ornamentation."
Morrowind.esm,key_Sarano_tomb,Key to Sarano tomb,A plain iron key cut with standard ward-notches and fitted with a simple rectangular bow.
Morrowind.esm,staff_of_llevule,Staff of Llevule,A tall two-handed wooden staff shaped from pale grain and fitted with a plain rounded head.
Morrowind.esm,daedric_god_helm,Daedric Face of God,"A heavy obsidian helmet featuring elongated cheek guards and a fierce, stylized face carved into the dark metal."
Morrowind.esm,extravagant_glove_right_maur,Maurrie's Right Glove,An extravagant right glove crafted from fine dark leather with elaborate gold embroidery along the cuffs and fingers.
Morrowind.esm,BookSkill_Athletics1,The Ransom of Zarek,"A worn octavo book bound in dark leather, with a faded title stamped across the spine."
Morrowind.esm,misc_de_pot_green_01,Green Pot,"A green ceramic pot with a rounded body, narrow rim, and two small loop handles flanking the sides."
Morrowind.esm,wild flameblade,Wild Flameblade,"A single-edged short blade of pale green glass features a jagged, flame-shaped spine along the cutting edge."
Morrowind.esm,common_shirt_05,Common Shirt,"A simple, loose-fitting common shirt made from coarse woven fabric with a plain collar and unadorned cuffs."
Tribunal.esm,helm_bearclaw_unique_x,Helm of Oreyn Bearclaw,A bronze helmet shaped like a snarling bear head features rounded ears and prominent claw-like ridges sweeping along the sides.
Bloodmoon.esm,bk_BMtrial_unique,Letter from Rigmor to Risi,A creased parchment scroll bearing handwritten text in faded ink across its stained surface.
Bloodmoon.esm,misc_com_broom_01,Broom,A worn wooden broom with a long handle and a bound bundle of stiff straw bristles at the base.
Morrowind.esm,iron claymore,Iron Claymore,A heavy two-handed long blade with a straight iron crossguard and a broad double-edged blade mounted on a leather-wrapped grip.
Morrowind.esm,common_robe_05,Common Robe,"A simple, roughly woven robe with long draping sleeves and an unadorned open front."
Bloodmoon.esm,steel arrow_Carnius,Poisoned Arrow,A steel-tipped arrow with residue coating the head and feather fletching secured to the wooden shaft.
Morrowind.esm,amulet_quarra,Quarra Amulet,An extravagant blood-red gem set within an ornate golden pendant suspended from a delicate chain.
Morrowind.esm,key_eldrar,Simple Key,"A simple iron key with a flat, rectangular shaft ending in a single rectangular tooth, fitted with a plain looped bow."
Morrowind.esm,key_minabi,Simple Key,"A simple iron key with a flat, notched blade and a plain, rectangular bow for gripping."
Morrowind.esm,light_de_candle_19_64,Redware Candle,"A redware candle formed from reddish-brown clay, featuring a wide saucer base and a central cylindrical column supporting the wick."
Morrowind.esm,ebony staff,Ebony Staff,"A tall two-handed staff carved from dense black ebony, its smooth shaft capped by polished dark finials."
Morrowind.esm,key_hinnabi,Simple Key,"A simple iron key with a plain bow and a standard cut bit, showing no ornamentation."
Morrowind.esm,iron shardsword,Iron Shardsword,A forged iron longsword featuring a broad blade with chipped edges and a simple crossguard.
Bloodmoon.esm,ingred_snowwolf_pelt_unique,Snow Wolf Pelt,"A thick white pelt stripped from a snow wolf, bearing dense pale fur suited to arctic cold."
Morrowind.esm,fur_colovian_helm,Colovian Fur Helm,"A rounded leather helmet trimmed with thick brown fur, featuring ear flaps and a short neck guard."
Morrowind.esm,sc_dedresmasterfuleye,Scroll of Dedres' Masterful Eye,"A tightly wound parchment scroll secured with a cord, featuring faded script across its yellowed surface."
Bloodmoon.esm,light_com_candle_09_128,Pewter Candlestick,"A plain, grayish pewter candlestick with a wide, stable base and a central cylindrical socket for holding a candle."
Morrowind.esm,bk_AntecedantsDwemerLaw,Antecedants of Dwemer Law,"A thick quarto volume bound in worn leather, featuring faded gilt lettering across the spine and cover."
Morrowind.esm,ingred_trama_root_01,Trama Root,"A gnarled, rough-skinned root twists into crooked, branch-like tendrils with a dusty brown exterior."
Morrowind.esm,red despair amulet,Red Despair Amulet,A common circular amulet of reddish metal bears a small central gemstone suspended from a slender chain.
Morrowind.esm,common_shirt_02_rr,Common Shirt,A short-sleeved common shirt with a rounded collar and a red and tan checkered pattern across the fabric.
Morrowind.esm,bookskill_restoration1,Withershins,"A rectangular octavo-format book bound in worn leather covers, its pages collected and stitched securely along the spine."
Tribunal.esm,ingred_russula_01,Luminous Russula,"A broad-capped fungus with pale, seemingly phosphorescent coloring and thick, sturdy white gills beneath the rounded cap."
Morrowind.esm,cruel flameblade,Cruel Flameblade,A short-bladed dagger carved with a dragon motif along its dark metal tang and asymmetric flame-shaped guard.
Morrowind.esm,fiend tanto,Fiend Tanto,"A short, curved one-handed blade with a single cutting edge and a hilt shaped for a close grip."
Morrowind.esm,BookSkill_Athletics4,"36 Lessons of Vivec, Sermon 8","A rectangular octavo volume bound in dark leather covers, with faded script marking the spine and aged pages within."
Morrowind.esm,p_restore_magicka_q,Quality Restore Magicka,"A tapered green glass vial sealed with a cork stopper, containing a measure of translucent blue liquid."
Tribunal.esm,bk_Irano_note,handwritten note,A folded parchment sheet bears uneven lines of handwritten ink across its yellowed surface.
Morrowind.esm,ring_khajiit_unique,Ring of Khajiit,A slender golden band carved with stylized feline features and inlaid with dark amber stones along the curved surface.
Morrowind.esm,key_Mudan_Dragon,Dwemer Guardian Key,"A brass-hued metallic key cast in a rectangular shape, its toothed bit extending from a broad, ornamental bow."
Morrowind.esm,misc_spool_01,Spool,A small cylindrical wooden spool wound with a single continuous length of pale thread.
Morrowind.esm,bk_notetocalderaguard,NoteToCalderaGuard,A folded paper scroll bearing handwritten text across its slightly yellowed and creased surface.
Morrowind.esm,bugharz's belt,Bugharz's Belt,An extravagant belt crafted from richly dyed leather and fitted with an ornate metal buckle.
Morrowind.esm,key_hasphat_antabolis2,Small Key,"A small, plain iron key forged from dark iron, featuring a simple rectangular bow and two uneven teeth along its blade."
Morrowind.esm,ingred_6th_corprusmeat_01,Large Wrapped Corprusmeat,"A large, irregularly shaped mass of diseased flesh is bound tightly in coarse, bloodstained wrappings."
Tribunal.esm,carmine dart,Carmine Dart,A slim carmine-hued throwing dart features a sharp steel tip and fletched shaft designed for aerodynamic flight.
Morrowind.esm,misc_dwrv_mug00,Dwemer Mug,A cylindrical bronze drinking vessel with a single curved handle and a flat rim.
Morrowind.esm,chitin guantlet - right,Chitin Right Gauntlet,A right-hand gauntlet constructed from overlapping reddish-brown chitin plates bound to a dark leather backing.
Morrowind.esm,p_restore_willpower_b,Bargain Restore Willpower,"A thin, cheaply made glass vial containing a pale, murky liquid sealed with a rough cork stopper."
Morrowind.esm,p_restore_personality_q,Quality Restore Personality,"A tall, angular glass flask containing a luminescent liquid that shines with a soft, pearly radiance."
Tribunal.esm,fine spring dart,Fine Spring Dart,A slender steel throwing dart with a narrow pointed tip and small fletched fins for stable flight.
Bloodmoon.esm,BM nordic silver axe_spurius,Nordic Axe of Paralysis,A silver-chased Nordic waraxe with a heavy curved blade and a sturdy wooden haft of moderate length.
Morrowind.esm,ingred_bittergreen_petals_01,Bittergreen Petals,"Crimson petals from the bittergreen plant curl inward along delicate, slightly translucent edges."
Bloodmoon.esm,BM Bear Helmet,Bear Helmet,"A crude helmet shaped from a rough brown bear pelt, featuring the beast's hollowed skull and lowered ears over a leather cap."
Morrowind.esm,fiend spear_Dae_cursed,Fiend Spear,A long two-handed spear fitted with a dark iron blade and a worn wooden shaft.
Morrowind.esm,writ_galasa,Honorable Writ of Execution,"A tightly rolled paper scroll secured with a cord, bearing official handwritten text across its pale surface."
Morrowind.esm,bk_BiographyBarenziah2,Biography of Barenziah v II,A tall octavo volume bound in worn brown leather with a faded gilt title stamped across the spine.
Morrowind.esm,steel vipermauler,Steel Vipermauler,"A heavy two-handed steel warhammer built to crush armor, featuring a thick percussion head mounted on a long reinforced shaft."
Bloodmoon.esm,BM bear right gauntlet,Bear Right Gauntlet,A thick right gauntlet of heavy brown fur and leather with broad overlapping plates shielding the forearm and knuckles.
Morrowind.esm,demon tanto,Demon Tanto,"A short, single-edged blade with a sharply angled tip is mounted in a dark hilt of twisted, horn-like material."
Tribunal.esm,misc_de_goblet_02,Goblet,A wide-bowled drinking goblet with a slender stem and flared base features dark metallic banding along its rim.
Morrowind.esm,mamaea quarters key,Small Shiny Key,"A small, shiny brass key with a simple cut blade and a plain bow."
Morrowind.esm,key_Thalas_tomb,Key to Thalas tomb,"A slender brass key with a simple bit and a flat bow, fitted with a small ring for a keychain."
Morrowind.esm,bk_charterFG,Fighters Guild Charter,"A thick octavo volume bound in worn leather, featuring a stamped guild emblem on the flat spine."
Morrowind.esm,key_Brinne_chest,Key to Lord Brinne's chest,"A small, standard iron key with a simple, notched blade and a plain bow, designed to open a specific chest."
Morrowind.esm,ingred_scrib_jelly_02,Meteor Slime,"A viscous, dark-hued gelatinous mass extracted from a scrib, exhibiting a faintly iridescent sheen."
Morrowind.esm,torch_256,Torch,A wooden stick wrapped with cloth at the top forms the handle for this handheld flame source.
Morrowind.esm,misc_com_wood_bowl_03,Bowl,A shallow round wooden bowl with a flat bottom and smoothly curved sides rising to a simple rim.
Morrowind.esm,Misc_DE_pot_redware_03,Redware Pot,"A round clay pot with a flared rim and two small handles, crafted from reddish-brown earthenware."
Morrowind.esm,indoril left gauntlet,Indoril Left Gauntlet,"A golden-bronze left gauntlet with articulated plate segments and flared cuffs, decorated with ornate relief patterns."
Morrowind.esm,key_door_Mudan00,Key to Mudan Dwemer Vault,A simple brass key cut with standard ward teeth for opening the Mudan Dwemer Vault.
Morrowind.esm,potion_comberry_brandy_01,Greef,"A clear amber liquid fills this rounded glass bottle, sealed with a simple cork stopper."
Morrowind.esm,pick_apprentice_01,Apprentice's Lockpick,"A slender, unadorned metal lockpick with a straight shaft and a gently curved, tapered working tip."
Morrowind.esm,light_de_candle_10,Candle,"A slender wax cylinder fitted with a small braided wick, designed to provide steady illumination."
Tribunal.esm,Ingred_golden_sedge_01,Golden Sedge Flowers,A loose cluster of small golden flowers attached to slender green sedge stalks.
Morrowind.esm,second barrier belt,Second Barrier Belt,A common belt constructed from woven brown leather strips with a simple rectangular metal buckle.
Morrowind.esm,wraithguard_jury_rig,Wraithguard,A bulky left gauntlet of dark Dwemer metal with angular plating and a prominent central mechanism.
Morrowind.esm,p_fortify_agility_s,Standard Fortify Agility Potion,A small round glass vial of green liquid sealed with a cork stopper and fitted with a plain label.
Morrowind.esm,bk_poisonsong6,Poison Song VI,"A thick quarto-sized book bound in worn leather covers, its spine displaying faded gilt lettering."
Morrowind.esm,p_fortify_willpower_b,Bargain Fortify Willpower,"A cheap, thin-walled glass vial holds a pale, murky liquid sealed with a rough cork stopper."
Morrowind.esm,exquisite_amulet_hlervu1,Hlervu Locket,"An exquisite golden locket suspended from a fine chain, its polished oval surface engraved with delicate ornamental patterns."
Bloodmoon.esm,misc_com_bottle_06,Bottle,"A tall green glass bottle with a narrow neck, rounded body, and a smooth cork stopper."
Morrowind.esm,life ring,Life Ring,"A common circular finger ring fashioned from plain, unadorned metal with a smooth, polished band."
Morrowind.esm,bk_notefrombildren,Note From Bildren,A folded parchment scroll bears a handwritten message in dark ink upon its slightly yellowed surface.
Morrowind.esm,key_fals,Dagoth Fals's Key,"A simple brass key cut with standard wards, intended to open a lock associated with Dagoth Fals."
Morrowind.esm,ingred_Dae_cursed_diamond_01,Diamond,"A translucent, colorless crystalline gemstone cut into a symmetrical octahedral shape with faceted surfaces."
Morrowind.esm,sc_reddespair,Scroll of Red Despair,A tightly wound parchment scroll bearing faded red ink script and secured with a worn cord tie.
Morrowind.esm,iron arrow,Iron Arrow,A slender wooden shaft fitted with a rust-flecked iron arrowhead and fletched with grey feather vanes.
Tribunal.esm,bk_BookOfDaedra,The Book of Daedra,A thick octavo volume bound in dark leather features a worn spine and a cover stamped with Daedric glyphs.
Morrowind.esm,BookSkill_Mercantile3,"2920, Sun's Height",A compact octavo volume bound in brown leather features a plain cover and thick parchment pages.
Morrowind.esm,key_standard_01_pel_guard_tower,Pelagiad Guard Tower Key,"A simple brass key fitted to a rectangular bow, cut with notches along its bit for the Pelagiad guard tower lock."
Morrowind.esm,bk_gnisiseggmineledger,Gnisis Eggmine Ledger,A thick octavo-bound ledger featuring a worn leather cover and pages filled with dense handwritten mining records.
Morrowind.esm,key_farusea_salas,Worn Key,"A small, tarnished iron key with a simple bit and a plain bow, showing obvious wear from frequent handling."
Morrowind.esm,light_com_lantern_01_Off,Travel Lantern,A portable brass lantern with a curved carrying handle and glass panels sheltering a small oil reservoir.
Morrowind.esm,heart ring,Heart Ring,A circular band of dark metal centered with a prominently carved heart-shaped ornament on the front.
Morrowind.esm,key_savilecagekey02,Savile's Slavepod Key,A plain iron key with a simple rectangular bow and a single-toothed bit extending from a short cylindrical shaft.
Tribunal.esm,expensive_skirt_04,Expensive Skirt,"A finely tailored Mournhold skirt constructed from deep-hued, expensive fabric with subtle decorative stitching along the hem."
Tribunal.esm,bladepiece_03,Broken Dwemer Blade Piece,"A corroded right-side fragment of a Dwemer blade, bearing a broken edge and faded bronze metal."
Morrowind.esm,key_falaanamo,Old Key,"A weathered bronze key with a rectangular bow and a simple, single-toothed bit intended for temple locks."
Morrowind.esm,key_temple_01,Temple Key,A sturdy brass key with a simple toothed blade and a broad bow bearing a carved Temple emblem.
Morrowind.esm,light_de_candle_13_64,Candle,"A slender pale wax cylinder fitted into a small circular metal holder, with a short burnt wick protruding from the top."
Morrowind.esm,BookSkill_Athletics2,"A Dance in Fire, Chapter 3","A worn octavo volume bound in faded leather covers, its spine showing slight creasing from repeated handling."
Morrowind.esm,chameleon ring,Chameleon Ring,"A plain common ring fashioned from dull metal, featuring a simple unadorned circular band."
Morrowind.esm,ring of transcendent wisdom,Ring of Transcendent Wisdom,"An extravagant ring crafted from polished gold, featuring a wide band and an ornate bezel holding a smooth gemstone."
Tribunal.esm,adamantium_pauldron_right,Adamantium Right Pauldron,"A silvery right pauldron forged from adamantium, shaped with a smooth dome and reinforced by raised fluting along the shoulder ridge."
Bloodmoon.esm,misc_argonianhead_01,The Head Of Scourge,"A severed Argonian head with rough, scaled green skin, a wide reptilian snout, and hollow eye sockets."
Morrowind.esm,right cloth horny fist bracer,Right Cloth Horny Fist Bracer,"A right forearm bracer of wrapped cloth bands forming a thick, textured guard over the fist and wrist."
Morrowind.esm,bk_poisonsong3,Poison Song III,"A quarto volume bound in dark leather covers, featuring worn edges and a spine with modest gilt tooling."
Morrowind.esm,bookskill_blunt weapon1,The Hope of the Redoran,A thick octavo-bound volume features a sturdy spine and a plain cover protecting its instructional pages.
Morrowind.esm,p_light_q,Quality Potion of Light,A small angular glass flask holds a luminous golden liquid sealed with a sturdy cork stopper.
Morrowind.esm,key_itar,Itar's Key,"A small, plain metal key with a simple rectangular bow and a single-toothed bit at the end of its shaft."
Tribunal.esm,writ_Hloggar,Royal Writ of Execution,A tightly rolled paper scroll bearing the official text of a royal execution order.
Morrowind.esm,p_mark_s,Potion of Marking,A fresh green liquid fills a rounded glass vial stoppered with plain cork and fitted with a thin cord.
Morrowind.esm,p_invisibility_s,Standard Potion of Invisibility,A small rounded vial of pale translucent liquid is sealed with a simple cork stopper.
Bloodmoon.esm,silver arrow_thirsk_2,Silver Arrow,A slender silver arrowhead is mounted on a straight wooden shaft fitted with feather fletching.
Morrowind.esm,ingred_daedras_heart_01,Daedra's Heart,"A dark, fleshy organ with a rough, ridged surface and prominent veins pulsing across its swollen form."
Bloodmoon.esm,silver viperskewer,Silver Viperskewer,"A two-handed spear of polished silver, bearing a long, slender blade tapered to a sharp tip."
Morrowind.esm,ingred_cursed_daedras_heart_01,Daedra's Heart,"A dark, glistening organ with a rough, asymmetrical shape and faintly visible veins across its slick surface."
Morrowind.esm,ebony staff caper,Felen's Ebony Staff,"A tall two-handed staff of dark ebony wood features a thick shaft capped by a heavy, rounded head."
Morrowind.esm,Zenithar's_Warning,Zenithar's Warning,"A common left glove of simple cut and sturdy stitching, crafted from unadorned, practical fabric."
Morrowind.esm,expensive_amulet_delyna,Delyna's Locket,"A finely crafted locket of precious metal suspended from a delicate chain, featuring a small compartment for holding a keepsake."
Morrowind.esm,BookSkill_Light Armor2,Ice and Chiton,"A rectangular octavo volume bound in pale chitin covers, its frost-white pages secured with a simple leather cord."
Morrowind.esm,shame ring,Shame Ring,A thick gold band bears a polished dark stone set between two projecting shoulder mounts.
Morrowind.esm,daedric dart,Daedric Dart,"A heavy thrown dart forged from dark ebony, featuring a barbed triangular head and a short grooved shaft."
Morrowind.esm,light_com_lantern_02_INF,Pilgrim's Lantern,"A small, handled metal lantern with a soot-stained glass chimney enclosing a steady, ever-burning flame."
Tribunal.esm,misc_com_silverware_spoon_uni,Spoon,"A slender silver eating utensil with an elongated oval bowl and a narrow, slightly tapered handle."
Morrowind.esm,dwe_jinksword_curse_Unique,Flawed Dwemer Jinksword,A bronze Dwemer shortsword with a notched blade and loose crossguard betraying its flawed construction.
Bloodmoon.esm,ingred_eyeball_unique,Flaming Eye of the Lightkeeper,"A spherical eyeball emanating visible flames that flicker across its smooth, unblinking surface."
Tribunal.esm,dwemer_satchel00,Dwemer Satchel Pack,"A compact rectangular pack constructed from riveted bronze plates, featuring a hinged lid and a stout carrying handle."
Morrowind.esm,apparatus_a_alembic_01,Apprentice's Alembic,"A rounded glass vessel with a narrow spout curving downward, supported by a slender metal frame."
Morrowind.esm,poisonguard robe,Poisonguard Robe,"A long common robe woven from greenish fabric, featuring a loose hood and wide hanging sleeves."
Morrowind.esm,Key_Gimothran_chest,Key to Gimothran chest,"A simple brass key cut with notched wards, fitted to a small bow for turning the lock of a chest."
Morrowind.esm,BookSkill_Enchant2,"The Wolf Queen, Book VIII","A thick octavo volume bound in worn leather covers, with a faded spine and yellowed pages bearing dense ink text."
Morrowind.esm,light_de_lantern_06,Glass Lantern,"A transparent green glass lantern with a cylindrical body, a domed top, and a small handle for carrying."
Morrowind.esm,p_swift_swim_q,Quality Potion of Swift Swim,"A tall, rounded green glass vial sealed with a cork stopper and fitted with a narrow metal neck."
Morrowind.esm,iron flameskewer,Iron Flameskewer,A long two-handed spear with a pointed iron head shaped to resemble a flickering flame.
Morrowind.esm,key_vivectelvannislaves_01,Telvanni Canalworks Slave Key,"A plain iron key cut with simple ward notches, fitted to a small oval bow and intended for Telvanni canalworks slave locks."
Bloodmoon.esm,misc_de_tankard_01,Tankard,"A sturdy cylindrical pewter drinking vessel features a broad body, a single curved handle, and a slightly flared lip."
Bloodmoon.esm,bk_colony_Toralf,Tattered Note,A torn and creased scrap of paper bearing faded handwriting across its stained surface.
Morrowind.esm,ingred_ectoplasm_01,Ectoplasm,"A translucent, gelatinous mass of pale substance exuding faint wisps of vaporous residue."
Morrowind.esm,misc_com_plate_02_tgrc,Commemorative Plate,"A smooth ceramic plate bearing a commemorative inscription, its glazed surface shaped with a shallow rim and flat base."
Morrowind.esm,p_restore_fatigue_q,Quality Restore Fatigue,"A tall, tapered glass flask sealed with a cork stopper and containing a bright restorative liquid."
Morrowind.esm,bk_notefromradras,Note From Radras,"A folded paper scroll bearing a handwritten message in dark ink across its creased, off-white surface."
Morrowind.esm,sc_leaguestep,Scroll of Leaguestep,"A tightly rolled parchment scroll secured with a worn cord, bearing faded ink lettering across its yellowed surface."
Morrowind.esm,light_de_lantern_06_128,Glass Lantern,"A transparent green glass lantern with a cylindrical body, a domed top, and a sturdy metal handle."
Morrowind.esm,BookSkill_Long Blade2,"2920, Morning Star","A thick octavo book bound in worn leather covers, its spine bearing the title and volume number in faded gilt lettering."
Tribunal.esm,verminous_fabricant_elixir,Verminous Fabricant Elixir,A viscous amber liquid fills a bulbous glass vial fitted with a segmented metallic cap resembling fabricant plating.
Morrowind.esm,bookskill_enchant4,"36 Lessons of Vivec, Sermon 19","A tall octavo bound in worn reddish-brown covers, featuring a plain spine and unadorned text block."
Morrowind.esm,bookskill_destruction2,Response to Bero's Speech,"A tall, thin folio bound in worn, dark leather with faded lettering across its smooth, unadorned cover."
Morrowind.esm,bk_6thhouseravings,Parchment with Scrawlings,A crumpled parchment sheet covered with hastily scrawled ink markings across its yellowed surface.
Morrowind.esm,sc_fourthbarrier,Scroll of The Fourth Barrier,A tightly wound parchment cylinder capped with wooden rollers and secured by a knotted leather cord.
Tribunal.esm,common_shirt_06,Common Shirt,"A simple, short-sleeved linen shirt with a laced neckline and a straight-cut hem."
Bloodmoon.esm,key_hircine1,A Glowing Key,A faintly luminous key carved from dark daedric metal with sharp angular projections and a softly radiant surface.
Morrowind.esm,key_arobarmanor_01,Arobar Manor Key,A standard brass key cut with simple wards along its bit and fitted with a plain bow.
Morrowind.esm,glass_shield,Glass Shield,A curved shield formed from translucent green crystalline glass with a smooth polished surface and angular contours.
Bloodmoon.esm,daedric mace,Daedric Mace,"A heavy black mace with red veining and sharp, curved flanges projecting from the haft."
Morrowind.esm,ring of azura,Ring of Azura,An exquisite gold ring crafted with elegant curves and polished to a brilliant reflective sheen.
Morrowind.esm,malipu_ataman's_belt,Malipu-Ataman's Belt,An expensive leather belt with a polished metal buckle and decorative stitching along its length.
Morrowind.esm,p_fire_resistance_b,Bargain Fire Resistance,"A small, cheaply made glass flask with a rounded base, narrow neck, and simple cork stopper."
Morrowind.esm,bk_a1_v_vivecinformants,Mission to Vivec -- from Caius,"A rolled parchment scroll bearing handwritten intelligence regarding a mission to Vivec, secured with a simple tie."
Morrowind.esm,Belt of Northern Knuck Knuck,Belt of Northern Knuck Knuck,An extravagant belt featuring an ornate metal buckle and richly dyed leather strap with decorative stitching along its length.
Morrowind.esm,daedric arrow,Daedric Arrow,A barbed arrowhead of dark forged metal crowns a black shaft fletched with red feathers.
Tribunal.esm,fine bleeder dart,Fine Bleeder Dart,"A slender steel throwing dart with a narrow, piercing tip and small fletching for stable flight."
Morrowind.esm,sparkbolt ring,Sparkbolt Ring,"A common copper ring formed from a twisted band and mounted with a small, roughly faceted amber stone."
Morrowind.esm,misc_com_bottle_14_float,Bottle,"A clear glass bottle with a narrow neck, rounded body, and a small floating object suspended inside the liquid."
Morrowind.esm,key_Dubdilla,Old Key,"A worn brass key with a rectangular bow, a short shank, and a single ward tooth, styled after temple designs."
Morrowind.esm,sc_greydeath,Scroll of Grey Death,"A tightly wound parchment scroll bearing faded ink script on yellowed, age-spotted paper."
Morrowind.esm,light_de_candle_12,Candle,A slender wax cylinder with a twisted cotton wick rises from a shallow brass holder.
Morrowind.esm,apparatus_a_mortar_01,Apprentice's Mortar and Pestle,"A simple stone mortar and its accompanying pestle show a plain, unadorned construction suited for basic alchemical grinding."
Morrowind.esm,darksun_shield_unique,Darksun Shield,A dark ebony shield bearing a polished surface that absorbs surrounding light into its dense metal.
Morrowind.esm,belt of heartfire,Belt of Heartfire,A thick leather belt fitted with a heavy metal buckle carved to resemble a stylized flame-wrapped heart.
Morrowind.esm,frostmirror robe,Frostmirror Robe,"An extravagant white robe woven with reflective silver threads that glimmer across its flowing, wide-sleeved silhouette."
Morrowind.esm,feather belt,Feather Belt,"A finely crafted belt featuring an ornate metal buckle and supple leather dyed a deep, rich hue."
Morrowind.esm,ingred_wickwheat_01,Wickwheat,"Pale golden wheat stalks bearing small clustered kernels, their thin dried husks tightly wrapped around slender grains."
Morrowind.esm,Right_Hand_of_Zenithar,Right Hand of Zenithar,An expensive right-hand glove tailored from rich green fabric and adorned with golden embroidery honoring Zenithar.
Morrowind.esm,flame_bolt,Flamebolt,"A steel bolt fitted with fletching and a pointed head designed for crossbows, forged from dark metal."
Morrowind.esm,mole_crab_helm,Telvanni Mole Crab Helm,"A close-fitting helmet shaped from a domed mole crab shell, its rough reddish-brown surface retaining the creature's natural ridged texture."
Morrowind.esm,bk_landdeed_hhrd,Ascadian Isles Land Deed,"A curled parchment scroll bound by a taut cord, featuring faded ink script across its yellowed surface."
Tribunal.esm,staff_magnus_unique_x,Staff of Magnus,A tall wooden staff topped with a polished blue orb secured within a dark metal setting.
Morrowind.esm,light_com_candle_03,Silver Candlestick,"A tall silver candlestick with a wide circular base, a slender column, and a cup holding a white candle."
Morrowind.esm,key_divayth04,Divayth's 897th Key,"A small, plain iron key with a simple toothed blade and a flat, rectangular bow."
Morrowind.esm,bound_longsword,Bound Longsword,"A sinister daedric longsword with a jagged blade and dark metal hilt, wreathed in flickering reddish conjuration flames."
Morrowind.esm,bk_itermerelsnotes,Itermerel's Notes,"An unrolled parchment scroll bears densely written ink lines across its aged, yellowed surface."
Morrowind.esm,belt of iron will,Belt of Iron Will,A common brown leather belt fastened with a simple iron buckle and fitted with small iron loop fittings.
Bloodmoon.esm,bk_ThirskHistory,"Thirsk, a History",A thick quarto-bound volume featuring a worn leather cover with faded gilt lettering on the spine.
Morrowind.esm,p_jump_c,Cheap Potion of Jump,"A thin, colorless liquid fills this small, cheaply made glass vial fitted with a simple cork stopper."
Morrowind.esm,wooden staff of peace,Wooden Staff of Peace,"A smooth wooden staff shaped for two-handed grip, its pale surface unadorned except for rounded end caps."
Morrowind.esm,Caius_pants,Caius' Black Pants,"These black common trousers are tailored from simple cotton with a straight, unadorned cut."
Morrowind.esm,sarandas_ring_2,Ebony Ring,"A polished ebony band forms this ring, its dark surface bearing subtle carved grooves along the outer edge."
Morrowind.esm,p_fortify_fatigue_b,Bargain Fortify Fatigue,"A cheap, thin-walled glass vial holds a pale, watery liquid sealed with a rough cork stopper."
Tribunal.esm,bk_Yagrum's_Book,Tamrielic Lore,"A thick octavo volume bound in worn leather covers, its spine bearing faded gilt lettering of Tamrielic Lore."
Morrowind.esm,light_de_candle_13_Off,Candle,A stout cylindrical beeswax column rests aside a thin blackened wick atop a broad circular tin base.
Bloodmoon.esm,BM bear right pauldron,Bear Right Pauldron,"A right shoulder pauldron crafted from thick, shaggy brown bear hide stretched over a curved leather frame."
Morrowind.esm,Maran Amulet,Maran Amulet,"A polished golden amulet suspended from a slender chain, featuring an ornate central setting."
Morrowind.esm,bk_BriefHistoryEmpire1_oh,Odral's History of the Empire 1,"A quarto-format book bound in worn leather covers, featuring faded text printed on age-discolored pages."
Morrowind.esm,first barrier belt,First Barrier Belt,A sturdy common belt crafted from thick brown leather and fastened with a plain rounded metal buckle.
Tribunal.esm,Ingred_nirthfly_stalks_01,Nirthfly Stalks,"Several slender, pale green stalks are bundled together, each topped with a small, rounded seed pod."
Tribunal.esm,misc_com_metal_plate_03_uni,Plate,A round metal plate with a slightly raised rim and a plain polished surface showing faint hammer marks.
Morrowind.esm,misc_clothbolt_01,Bolt of Cloth,A tightly wound cylindrical bolt of plain woven fabric wrapped around a central wooden dowel.
Tribunal.esm,longsword_umbra_unique_x,Umbra Sword,"A heavy two-handed claymore forged from dark steel, featuring a broad tapering blade and a reinforced crossguard."
Morrowind.esm,bookskill_marksman3,Vernaccus and Bourlor,"An open folio with worn pages bound between thick covers, displaying faded text about archery."
Morrowind.esm,misc_com_plate_03,Plate,A shallow ceramic plate with a slightly raised rim and a plain glazed surface.
Morrowind.esm,p_frost_resistance_s,Standard Resist Frost Potion,A small rounded vial of pale blue liquid is sealed with a cork stopper and fitted with a simple wooden cap.
Morrowind.esm,chitin_towershield,Chitin Tower Shield,A tall rectangular shield constructed from layered chitin plates bound together with thick leather strapping.
Morrowind.esm,Misc_SoulGem_Grand,Grand Soul Gem,"A large, faceted crystalline vessel with a wide base and narrow neck, fitted with a brass cap."
Morrowind.esm,extravagant_shirt_01_r,Extravagant Shirt,A tailored red shirt of fine fabric features a close-cut collar and fitted sleeves.
Morrowind.esm,sc_elevramssty,Scroll of Elevram's Sty,A tightly wound parchment scroll with worn edges and a faded red wax seal securing the rolled cylinder.
Bloodmoon.esm,BM_dagger_wolfgiver,Wolfgiver Silver Dagger,A slender silver dagger forged in the Nordic style features a tapered double-edged blade and a carved hilt.
Morrowind.esm,steel viperblade,Steel Viperblade,A tapered steel blade features a slender profile and a simple crossguard fitted to a wrapped hilt.
Morrowind.esm,light_de_candle_red_01_64,Bamboo Candlestick,"A segmented bamboo candlestick holds a red candle, the pale wood showing vertical nodes along its slender shaft."
Morrowind.esm,key_Heran,Key to Heran tomb door,"A simple iron key with a notched blade and a rectangular bow, designed for a tomb door."
Morrowind.esm,p_restore_health_s,Standard Restore Health Potion,"A small round glass vial containing a crimson liquid, stoppered with a plain cork and sealed with discolored wax."
Morrowind.esm,key_divayth05,Divayth's 1008th Key,"A small brass key with a simple rectangular bow, a short shaft, and a plain single-toothed bit."
Morrowind.esm,bookskill_illusion4,"Palla, Book I","A thick octavo-sized book bound in worn leather covers, featuring faded gilt lettering on the spine."
Morrowind.esm,key_dawnvault,Tower of Dawn Vault Key,"A brass key fashioned with a temple motif, featuring a broad bow and a simple two-toothed bit."
Morrowind.esm,third barrier belt,Third Barrier Belt,An extravagant belt fitted with an ornate metal buckle and constructed from layered leather panels decorated with intricate stamped patterns.
Bloodmoon.esm,BM_Wool01_shirt,Common Shirt,"A plain wool shirt with a simple cut, dyed a muted green and stitched with coarse thread."
Morrowind.esm,writ_saren,Honorable Writ of Execution,"A tightly rolled paper scroll secured with a cord, bearing official text across its pale surface."
Morrowind.esm,sc_frostguard,Scroll of Frostguard,A tightly wound parchment scroll secured with a frost-white wax seal features faded ink lettering across its yellowed surface.
Bloodmoon.esm,ingred_holly_01,Holly Berries,A small cluster of round red berries attached to a few stiff green leaves.
Morrowind.esm,BookSkill_Armorer5,"36 Lessons of Vivec, Sermon 29","A tall, octavo-bound book featuring a worn leather cover and aged pages housing the twenty-ninth sermon."
Morrowind.esm,bookskill_restoration3,The Four Suitors of Benitah,A thick octavo book with a worn leather binding and a faded title stamped across the spine.
Morrowind.esm,fiend battle axe,Fiend Battle Axe,"A heavy steel two-handed axe secured to a sturdy wooden haft with iron rivets along the wide, curved blade."
Morrowind.esm,dagoth dagger,Dagoth Dagger,"A short chitin blade extends from a segmented, organic hilt of lacquered insect resin on this one-handed dagger."
Morrowind.esm,ingred_daedra_skin_01,Daedra Skin,"A rough, leathery patch of mottled skin with a faintly translucent, reddish hue and a slick, rubbery texture."
Morrowind.esm,iron dagger_telasero_unique,Iron Dagger,A short-bladed iron dagger featuring a tapered double-edged blade and a simple crossguard fitted to a plain hilt.
Morrowind.esm,bk_notetomalsa,Note to Malsa Ules,"A rolled parchment scroll of yellowed, fibrous material, secured with a simple tie and bearing inked script addressed to Malsa Ules."
Morrowind.esm,common_ring_01_fg_corp01,Common Ring,"A simple unadorned metal band of modest craftsmanship, bearing no engraving or decorative detail."
Bloodmoon.esm,daedric dagger,Daedric Dagger,A jagged one-handed dagger forged from dark ebony with sharp crimson edges and sweeping Daedric curves.
Tribunal.esm,fur_pauldron_left,Nordic Fur Left Pauldron,A left shoulder guard of thick brown fur stretched over a curved leather frame and secured by rough hide straps.
Morrowind.esm,common_amulet_02,Common Amulet,"A simple circular metal pendant suspended from a thin cord, bearing a small unadorned central disc."
Morrowind.esm,bk_guide_to_balmora,Guide to Balmora,"An open parchment scroll bears a guide to Balmora written in dark ink across its aged, curling surface."
Morrowind.esm,p_poison_resistance_e,Exclusive Poison Resistance,"A tall, slender-sided glass vial with a bulbous neck stopper, containing a distinctive liquid."
Morrowind.esm,pick_journeyman_01,Journeyman's Lockpick,"A slender metal lockpick with a bent working tip and a wrapped grip, showing moderate wear."
Morrowind.esm,BookSkill_Alchemy3,Song of the Alchemists,A bound octavo book with a text-block of pages secured between sturdy covers suited for alchemical study.
Morrowind.esm,ingred_crab_meat_01,Crab Meat,"A reddish chunk of raw crustacean flesh torn from a mudcrab, bearing a few remnants of shell."
Tribunal.esm,netch_leather_cuirass,Netch Leather Cuirass,"A flexible cuirass of boiled netch leather with broad shoulder flaps and a smooth, mottled brown surface."
Morrowind.esm,p_water_breathing_s,Potion of Water Breathing,"A clear, fresh liquid fills this small glass flask, sealed with a smooth stopper and colored a pale blue-green."
Morrowind.esm,nordic broadsword,Nordic Broadsword,A wide steel blade with a shallow fuller is mounted on a cross-guarded hilt wrapped in dark leather.
Morrowind.esm,bk_poisonsong7,Poison Song VII,"A quarto-sized book bound in worn leather covers, its thick pages secured with a simple stitched spine."
Morrowind.esm,light_com_lantern_02_128_Off,Travel Lantern,"A portable oil lantern of riveted brass construction, featuring a cylindrical glass chimney and a sturdy carrying handle."
Morrowind.esm,Light_De_Lantern_06A,Glass Lantern,A translucent green glass lantern with a slender metal frame and a small hooded oil reservoir.
Morrowind.esm,bonemold_tshield_hlaaluguard,Hlaalu Guard Shield,A tall bonemold tower shield painted in Hlaalu colors with a prominent central ridge and rounded top.
Morrowind.esm,iron wakizashi,Iron Wakizashi,"A short, curved single-edged blade of dark iron is mounted in a plain hilt with a small crossguard."
Morrowind.esm,steel crossbow,Steel Crossbow,A heavy steel crossbow with a thick rectangular prod and a reinforced tiller built for powerful draw.
Morrowind.esm,key_vivec_secret,Secret Palace Entrance Key,"A ornate brass key shaped with a temple motif, suitable for unlocking a hidden palace entrance."
Morrowind.esm,ebony_bow_auriel,Auriel's Bow,An ebony longbow with gracefully curved limbs and a polished black stave tapering to slender tips.
Morrowind.esm,foe-quern,Foe-Quern,A simple circular band of dark metal bears faintly incised grooves along its worn outer face.
Morrowind.esm,p_fortify_agility_c,Cheap Fortify Agility,"A thin, cheap glass vial holds a pale green liquid sealed with a rough cork stopper."
Morrowind.esm,fur_greaves,Nordic Fur Greaves,"Rigid leather greaves lined with thick, pale fur provide protection from bitter northern cold."
Morrowind.esm,common_amulet_03,Common Amulet,A small octagonal pendant of green-tinged bronze dangles from a slender linked chain.
Morrowind.esm,misc_flask_03,Flask,"A round-bodied glass flask with a narrow cylindrical neck and a flared lip, showing faint translucence."
Morrowind.esm,bk_a1_4_sharnsnotes,Nerevarine cult notes,A curled parchment scroll bearing handwritten notes concerning the Nerevarine cult in dark ink.
Tribunal.esm,adamantium_bracer_right,Adamantium Right Bracer,"A silvery adamantium right bracer shaped to guard the forearm with a smooth, slightly curved surface and polished sheen."
Bloodmoon.esm,BM_Wool02_gloveL,Left Glove,A left-hand wool glove woven in a common style with a gray-green hue and a close fit.
Morrowind.esm,probe_secretmaster,Secret Master's Probe,"A slender, dark metallic probe with a finely hooked tip and intricate mechanical grooves along its shaft."
Tribunal.esm,adamantium boots,Adamantium Boots,Shiny silvery boots shaped from adamantium plates with articulated joints and polished metal surfaces.
Morrowind.esm,bookskill_marksman5,"The Black Arrow, Volume II",A black-bound octavo book with a worn leather cover bearing the title in faded gilt lettering.
Morrowind.esm,dwarven battle axe,Dwarven Battle Axe,"A heavy two-handed axe forged from brass-colored Dwemer metal, featuring a broad curved blade mounted on a thick haft."
Morrowind.esm,light_de_candle_15,Brass Candlestick,A slender brass candlestick with a wide circular base and a central socket to hold a candle.
Morrowind.esm,erur_dan_spear_unique,Erud-Dan's Spear,"A two-handed chitin spear featuring a long wooden haft fitted with a jagged, resin-bound chitin blade."
Morrowind.esm,expensive_skirt_01,Expensive Skirt,"A finely tailored, expensive skirt made from smooth, richly colored fabric with a subtle sheen and careful stitching."
Morrowind.esm,steel spear of impaling thrust,Steel Spear of Impaling Thrust,"A long two-handed spear forged from dark steel, fitted with a broad leaf-shaped blade and a sturdy wooden shaft."
Morrowind.esm,key_Suran_slave,Holding Cell Key,A slender iron key with a simple rectangular bow and notched blade for a standard lock.
Morrowind.esm,expensive_belt_01,Expensive Belt,A wide leather belt fastened by an ornate metal buckle with subtle engraved detailing.
Morrowind.esm,BookSkill_Blunt Weapon5,"36 Lessons of Vivec, Sermon 9","A thick octavo bound in worn leather, featuring faded gilt lettering across the spine and covers."
Morrowind.esm,key_gshipwreck,A Simple Key,"A simple, unadorned metal key with a plain bow and a standard single-grooved bit."
Morrowind.esm,demon katana,Demon Katana,A curved one-handed long blade with a dark iron tang and a polished steel edge mounted in a wrapped hilt.
Morrowind.esm,bk_galtisguvronsnote,Galtis Guvron's Note,"A creased parchment scroll bearing handwritten text, tightly rolled with slightly darkened and curled edges."
Morrowind.esm,common_shirt_01,Common Shirt,"A simple, loosely woven linen shirt with a plain collar and long sleeves, dyed a muted earth tone."
Morrowind.esm,iron_greaves,Iron Greaves,Heavy iron plates shaped to sheath the lower legs are riveted to thick leather backing straps.
Morrowind.esm,grey shaft of holding,Grey Shaft of Holding,A steel arrow with a grey-painted shaft and a narrow metal head fletched for straight flight.
Morrowind.esm,bookskill_mercantile5,"A Dance in Fire, Chapter 7","A thin octavo volume bound in worn leather covers, with faded gilt lettering along the rounded spine."
Morrowind.esm,note to hrisskar,Note to Hrisskar,"A creased paper scroll bearing handwritten text intended for Hrisskar, with curled edges and a worn surface."
Morrowind.esm,steel shardslayer,Steel Shardslayer,A hefty two-handed steel claymore forged with a broad blade and a sturdy crossguard for powerful sweeping slashes.
Morrowind.esm,bk_realbarenziah4,The Real Barenziah v IV,"A quarto-sized book bound in worn leather covers, its thick pages filled with dense handwritten script."
Bloodmoon.esm,silver axe of paralysis,Silver Axe of Paralysis,A polished silver one-handed axe featuring a curved blade mounted on a short wooden haft with metal reinforcement.
Morrowind.esm,BookSkill_Blunt Weapon4,"36 Lessons of Vivec, Sermon 3","A thick octavo volume bound in worn leather covers, its spine bearing faded gilt numerals marking the third sermon."
Tribunal.esm,centurion_projectile_dart,Dwarven Dart,A compact metallic dart fashioned from dwarven brass with a spiraling shank and a small perforated sphere for a head.
Morrowind.esm,slippers_of_doom,Slippers of Doom,These soft common slippers feature a low-cut shape and plain stitching along the rounded toe.
Bloodmoon.esm,ingred_ash_yam_01,Ash Yam,"A rough, tuberous root with dark, ash-gray skin and dense, pale flesh beneath a gnarled, uneven surface."
Morrowind.esm,light_de_candle_blue_01_Off,Bamboo Candlestick,"A segmented bamboo candlestick holds a stubby blue candle, the pale wax pooling slightly around its fitted wick."
Morrowind.esm,bk_pillowinvoice,Invoice,A curled parchment scroll bears hand-lettered commercial merchandise documentation in faded ink across its stained surface.
Morrowind.esm,iron viperaxe,Iron Viperaxe,A forged iron one-handed axe head features a curved viper-fang blade mounted on a plain wooden haft.
Morrowind.esm,templar bracer right,Imperial Templar Right Bracer,"A silvery steel right bracer shaped to guard the forearm, fitted with leather straps and bearing Imperial heraldry."
Morrowind.esm,bk_varietiesoffaithintheempire,Varieties of Faith...,"A thick octavo volume bound in worn leather covers, its spine bearing faded gilt lettering across the aged text block."
Morrowind.esm,bk_redbook426,Red Book of 3E 426,A red-bound octavo book bearing the year 3E 426 printed on its worn leather cover.
Morrowind.esm,bookskill_long blade5,"36 Lessons of Vivec, Sermon 23","A thick octavo volume bound in dark leather, featuring a rectangular spine and worn covers with faintly impressed corner ornaments."
Bloodmoon.esm,apparatus_j_mortar_01,Journeyman's Mortar and Pestle,"A sturdy ceramic bowl paired with a smooth grinding rod, both showing moderate wear from alchemical preparation."
Morrowind.esm,key_arrile,Standard Key,"A small, plain metal key with a simple rectangular bow, a short shaft, and a basic single-toothed bit."
Tribunal.esm,imperial shortsword,Imperial Shortsword,A straight steel shortsword with a narrow double-edged blade and a simple crossguard mounted on a leather-wrapped grip.
Morrowind.esm,bk_TalMarogKersResearches,Tal Marog Ker's Researches,"A thick folio bound in worn leather covers, its pages filled with dense handwritten script."
Morrowind.esm,chitin pauldron - left,Chitin Left Pauldron,"A segmented left shoulder guard formed from lacquered insect shell, fitted with leather straps and reinforced by dark chitin ridges."
Morrowind.esm,ingred_willow_anther_01,Willow Anther,"A small, pale yellow flower anther from a willow plant, featuring slender filaments and a fine, dusty coating of pollen."
Morrowind.esm,belt of the armor of god,Belt of the Armor of God,A wide leather belt dyed a deep hue and fitted with an ornate metal buckle and decorative studs along its length.
Morrowind.esm,ring of shadow form,Ring of Shadow Form,A common circular band of dark iron forms a simple ring with a lightly tarnished surface.
Morrowind.esm,p_fortify_health_b,Bargain Fortify Health Potion,"A cheap, thin-walled glass vial holds a ruddy liquid sealed with a simple cork stopper."
Morrowind.esm,key_Bthanchend_chest,Key to Bthanchend chest,"A simple brass key with a flat, notched blade and a roughly rectangular bow for a standard lock."
Morrowind.esm,poisonmirror robe,Poisonmirror Robe,"An extravagant mirror-backed silk robe woven with shifting, venomous green reflections across its flowing length."
Morrowind.esm,dreugh_helm,Dreugh Helm,"Shaped from hardened dreugh shell, the helmet exhibits a prominent ridged crest and the organic contours of chitinous plating."
Morrowind.esm,p_night-eye_b,Bargain Potion of Night-Eye,"A cheap, small glass vial of thin dark liquid, fitted with a rough wooden stopper and unadorned by any label."
Morrowind.esm,chitin_watchman_helm,Redoran Watchman's Helm,"A chitin helmet fitted with a reinforced visor and angular cheek guards, assembled from dark red lacquered shell plates."
Morrowind.esm,aryongloveright,Aryon's Helper,An expensive right glove tailored from fine gold fabric with a fitted cuff and elongated stitching along the fingers.
Bloodmoon.esm,misc_com_bottle_12,Jug,"A rounded clay jug with a narrow neck and a small loop handle, bearing a worn reddish-brown glaze."
Morrowind.esm,indoril pauldron right,Indoril Right Pauldron,A golden right shoulder pauldron shaped with sweeping organic curves and trimmed in dark metal.
Morrowind.esm,bk_BriefHistoryEmpire4_oh,Odral's History of the Empire 4,"A quarto-sized book bound in worn leather covers, featuring faded text on the Empire's history across its yellowed pages."
Morrowind.esm,glass claymore_magebane,Magebane,A translucent crystalline two-handed long blade with a slender hilt and sweeping crossguard.
Morrowind.esm,potion_local_liquor_01,Sujamma,"A tall glass bottle with a slender neck and cork stopper, containing a dark reddish-amber liquid."
Morrowind.esm,common_shirt_02_r,Common Shirt,"A simple, short-sleeved cotton shirt with a rough-textured, reddish-brown weave and plain stitching."
Morrowind.esm,p_heroism_s,Potion of Heroism,"A tall, narrow glass flask with a bulbous base holds a luminous red liquid sealed with a cork stopper."
Bloodmoon.esm,ingred_emerald_pinetear,Pinetear,"A small, pale green crystalline shard shaped like a pine needle with a sharp tip and faceted surface."
Morrowind.esm,p_fortify_fatigue_e,Exclusive Fortify Fatigue,"A tall, slender glass vial with a faceted stopper contains a vibrant, energizing liquid of deep amber hue."
Morrowind.esm,extravagant_belt_02,Extravagant Belt,A wide leather belt fastened with an ornate metal buckle and decorated with embossed geometric patterns along its length.
Morrowind.esm,p_restore_fatigue_s,Standard Restore Fatigue,A standard small glass vial containing a pale restorative liquid sealed with a simple cork stopper.
Morrowind.esm,bk_dwemermuseumwelcome,Dwemer Museum Welcome,"A parchment scroll rolled into a tight cylinder with smooth, unadorned edges and a plain surface."
Morrowind.esm,sc_lordmhasvengeance,Scroll of Lord Mhas' Vengeance,A tightly rolled parchment scroll fastened with a cord and fitted with plain wooden rollers.
Morrowind.esm,Potion_Cyro_Whiskey_01,Flin,A rounded glass flask of amber liquid sealed with a sturdy cork stopper and bearing a faded label.
Bloodmoon.esm,BM_NordicMail_Helmet,Nordic Mail Helmet,A riveted steel helmet with a narrow nasal guard and a short chainmail aventail protecting the neck and cheeks.
Morrowind.esm,p_restore_agility_e,Exclusive Restore Agility,"A small, round glass flask with a slender neck, containing a green liquid of thick consistency."
Morrowind.esm,ingred_raw_glass_01,Raw Glass,"A rough, translucent mineral shard displaying faint greenish hues and jagged, unworked edges."
Morrowind.esm,p_burden_b,Bargain Potion of Burden,"A cheap, thin-glass flask with a narrow neck holds a murky, heavy-looking brown liquid."
Bloodmoon.esm,bk_Sovngarde,"Sovngarde, a Reexamination","A quarto-sized book bound in worn leather covers, its spine stitched with coarse thread and pages yellowed with age."
Morrowind.esm,expensive_shirt_01_z,Expensive Shirt,"A finely tailored, long-sleeved linen shirt featuring a row of small buttons down the front placket."
Morrowind.esm,sanguinebeltdenial,Belt of Sanguine Denial,An extravagant belt fashioned from deep crimson leather and fitted with an ornate dark metal buckle.
Morrowind.esm,key_Omaren_chest,Key to Omaren chest,"A brass temple key cast with a rectangular bow, short shaft, and single ward, suitable for unlocking the Omaren chest."
Morrowind.esm,p_burden_c,Cheap Potion of Burden,"A thin, cheap glass vial holds a murky, heavy liquid sealed with a crude cork stopper."
Bloodmoon.esm,bm reaver battle axe,Blood Axe,A heavy two-handed battle axe with a broad steel blade mounted on a thick wooden haft.
Morrowind.esm,bk_BeramJournal1,Beram Journal Entry 1,"A rolled parchment scroll with curled edges and a darkened, slightly creased surface."
Morrowind.esm,sc_corruptarcanix,Scroll of Corrupt Arcanix,A tightly wound parchment scroll secured with a worn leather strap around its wooden roller.
Morrowind.esm,p_paralyze_e,Exclusive Potion of Paralyze,"A tall, slender glass vial sealed with a wax stopper, filled with a pale, viscous liquid."
Morrowind.esm,ring_phynaster_unique,Ring of Phynaster,A slender golden band formed into a continuous interlocking knot pattern with faintly engraved geometric inlays along the outer edge.
Morrowind.esm,belt of balyna's soothing balm,Belt of Balyna's Soothing Balm,"A common leather belt fastened with a simple metal buckle, featuring a smooth, unadorned band."
Morrowind.esm,misc_de_goblet_05,Goblet,"A small, rounded drinking vessel with a wide mouth, slender stem, and flared foot, cast in polished reddish metal."
Morrowind.esm,Key_Arano_door,Key to Arano Tomb Door,"A plain iron key with a simple rectangular bow, a short shaft, and a single-toothed bit."
Morrowind.esm,gavel of the ordinator,Gavel of the Ordinator,"A heavy one-handed mace built from brass-colored Dwemer metal, its flanged head mounted on a short engraved shaft."
Morrowind.esm,p_restore_luck_s,Standard Potion of Restore Luck,"A small rounded glass vial sealed with a cork stopper, containing a pale greenish liquid."
Tribunal.esm,misc_com_silverware_knife_uni,Knife,A slender silver eating knife with a polished blade and a plain handle tapering to a rounded pommel.
Morrowind.esm,ring of lightning bolt,Ring of Lightning Bolt,"A thick gold band features a raised prong setting that holds a faceted, pale yellow gemstone."
Morrowind.esm,common_belt_02,Common Belt,A sturdy common belt fashioned from thick brown leather and fastened with a plain iron buckle.
Morrowind.esm,sanguineringsublimew,Ring of Sanguine Sublime Wisdom,An extravagant ring crafted from polished metal with a prominent raised setting and ornate sculpted bands.
Morrowind.esm,sc_princeovsbrightball,Scroll of Prince Ov's Brightbal,A tightly rolled parchment scroll fitted with plain wooden end caps and secured by a cord.
Morrowind.esm,key_assemanu_01,Rusty Key,"A corroded iron key with a simple bit and a broad, flat bow showing rough reddish-brown oxidation across its surface."
Morrowind.esm,common_robe_01,Common Robe,"A simple, loosely draped garment with wide sleeves, crafted from plain, unadorned cloth."
Morrowind.esm,misc_com_redware_plate,Plate,A flat circular dish of reddish-brown earthenware with a smooth surface and slightly raised rim.
Morrowind.esm,bk_spiritofnirn,"Spirit of Nirn, God of Mortals","A thick octavo volume bound in worn brown leather, featuring a plain spine and unadorned covers."
Morrowind.esm,common_robe_02_tt,Common Robe,"A plain, loosely woven robe of undyed brownish fabric with wide sleeves and a simple folded collar."
Morrowind.esm,bk_fragmentonartaeum,Fragment: On Artaeum,"A thin octavo volume bound in worn covers, its pages filled with neat script discussing the hidden isle of Artaeum."
Morrowind.esm,bk_notetocalderaslaves,Note to Slaves,"A creased parchment scroll bearing hastily brushed ink script across its stained, yellowed surface."
Bloodmoon.esm,apparatus_j_alembic_01,Journeyman's Alembic,A rounded glass alembic featuring a long spouting tube and a wide base for distilling alchemical mixtures.
Morrowind.esm,bk_ChangedOnes,The Changed Ones,"A thick octavo volume bound in worn leather, featuring faded gilt lettering across the spine."
Morrowind.esm,key_hanarai_assutlanipal,Small Key,"A small, plain metal key with a simple rectangular bow and a short, single-toothed bit."
Tribunal.esm,fur_boots,Nordic Fur Boots,"Thick fur-lined leather boots rise to the calf with laced front closures and pale, shaggy interior cuffs."
Morrowind.esm,key_shushanslaves_01,Shushan Slave Key,"A standard brass key fitted to a simple ward, attached to an iron ring for securing the shackle chains."
Morrowind.esm,iron shardskewer,Iron Shardskewer,A long two-handed spear fitted with a slender iron head tapering to a sharp armor-piercing tip.
Morrowind.esm,writ_bemis,Honorable Writ of Execution,"A tightly rolled parchment scroll bearing official execution orders, secured with a dark wax seal."
Morrowind.esm,key_balmorag_tong_02,Storage Room Key,A plain iron key with a simple rectangular bow and a single-toothed bit.
Morrowind.esm,dire shardbolt ring,Dire Shardbolt Ring,A common finger ring of plain metal shaped into a simple band with a small mounted shard.
Morrowind.esm,key_gen_tomb,Tomb Door Key,A tarnished iron key fitted with a simple symmetrical bow and a plain ward for turning a standard lock.
Morrowind.esm,arrow of wasting flame,Arrow of Wasting Flame,"A steel-tipped arrow fitted with a fletched wooden shaft, the broad head exhibiting a faint, sickly orange discoloration."
Morrowind.esm,bk_stronghold_ld_hlaalu,Rethan Manor Land Deed,"A rolled parchment scroll bearing the land deed for Rethan Manor, secured with a simple wax seal."
Morrowind.esm,ingred_bc_coda_flower,Coda Flower,A broad-petaled blossom with curling edges and a prominent central stamen cluster rising from its center.
Tribunal.esm,bk_firmament,The Firmament,"A thick octavo volume bound in dark leather, featuring a celestial constellation design stamped across the worn cover."
Morrowind.esm,misc_flask_02,Flask,A round-bodied glass flask with a narrow cylindrical neck and a slightly flared lip.
Morrowind.esm,iron sparkaxe,Iron Sparkaxe,"A single-handed iron war axe with a broad, flared blade mounted on a sturdy wooden haft."
Morrowind.esm,key_orvas_dren,Orvas Dren's Key,"A simple wrought-iron key fitted with a flat, rectangular bit and a plain bow for gripping."
Morrowind.esm,watcher's belt,Watcher's Belt,A simple common belt fashioned from sturdy leather and fastened with a plain unadorned buckle.
Morrowind.esm,bk_BeramJournal2,Beram Journal Entry 2,"A creased, yellowed parchment scroll bears a brief handwritten journal entry in faded brown ink."
Morrowind.esm,BookSkill_Restoration4,"2920, Rain's Hand","A thick octavo volume bound in dark leather covers, with a faded title stamped in gilt along the worn spine."
Morrowind.esm,bk_guide_to_ald_ruhn,Guide to Ald'ruhn,"A rolled parchment scroll secured with a worn cord, featuring densely inked Vvardenfell travel instructions across its yellowed surface."
Morrowind.esm,key_sadrithmoraslaves_01,Sadrith Mora Slave Key,"A standard iron key with a cut bit and plain bow, fashioned for unlocking slave bracers."
Morrowind.esm,key_mebastien,Mebastien's Key,A simple brass key cut with standard ward notches along its flat blade and fitted with a plain bow.
Morrowind.esm,bk_eastempirecompanyledger,East Empire Company Ledger,"A thick, open octavo ledger features a worn leather binding and numerous pages filled with dense commercial script."
Morrowind.esm,light_com_candle_10_64,Silver Candlestick,"A polished silver candlestick with a broad circular base, a slender central stem, and a small cup holding a candle."
Morrowind.esm,common_skirt_03,Common Skirt,"A simple, ankle-length skirt tailored from plain, unadorned fabric with a gathered waistband."
Morrowind.esm,dwemer_boots,Dwemer Boots,Heavy brass boots shaped from thick Dwemer metal plates with angular jointed segments and a dull golden sheen.
Morrowind.esm,ingred_kresh_fiber_01,Kresh Fiber,"A coarse bundle of pale plant fibers gathered from the kresh weed, twisted into a rough, spool-like shape."
Morrowind.esm,heartbite ring,Heartbite Ring,An expensive gold ring shaped into a slender band with a sharply pointed gem setting.
Bloodmoon.esm,misc_de_bellows10,Bellows,Leather and wood bellows with a tapered metal nozzle and expandable pleated sides between two rigid boards.
Morrowind.esm,iron_pauldron_left,Iron Left Pauldron,A dark iron left pauldron formed as a segmented shoulder guard with riveted plates and a raised central ridge.
Tribunal.esm,Key_Gatekeeper,Gatekeeper's Key,"A standard iron key with a simple rectangular bow, a short solid shaft, and a plain single-toothed bit."
Morrowind.esm,key_Sarethi_tomb,Key to Sarethi tomb,"A plain wrought-iron key with a simple rectangular bow and a two-toothed bit, showing faint tarnish along its shaft."
Bloodmoon.esm,steel_pauldron_right_ancient,Ancient Steel Right Pauldron,"A weathered steel right pauldron shaped to cover the shoulder, its darkened metal surface showing signs of age."
Morrowind.esm,bookskill_enchant3,"Palla, Book II","A thick octavo volume bound in worn leather covers, its spine bearing faded gilt lettering and aged parchment pages."
Morrowind.esm,key_fetid_dreugh_grotto,Preserved Ancient Key,"A weathered brass key with a simple rectangular bow, a short solid shaft, and a single cut bit."
Morrowind.esm,light_de_candle_blue_02_64,Bamboo Candlestick,A slender bamboo candlestick holds a pale blue wax candle atop a simple circular base.
Morrowind.esm,sanguineringunseenw,Ring of Sanguine Unseen Wisdom,"An extravagant ring crafted from polished gold, featuring an ornate band and a prominent circular setting."
Morrowind.esm,ancestor's ring,Ancestor's Ring,An extravagant ring crafted from polished gold and adorned with ornate filigree surrounding a central gemstone.
Morrowind.esm,key_ciennesintieve_01,Cienne Sintieve's Key,"A simple brass key cut with standard wards, fitted to a small oval bow and a short straight shaft."
Morrowind.esm,dire flame bolt,Dire Flamebolt,A bonemold crossbow bolt tipped with a sharply pointed head and fitted with stabilizing fletching.
Morrowind.esm,bookskill_spear1,Smuggler's Island,A worn octavo-bound book with a dark leather cover and faded gilt lettering on the spine.
Morrowind.esm,key_abebaalslaves_01,Abebaal Slave Key,A plain metal key with a rectangular bow and a notched bit cut along one edge.
Morrowind.esm,BookSkill_Blunt Weapon2,The Importance of Where,An open octavo book with a worn leather binding and exposed pages of yellowed parchment.
Morrowind.esm,daedric dagger_mtas,Black Hands Dagger,"A short daedric blade extends from an ornate black hilt, both forged from dark, glassy metal with sharp, jagged edges."
Morrowind.esm,bk_guide_to_vvardenfell,Guide to Vvardenfell,"A rolled parchment scroll bound with a faded cord, featuring densely inked script across its yellowed surface."
Morrowind.esm,p_cure_common_unique,Trebonius' Potion of Curing,"A fresh, common curative potion contained in a rounded glass flask with a narrow neck and simple cork stopper."
Morrowind.esm,bk_specialfloraoftamriel,Special Flora of Tamriel,"A compact octavo volume bound in worn leather covers, its spine bearing the stamped title in faded gilt lettering."
Morrowind.esm,belt of free action,Belt of Free Action,An expensive leather belt fitted with a polished metal buckle and reinforced stitching along its length.
Morrowind.esm,BookSkill_Block4,"36 Lessons of Vivec, Sermon 7","A tall octavo volume bound in dark leather covers, with a faded spine and yellowed pages bearing dense script."
Bloodmoon.esm,BM ice longsword_FG_Unique,Stalhrim Longsword of Flame,"A pale blue crystalline longsword blade extends from a frost-rimed hilt, its icy surface etched with flickering flame patterns."
Morrowind.esm,glass_bracer_left,Left Glass Bracer,"A translucent green glass bracer shaped to fit the left forearm, with angular flanges and a polished surface."
Morrowind.esm,expensive_shirt_01_e,Expensive Shirt,A well-tailored cloth shirt featuring a richly dyed fabric body with contrasting trim along the collar and cuffs.
Morrowind.esm,cruel sparkblade,Cruel Sparkblade,"A narrow short blade extends from a dragon-shaped hilt, its faceted steel edges designed to inflict deep, slashing wounds."
Morrowind.esm,ebony_bracer_left_tgeb,Ebony Left Bracer,"A dense, dark ebony left bracer shaped to guard the forearm, its polished surface bearing heavy, angular fluting."
Morrowind.esm,bk_Hlaalu_Vaults_Ledger,Hlaalu Vaults Ledger,"An open octavo ledger bound in worn leather, its thick pages filled with dense columns of inked financial figures."
Morrowind.esm,misc_com_redware_platter,Platter,A round redware platter with a shallow rim and smooth glazed surface shows faint tool marks from its shaping.
Morrowind.esm,imperial_chain_coif_helm,Imperial Chain Coif,An interlocking steel chain hood covers the head and neck with a short draped mantle protecting the shoulders.
Bloodmoon.esm,fur_colovian_helm_red,Red Colovian Fur Helm,"A red fur-lined Colovian helmet with a distinctive shape, constructed from sturdy leather and thick animal pelt."
Morrowind.esm,torch_infinite_time,Torch,"A wooden torch bound with dark cord and topped with a large, roughly wrapped fabric head for burning."
Morrowind.esm,sanguinebeltbalancedarmor,Belt of Sanguine Balanced Armor,An extravagant belt fashioned from richly dyed leather and fitted with an ornate metal buckle along its polished strap.
Bloodmoon.esm,key_hircine3,A Glowing Key,"A faintly luminous Daedric key forged from dark metal and shaped with angular, barbed projections along its bit."
Morrowind.esm,mephala's teacher,Mephala's Teacher,"A heavy one-handed club carved from dark daedric metal, its surface covered in sharp, angular protrusions."
Morrowind.esm,sc_galmsesseal,Scroll of Galmes' Seal,"A tightly wound parchment scroll features frayed edges and a dangling cord securing the faded, inked script."
Morrowind.esm,shockmirror robe,Shockmirror Robe,"A loose, full-length robe of shimmering reflective fabric woven with silvery threads that catch the light."
Morrowind.esm,helm of wounding,Helm of Wounding,"A angular Dwemer brass helmet with a projecting face guard and curved crest, showing greenish patina in its recesses."
Morrowind.esm,light_com_candle_01_off,Iron Candlestick,"A blackened iron stand supports a short stub of unlit tallow, the sturdy base showing dark residue from past flames."
Bloodmoon.esm,BM_Wool01_gloveR,Right Glove,A common right-hand wool glove shaped for a snug fit over the fingers and thumb.
Morrowind.esm,sanguinebelthewing,Belt of Sanguine Hewing,"An extravagant belt of crimson leather features ornate silver fittings and a wide, elaborately sculpted buckle."
Morrowind.esm,daedric longsword,Daedric Longsword,"A dark, curved longsword with a blackened blade and jagged crimson ornamentation sweeping from the twisted hilt."
Morrowind.esm,BookSkill_Medium Armor3,"Bone, Part Two","A thick, bound folio with a worn leather cover enclosing pages of dense, handwritten text."
Bloodmoon.esm,bk_HouseOfTroubles_c,The House of Troubles,"A thick octavo volume bound in worn leather covers, its spine bearing faded gilt lettering and plain page edges."
Morrowind.esm,bk_darkestdarkness,Darkest Darkness,"A tall, thin folio bound in dark, unadorned leather covers with faded, closely written pages."
Morrowind.esm,steel_towershield,Steel Tower Shield,A tall rectangular steel shield reinforced with a central vertical spine and broad metal rim.
Tribunal.esm,bk_ArcturianHeresy,The Arcturian Heresy,"A compact octavo volume bound in worn leather covers, featuring faded text across its thick, yellowed pages."
Morrowind.esm,p_spell_absorption_c,Cheap Spell Absorption,"A small, round-bottomed glass vial with a cork stopper, typical of cheaply produced alchemical mixtures."
Morrowind.esm,misc_Beluelle_silver_bowl,Beluelle's Silver bowl,"A polished silver bowl with a smooth, rounded interior and a gently flared rim resting on a narrow base."
Bloodmoon.esm,silver dagger,Silver Dagger,"A short, polished silver blade tapers to a sharp tip above a simple crossguard and dark handle."
Morrowind.esm,sc_greydespair,Scroll of Grey Despair,"A tightly wound parchment scroll bearing faded grey script, secured by a discolored cord wrapped around its cylindrical body."
Morrowind.esm,misc_lw_flask,Limeware Flask,"A smooth, pale limeware flask with a bulbous body, a narrow neck, and a flared lip."
Morrowind.esm,p_levitation_b,Bargain Rising Force Potion,"A cheap, thin glass vial contains a pale, slightly cloudy liquid sealed with a plain cork stopper."
Morrowind.esm,misc_rollingpin_01,Rolling Pin,"A smooth wooden cylinder with tapered handles at both ends, worn from repeated kitchen work."
Morrowind.esm,bk_auranefrernis2,Aurane Frernis' Recipies,"A rolled parchment scroll bound with a simple cord, featuring handwritten recipe instructions across its yellowed surface."
Morrowind.esm,p_restore_strength_b,Bargain Restore Strength,"A small, cheaply made glass bottle with a cork stopper, containing a thin, pale liquid."
Morrowind.esm,crying ring,Crying Ring,"A simple common ring fashioned from a plain band of pale metal, its surface unadorned and smoothly polished."
Morrowind.esm,torch_128,Torch,A wooden handle wrapped with cloth supports a resin-soaked head designed to hold a burning flame.
Morrowind.esm,misc_uniq_egg_of_gold,Golden Egg,"A smooth, oblong kwama egg with a lustrous golden shell and a faintly reflective surface."
Morrowind.esm,bk_a1_1_caiuspackage,Package for Caius Cosades,"A rolled parchment scroll bound with cord, bearing a sealed package intended for Caius Cosades."
Morrowind.esm,light_de_candle_blue_02_100,Bamboo Candlestick,A segmented bamboo stem supports a blue wax candle within a simple holder.
Morrowind.esm,Misc_SoulGem_Common,Common Soul Gem,"A faceted translucent crystal vessel with a narrow neck, fitted with a plain metal cap and sturdy wire cage."
Tribunal.esm,steel broadsword,Steel Broadsword,A forged steel long blade with a wide double-edged blade and a cross-guard mounted on a straight grip.
Tribunal.esm,misc_com_redware_vase,Vase,"A reddish clay vase shaped with a rounded body, narrow neck, and flared lip, showing the smooth finish of redware pottery."
Morrowind.esm,bookskill_unarmored3,"36 Lessons of Vivec, Sermon 11","A tall octavo volume bound in dark covers, its spine bearing the numeral eleven in faded gilt lettering."
Bloodmoon.esm,BM_Ice_gauntletR,Ice Armor Right Gauntlet,"A rigid right gauntlet formed from translucent blue-white ice, shaped with overlapping plates and a smooth groove along the forearm."
Morrowind.esm,dire sparksword,Dire Sparksword,A straight shortsword with a slender double-edged blade and a simple crossguard mounted on a plain hilt.
Morrowind.esm,sc_mondensinstigator,Scroll of Monden's Instigator,A tightly wound parchment scroll with yellowed edges and a broken red wax seal securing the curled outer edge.
Morrowind.esm,bk_uleni's_papers,Ghost-Free Papers,"A rolled parchment of yellowed, fibrous material bearing handwritten ink text across its surface."
Morrowind.esm,key_Dreloth_tomb,Key to Dreloth tomb,"A simple wrought-iron key with a flat, notched blade and a plain rectangular bow."
Morrowind.esm,writ_varro,Honorable Writ of Execution,A tightly rolled parchment scroll bearing official text and sealed with dark wax.
Tribunal.esm,longbow_shadows_unique_x,Bow of Shadows,"A dark-hued longbow crafted from shadowy wood, its curved limbs tapering to slender tips with minimal ornamentation."
Morrowind.esm,key_ralen_hlaalo,Small Key,"A small brass key with a simple rectangular bow, a short shaft, and a single plain bit."
Morrowind.esm,father's belt,Father's Belt,"An expensive leather belt fitted with a polished metal buckle and finished with dark, dyed stitching."
Morrowind.esm,sc_blacksloth,Scroll of Black Sloth,"A rolled parchment scroll bound by a dark cord, its yellowed surface covered with faded ink script."
Morrowind.esm,key_Arkngthunch_chest,Key to Arkngthunch chest,"A standard brass key with a flat, notched blade and a simple looped bow for attaching to a ring."
Morrowind.esm,expensive_pants_01_e,Expensive Pants,"Well-tailored trousers of fine fabric feature a smooth cut with discreet stitching and a refined, elegant drape."
Bloodmoon.esm,silver shardslayer,Silver Shardslayer,A lengthy two-handed silver claymore bearing a broad crossguard and a long double-edged blade tapering to a sharp tip.
Morrowind.esm,common_pants_01_u,Common Pants,"Simple, unadorned cotton trousers tailored for a loose fit and dyed a common undyed hue."
Morrowind.esm,key_drarayne_thelas,Storage Key,"A plain iron key with a simple bit and a rectangular bow, intended for a local storage chest."
Morrowind.esm,demon mace,Demon Mace,"A heavy one-handed mace forged from dark ebony, its dense head bristling with sharpened flanges."
Morrowind.esm,daedric tanto,Daedric Tanto,"A heavy, curved short blade forged from dark Ebony and styled with Daedric ornamentation."
Morrowind.esm,extravagant_ring_01,Extravagant Ring,A thick golden band supports a large faceted gemstone set between two curling wire filigree shoulders.
Morrowind.esm,p_recall_s,Potion of Recall,"A fresh green potion contained in a rounded glass flask, sealed with a simple cork stopper."
Morrowind.esm,BookSkill_Armorer2,Last Scabbard of Akrash,A bound octavo volume with a worn leather cover enclosing pages of text detailing armoring techniques.
Morrowind.esm,exquisite_pants_01,Exquisite Pants,These finely tailored trousers feature an elegant cut and luxurious fabric woven with decorative trim.
Morrowind.esm,bk_galur_rithari's_papers,Galur Rithari's Papers,"A worn octavo of loose gatherings bound between discolored covers, its pages filled with cramped handwritten text."
Morrowind.esm,daedric claymore,Daedric Claymore,A heavy black long blade with a curved guard and jagged red veins running through the dark metal.
Morrowind.esm,devote_bone_Pop00,Bone from Pop Je,"A pale, weathered bone fragment from Pop Je, its rough surface bearing the unmistakable shape of a human femur."
Morrowind.esm,dire flamesword,Dire Flamesword,A short-bladed sword with a dark metal blade and a hilt wrapped in worn leather strips.
Morrowind.esm,orcish_bracer_right,Orcish Right Bracer,"A curved right bracer of dark orcish iron, its surface bearing heavy hammered indentations and angular flanges."
Morrowind.esm,templar belt,Imperial Templar Belt,"A sturdy common leather belt dyed dark brown, fitted with a plain metal buckle for securing."
Morrowind.esm,index_telas,Telasero Propylon Index,"A faceted crystalline shard bearing iridescent surface striations, shaped to fit a propylon chamber receptacle."
Morrowind.esm,steel shardsword,Steel Shardsword,A forged steel long blade featuring a leaf-shaped widening near the midpoint of its straight double-edged sword.
Morrowind.esm,sanguineringfluidevasion,Ring of Sanguine Fluid Evasion,"An extravagant ring crafted from polished metal, featuring an ornate band with elaborate sculpted details."
Morrowind.esm,key_dumbuk_strongbox,Dumbuk's Strongbox Key,"A plain iron key cut with standard ward-notches, fitted to a simple rectangular bow and a short flat shaft."
Morrowind.esm,light_de_candle_19_256,Redware Candle,A thick redware ceramic candlestick supports a pale wax column with a flickering flame atop the wide rim.
Tribunal.esm,common_pants_06,Common Pants,"Simple, unadorned cloth trousers tailored for common wear, featuring a plain weave and a straightforward cut."
Morrowind.esm,P_Levitation_Q,Quality Rising Force Potion,"A tall, slender glass flask fitted with a rounded stopper and containing a pale, swirling liquid."
Morrowind.esm,bk_yellowbookofriddles,The Yellow Book of Riddles,"A yellow-bound octavo book filled with riddles, featuring a plain cover with aged, discolored pages."
Morrowind.esm,iron bolt,Iron Bolt,A stout iron bolt with a dark metal head and a plain wooden shaft fletched with short feathers.
Morrowind.esm,devil katana,Devil Katana,A curved one-handed long blade with a slender single-edged steel katana profile and a wrapped hilt.
Morrowind.esm,sc_blackweakness,Scroll of Black Weakness,"A rolled parchment scroll bearing dark ink script, secured by a knotted cord and fitted with wooden end caps."
Morrowind.esm,BookSkill_Athletics3,"36 Lessons of Vivec, Sermon 1","A rectangular octavo book with a dark leather binding and a worn spine, featuring faintly gilt page edges."
Morrowind.esm,BookSkill_Short Blade2,"2920, Sun's Dusk","A thick octavo volume bound in dark leather covers, its spine bearing the title in faded gilt lettering."
Morrowind.esm,extravagant_skirt_02,Extravagant Skirt,"A flowing, richly colored skirt of fine fabric features elaborate draping and a wide, ornate hem."
Morrowind.esm,p_magicka_resistance_e,Exclusive Magicka Resistance,"A tall square-sided glass vial containing a dark, viscous liquid, sealed with an ornate gold cap."
Morrowind.esm,bk_clientlist,Client List,"A creased, yellowed parchment scroll bearing a handwritten list of names in faded dark ink."
Morrowind.esm,bk_storagenotice,Notice,"A creased, rectangular scrap of rough paper bearing faded ink script across its stained surface."
Morrowind.esm,p_levitation_s,Standard Rising Force Potion,A small angular glass vial holds a pale bluish liquid sealed with a simple cork stopper.
Morrowind.esm,key_duskvault,Tower of Dusk Vault Key,A brass temple key features a slender shaft and a distinctive ward shaped to fit the Tower of Dusk vault lock.
Morrowind.esm,sc_blackstorm,Scroll of The Black Storm,"A tightly wound parchment scroll bearing faded black ink script, secured by a worn leather thong."
Bloodmoon.esm,silver arrow,Silver Arrow,A slender flight arrow fletched with pale feathers and fitted with a polished silver broadhead.
Morrowind.esm,key_skeleton,Rusty Key,"A simple iron key covered in reddish rust, featuring a standard looped bow and a notched blade."
Morrowind.esm,amulet_Agustas_unique,Augustus' Amulet,"An extravagant gold amulet centered with a polished gemstone, suspended from a finely crafted ornamental chain."
Morrowind.esm,bk_NerevarineNotice,Public notice,"A curled parchment scroll bearing publicly posted text, its edges worn from exposure and repeated handling."
Morrowind.esm,light_de_candle_03,Candle,"A slender wax cylinder fitted into a small metal holder, its pale surface slightly melted near the blackened wick."
Bloodmoon.esm,nordic claymore_stormfang,Stormfang,A two-handed Nordic claymore with a long blade fitted to a crossguard and a handle wrapped for gripping.
Tribunal.esm,common_robe_EOT,Common Robe,"A plain, loose-fitting white robe constructed from common fabric with wide sleeves and a simple folded collar."
Morrowind.esm,daedric shortsword,Daedric Shortsword,A blackened one-handed shortsword features a curved blade and jagged Daedric ornamentation along its hilt.
Morrowind.esm,chitin war axe,Chitin War Axe,A one-handed war axe featuring a chitin blade mounted on a segmented chitinous haft with visible joint bindings.
Morrowind.esm,expensive_robe_02_a,Expensive Robe,"A well-tailored long robe crafted from fine fabric, featuring wide sleeves and a wrapped front closure secured with a cloth sash."
Morrowind.esm,expensive_shoes_02,Expensive Shoes,Finely crafted shoes featuring a pointed toe and visible stitching along the upper denote costly footwear.
Bloodmoon.esm,BM_Wool02_pants,Common Pants,"Plain wool trousers tailored for a commoner, featuring a coarse weave and unadorned construction."
Morrowind.esm,key_assarnud,Simple Key,A plain iron key with a rounded bow and two teeth cut into its bit.
Morrowind.esm,light_de_candle_05_64,Redware Candle,"A red clay candlestick supports a pale wax column, the flared base and socket shaped on a potter's wheel."
Morrowind.esm,p_fortify_willpower_e,Exclusive Fortify Willpower,"A tall, slender glass vial with a narrow neck holds a swirling, amber liquid sealed by a wax stopper."
Morrowind.esm,key_divayth06,Divayth's 1092nd Key,"A small, standard iron key with a simple bit and rounded bow, showing plain unadorned metalwork."
Morrowind.esm,hort_ledd_robe_unique,Hort-Ledd's Robe,"An extravagant flowing robe with wide sleeves, tailored from richly colored fabric and secured with an ornate sash."
Tribunal.esm,bk_commontongue_irano,The Common Tongue: Irano's copy,"A tightly rolled parchment scroll bearing densely inked script in the common tongue, stained along one curled edge."
Morrowind.esm,expensive_shirt_hair,Hair Shirt of Saint Aralor,"A coarse, rough-spun shirt woven from stiff hair fibers, featuring a plain, unadorned construction and drab coloration."
Tribunal.esm,iron_cuirass,Iron Cuirass,"A forged iron cuirass shaped to protect the torso, constructed from overlapping metal plates secured by rivets."
Morrowind.esm,misc_com_bucket_boe_UNIa,Bucket,A cylindrical wooden bucket with a curved metal handle fitted across its open top.
Morrowind.esm,shock_bolt,FOR SPELL CASTING,A slender wooden shaft fitted with fletching at the base and a pointed metal head at the tip.
Morrowind.esm,p_fortify_speed_q,Quality Potion of Fortify Speed,"A tall, flat-sided glass flask with a narrow neck and cork stopper, characteristic of refined alchemical preparations."
Morrowind.esm,extravagant_shirt_01_t,Extravagant Shirt,"A finely tailored extravagant shirt of costly fabric, featuring wide elbow-length sleeves and a deep open collar."
Morrowind.esm,sc_thirdbarrier,Scroll of The Third Barrier,"A tightly rolled parchment scroll secured with a worn cord, featuring faded ink script across its yellowed surface."
Morrowind.esm,Misc_SoulGem_Azura,Azura's Star,"A five-pointed, multifaceted translucent crystal gemstone cut into a symmetrical star shape with smooth, polished surfaces."
Morrowind.esm,bk_ILHermit_Page,Page from History of the Empire,A single torn parchment page bearing faded lines of handwritten ink concerning imperial history.
Morrowind.esm,Misc_Uni_Pillow_02,Pillow,A rectangular stuffed cushion of pale fabric shows subtle creasing across its padded surface.
Morrowind.esm,Key_Dralas_chest,Key to Dralas chest,"A plain iron key with a rounded bow handle, straight shaft, and cut teeth along one edge."
Morrowind.esm,key_irgola,Simple Key,A simple iron key with a plain bow and a standard cut bit extending from a short cylindrical shaft.
Morrowind.esm,key_Verelnim_tomb,Key to Verelnim tomb,"A simple iron key cut with standard wards, sized for the lock of Verelnim tomb."
Morrowind.esm,ingred_racer_plumes_01,Racer Plumes,"Three slender, tapering plumes display fading hues of bluish-purple with sparse, pale central vanes."
Morrowind.esm,steel shardskewer,Steel Shardskewer,"A long two-handed steel spear featuring a slender, pointed blade designed to pierce through layered armor."
Morrowind.esm,bk_ArcanaRestored,Arcana Restored,"A quarto-sized book bound in worn leather covers, featuring a faded spine and yellowed pages of collected text."
Morrowind.esm,chitin short bow,Chitin Short Bow,A short curved bow crafted from segmented chitin plates bound together with dark organic resin.
Morrowind.esm,heavy_leather_boots,Heavy Leather Boots,Thick leather boots feature reinforced panels and sturdy soles built for demanding wear.
Morrowind.esm,dragonscale_towershield,Dragonscale Tower Shield,A tall rectangular shield covered in overlapping greenish scales and bordered by a sturdy dark metal frame.
Bloodmoon.esm,BM_hunter_battleaxe_unique,Nordic Silver Battleaxe,"A large two-headed silver battleaxe mounted on a thick wooden haft, forged in the rugged Nordic style."
Morrowind.esm,Adusamsi's_Ring,Adusamsi's Ring,A thick gold band ring set with a polished red gemstone across its wide circular face.
Morrowind.esm,key_Rethandus_chest,Key to Rethandus chest,"A brass temple key cast with a distinctive bow and a short, notched blade for opening a specific chest."
Bloodmoon.esm,BM_NordicMail_Shield,Nordic Mail Shield,A round wooden shield reinforced with dark iron mail bands and a central metal boss.
Morrowind.esm,key_odros,Dagoth Odros's Key,"A plain iron key with a rounded bow and a simple toothed bit, showing minor surface tarnish."
Morrowind.esm,longbow_shadows_unique,Bow of Shadows,"A slender longbow constructed from dark wood, with blackened limbs that cast faint, shifting shadows across the curved stave."
Morrowind.esm,firebite sword,Firebite Sword,"A short chitin sword with a jagged blade and a segmented, organic-looking hilt."
Morrowind.esm,ring_equity_uniq,Ring of Equity,A polished gold ring featuring an inset gemstone and ornate filigree along the wide circular band.
Morrowind.esm,key_fedar,Worn Key,"A small, tarnished iron key with a simple rectangular bow and a basic single-toothed bit."
Bloodmoon.esm,silver war axe,Silver War Axe,A polished silver one-handed axe features a curved blade mounted on a short reinforced haft.
Morrowind.esm,p_fortify_attack_e,Exclusive Fortify Attack,"A tall, slender glass vial with a narrow neck holds a dark crimson liquid sealed with a wax stopper."
Bloodmoon.esm,light_com_lantern_02_256,Travel Lantern,A portable oil lantern of riveted brass construction features a hooded chimney and a sturdy wire carrying handle.
Morrowind.esm,expensive_skirt_03,Expensive Shirt,A finely tailored skirt featuring broad vertical stripes of rich purple and gold woven fabric.
Morrowind.esm,sc_blackdeath,Scroll of Black Death,"A curled parchment scroll bearing densely inked black script upon its aged, yellowed surface."
Morrowind.esm,nordic_ringmail_cuirass,Nordic Ringmail Cuirass,"A torso-covering cuirass of interlocked metal rings sewn onto thick leather, colored dark iron and brown."
Morrowind.esm,bitter_hand,Bitter Hand,"A common left glove of simple cut, crafted from coarse fabric and dyed a deep, muted green."
Morrowind.esm,BookSkill_Mysticism4,"36 Lessons of Vivec, Sermon 36","A thick octavo book bound in worn leather covers, featuring a faded spine and aged, yellowed pages."
Morrowind.esm,sc_redmind,Scroll of Red Mind,"A curled parchment scroll bound by a red cord, its surface covered in closely written ink characters."
Morrowind.esm,ingred_Dae_cursed_pearl_01,Pearl,"A lustrous, palely iridescent sphere formed from concentric nacre layers within a bivalve mollusk."
Morrowind.esm,bk_CalderaRecordBook2,Secret Caldera Ledger,"A plain octavo ledger bound in dark leather, its spine unadorned and pages filled with cramped financial script."
Morrowind.esm,Light_Com_Candle_12_77,Pewter Candlestick,A plain pewter candlestick with a broad circular base and a slender central shaft supporting a small cup.
Morrowind.esm,Julielle_Aumines_Amulet,Julielle Aumine's Amulet,"A circular metallic amulet hangs from a slender chain, its polished surface bearing faintly etched decorative borders."
Morrowind.esm,expensive_pants_03,Expensive Pants,Tailored trousers of fine woven fabric feature a fitted cut and subtle contrasting stitching along the seams.
Morrowind.esm,holy_shield,Holy Shield,"A rounded bonemold shield shaped from resin-reinforced bone with a smooth, lacquered surface."
Morrowind.esm,sc_drathissoulrot,Scroll of Drathis' Soulrot,"A tightly wound parchment scroll features aged, yellowed edges and a cylindrical wooden roller capped with plain finials."
Morrowind.esm,Light_Com_Candle_14_77,Silver Candlestick,A polished silver candlestick with a broad circular base and a central shaft supporting a small wax candle.
Morrowind.esm,steel axe,Steel Axe,A polished steel axe head is mounted on a wooden haft with a straight grip for one-handed swinging.
Morrowind.esm,key_bivaleteneran_01,Bivale Teneran's Key,"A slender iron key fitted with a plain rectangular handle and cut bit, suited for a standard lock."
Morrowind.esm,sc_sixthbarrier,Scroll of The Sixth Barrier,"A rolled parchment scroll with wooden rollers, secured by a cord and covered in faded ink script."
Morrowind.esm,p_frost_shield_b,Bargain Potion of Frost Shield,"A cheap cork-stoppered glass vial of pale blue liquid, its thin walls revealing a watery, frost-tinted concoction."
Morrowind.esm,misc_vivec_ashmask_01_fake,Vivec Ashmask,"A pale ceramic face covering shaped with elongated vertical features, designed to resemble the living god Vivec."
Morrowind.esm,misc_dwrv_pitcher00,Ornate Dwemer Pitcher,"A tall brass-colored Dwemer pitcher with a curved handle, narrow pouring lip, and embossed geometric banding around its midsection."
Bloodmoon.esm,Misc_BM_ClawFang_UNIQUE,Totem of Claw and Fang,"A ritualistic carved totem depicting interlocking claw and fang shapes, fashioned from pale bone and dark stone."
Morrowind.esm,merisan club,Merisan Club,"A heavy, organic club carved from greenish dreugh shell, featuring a thick, ridged grip and a broad, knobby striking head."
Tribunal.esm,bk_bartendersguide,Hanin's Wake,"A quarto-bound book featuring a stitched spine and a plain, unadorned cover protecting its gathered pages."
Morrowind.esm,bound_shield,Bound Shield,"An angular, spiked shield shaped from dark metal with sweeping pointed horns and sharp-edged construction."
Bloodmoon.esm,BM_bear_right_gauntlet_snow,Snow Bear Right Gauntlet,"A white-furred right gauntlet fashioned from snow bear hide, featuring thick leather padding and reinforced stitching across the knuckles."
Morrowind.esm,common_amulet_04,Common Amulet,"A simple circular band suspends a small, unadorned pendant of polished green stone."
Tribunal.esm,mazed_band_end,Barilzar's Mazed Band,"An expensive golden ring constructed from interwoven metallic bands forming a complex, maze-like pattern across its surface."
Morrowind.esm,p_fortify_personality_s,Standard Fortify Personality,A small rounded glass vial of rose-tinted liquid sealed with a simple cork stopper.
Morrowind.esm,amulet of shades,Amulet of Shades,"An extravagant amulet crafted from polished gold, featuring a symmetrical pendant suspended from a delicate chain."
Morrowind.esm,bookskill_destruction4,The Art of War Magic,"A thick octavo volume bound in worn leather covers, with faded gilt symbols stamped along the spine."
Morrowind.esm,bookskill_mercantile1,The Buying Game,"A thick, bound folio with a plain leather cover and worn pages detailing the principles of mercantile transactions."
Morrowind.esm,sc_blackdespair,Scroll of Black Despair,"A tightly wound parchment scroll with darkened, curling edges and a worn, fibrous surface."
Morrowind.esm,sc_bloodfire,Scroll of Bloodfire,"A rolled parchment scroll bound with a dark cord, featuring faded crimson lettering across its yellowed surface."
Bloodmoon.esm,BM_Ice_PauldronL,Ice Armor Left Pauldron,"A translucent left shoulder guard carved from pale blue ice, fitted with leather straps and fastened to a frozen metal rim."
Tribunal.esm,pyroil_tar_unique,Pyroil Tar,"A dark, viscous fluid fills a tall, narrow glass flask sealed with a round stopper."
Morrowind.esm,we_illkurok,Illkurok,"A long two-handed spear built from golden Dwemer metal, featuring a flanged crossguard below its tapering leaf-shaped blade."
Morrowind.esm,bk_ordolegionis,Ordo Legionis,A compact octavo-format book bound with a plain rectangular cover and standard stitched spine.
Bloodmoon.esm,BM_Wool02_shirt,Common Shirt,"A simple, long-sleeved woolen shirt woven from coarse, undyed thread in a loose, comfortable cut."
Morrowind.esm,sc_redscorn,Scroll of Red Scorn,A curled parchment scroll bound by a red cord features faded script and worn edges.
Morrowind.esm,bookskill_mercantile4,"A Dance in Fire, Chapter 6","A square-cut octavo book features a thick, thread-sewn binding and a plain, unadorned leather cover."
Morrowind.esm,iron_arrow_uniq_judgement,Dart of Judgment,A slender iron dart terminates in a narrow piercing head with small barbs mounted on a dark wooden shaft.
Tribunal.esm,DarkBrotherhood pauldron_L,Dark Brotherhood Left Pauldron,"A dark, form-fitting left shoulder pauldron crafted from layered leather with reinforced ridges and angular contours."
Bloodmoon.esm,BM nordic silver longsword_ber,Berserker Silver Longsword,A silver-hued one-handed long blade bears a narrow fullered edge and a straight crossguard mounted on a leather-wrapped grip.
Morrowind.esm,bk_WatersOfOblivion,The Waters of Oblivion,"A quarto-sized book bound in dark leather covers, its spine and front panel stamped with faded, swirling motifs."
Morrowind.esm,extravagant_robe_01_c,Extravagant Robe,"A long, flowing extravagant robe of richly colored fabric features wide sleeves and elaborate embroidered trim along the hem."
Morrowind.esm,amulet of balyna's soothing bal,Amulet of Soothing Balm,"A common copper amulet hangs from a thin chain, centered by a small round pendant bearing a stamped motif."
Bloodmoon.esm,sc_bloodynote_s,A Blood-Stained Note,A folded parchment note bears dark dried bloodstains smeared across its creased surface and edges.
Morrowind.esm,misc_com_metal_plate_07,Plate,A flat circular metal dish with a shallow raised rim and a polished surface showing faint hammer marks.
Morrowind.esm,Key_Dralas_tomb,Key to Dralas tomb,"A simple iron key with a flat, notched blade and a plain rectangular bow, designed to unlock an old tomb."
Morrowind.esm,p_spell_absorption_s,Standard Spell Absorption,"A small rounded glass vial containing a cloudy, pale violet liquid sealed with a simple cork stopper."
Morrowind.esm,glass_boots,Glass Boots,Translucent green glass boots shaped with articulated plating and sharp angular edges form lightweight protective footwear.
Morrowind.esm,light_com_candle_09_64,Pewter Candlestick,"A simple cast pewter candlestick with a wide circular base, slender stem, and a cup to hold a candle."
Bloodmoon.esm,steel longbow_carnius,Steel Longbow,"A tall curved longbow crafted from polished steel, fitted with a taut string and shaped grips along the slender limbs."
Bloodmoon.esm,ingred_snowbear_pelt_unique,Snow Bear Pelt,"A thick white pelt from a snow bear, showing pale fur over a supple hide."
Tribunal.esm,steel_gauntlet_left,Steel Left Gauntlet,A polished steel left hand gauntlet with articulated plate fingers and a reinforced flared cuff.
Morrowind.esm,bk_RealBarenziah5,The Real Barenziah v V,"A quarto-sized volume bound in dark brown covers, featuring visible page edges along the spine."
Morrowind.esm,bk_leaflet_false,A Leaflet,"A small, creased parchment scroll bearing handwritten text across its pale, yellowed surface."
Tribunal.esm,adamantium_shortsword_db,Adamantium Jinkblade of Wounds,A dense adamantium shortsword features a thick blade and an ornate crossguard above a leather-wrapped hilt.
Morrowind.esm,Cumanya's Notes,A Fair Warning,"An open quarto-sized book with pages spread across two facing leaves, the center binding visible between them."
Morrowind.esm,p_fire resistance_s,Standard Fire Resistance,A small rounded glass vial holds a reddish liquid and is sealed with a plain cork stopper.
Morrowind.esm,p_telekinesis_s,Potion of Telekinesis,"A fresh, round glass flask containing a pale, subtly iridescent liquid sealed with a smooth cork stopper."
Morrowind.esm,ebony_staff_trebonius,Trebonius' Staff,"A tall two-handed staff of polished dark ebony, capped with heavy rounded finials shaped for forceful striking."
Morrowind.esm,hortatorbelt,Belt of the Hortator,An exquisite belt crafted from fine material with ornate metal fittings and decorative stitching along its length.
Bloodmoon.esm,BM_hunterspear_unique,Spear of the Hunter,A two-handed spear bearing a barbed bone tip mounted on a pale shaft carved with beastly motifs.
Morrowind.esm,ingred_guar_hide_01,Guar Hide,"A rough, leathery patch of mottled grey-green skin stripped from a guar, bearing a sparse coating of coarse bristles."
Morrowind.esm,dagger_fang_unique,Fang of Haynekhtnamet,A jagged fang-shaped dagger carved from darkened bone with a serrated edge and a rough leather-wrapped grip.
Morrowind.esm,keening,Keening,A slender one-handed short blade with a twisted pronged blade and a dark flared hilt.
Morrowind.esm,daedric long bow,Daedric Long Bow,A tall recurve bow crafted from polished black obsidian with angular barbs and inlaid crimson scrollwork along the curving limbs.
Morrowind.esm,bk_truenoblescode,The True Noble's Code,"A thick octavo book bound in worn leather covers, its spine bearing faded gilt lettering and modest ornamental borders."
Bloodmoon.esm,bk_BlasphemousRevenants,Blasphemous Revenants,"An open quarto volume bound in worn leather covers, its pages filled with densely inked text."
Morrowind.esm,ingred_kagouti_hide_01,Kagouti Hide,"A thick, rough patch of mottled brown and gray hide stripped from a kagouti, with coarse bristles protruding along the edges."
Morrowind.esm,glass arrow,Glass Arrow,"A slender arrow fashioned from translucent green glass, featuring a sharply pointed head and lightly fletched shaft."
Morrowind.esm,shoes of st. rilms,Shoes of St. Rilms,"Simple brown leather shoes with rounded toes and a low heel, secured by thin crossed straps over the instep."
Bloodmoon.esm,repair_prongs,Repair Prongs,"Two slender metal tines are fixed into a worn wooden handle, forming a tool for bending damaged links."
Morrowind.esm,devote_Nan_Dust_00,Ashes of D. Bryant,"A small heap of fine, pale gray ash sits in a compact mound, its powdery surface utterly devoid of visible ornamentation."
Morrowind.esm,amulet of balyna's antidote,Amulet of Balyna's Antidote,"A circular common-metal amulet hangs from a thin chain, fitted with a small green stone set at its center."
Morrowind.esm,steel staff of the ancestors,Steel Staff of the Ancestors,"A tall steel staff topped by a rounded finial, its polished surface etched with ancestral motifs."
Bloodmoon.esm,misc_com_redware_pitcher,Pitcher,"A red clay pitcher with a rounded belly, a curved handle, and a wide pouring spout."
Morrowind.esm,Wind of Ahaz,Wind of Ahaz,A single-handed chitin axe featuring a curved insect-shell blade mounted on a segmented organic grip.
Bloodmoon.esm,BM_Nordic02_shirt,Common Shirt,"A common Nordic shirt of woven cloth, featuring a high collar and long sleeves."
Morrowind.esm,sleep amulet,Sleep Amulet,"A common circular amulet hangs from a thin cord, its plain metal pendant bearing no visible ornamentation."
Morrowind.esm,shield_of_light,Shield of Light,A rectangular Imperial shield painted white and decorated with a golden sunburst emblem across the front.
Morrowind.esm,steel war axe,Steel War Axe,A single-handed steel axe featuring a curved cutting blade mounted on a sturdy wooden haft.
Morrowind.esm,steel sparkslayer,Steel Sparkslayer,A hefty two-handed steel claymore features a long straight blade and a cross-shaped guard with a leather-wrapped grip.
Tribunal.esm,Mace of Slurring_x,Mace of Slurring,A slender one-handed mace with a flanged head of dark metal and a polished haft wrapped in black cord.
Bloodmoon.esm,BM_Ice_PauldronR,Ice Armor Right Pauldron,"A translucent right pauldron carved from pale blue ice, fitted with leather straps and reinforced along the shoulder ridge."
Morrowind.esm,sc_messengerscroll,Messenger Scroll,A tightly wound parchment scroll features worn edges and a hollow central cylinder for convenient carrying.
Morrowind.esm,p_fire_shield_b,Bargain Potion of Fire Shield,"A small, cheaply made rectangular glass vial with a cork stopper, containing a murky red liquid."
Morrowind.esm,key_shipwreck9-11,Rusty Key,"A corroded iron key with a simple bit and a broad bow, its surface heavily marked by reddish-brown oxidation."
Morrowind.esm,extravagant_shirt_02,Extravagant Shirt,A vividly colored silk shirt with wide sleeves and elaborate gold embroidery along the collar and cuffs.
Tribunal.esm,misc_de_pot_redware_04_uni,Redware Pot,"A rounded earthenware pot with a wide mouth, shaped from reddish-brown clay and fitted with two small loop handles."
Morrowind.esm,sc_ulmjuicedasfeather,Scroll of Ulm Juiceda's Feather,A tightly wound parchment scroll secured with a worn leather thong features faded ink script across its yellowed surface.
Morrowind.esm,p_restore_agility_c,Cheap Restore Agility,"A thin, inexpensive glass vial holds a pale, watery liquid sealed with a simple cork stopper."
Bloodmoon.esm,key_erich,Erich the Unworthy's Key,"A plain wrought-iron key featuring a flat oval bow and a short, single-notched bit."
Bloodmoon.esm,bm_saber_seasplitter,Seasplitter,A curved iron saber bears a single cutting edge and a simple guard fitted to a plain leather-wrapped grip.
Morrowind.esm,bk_Ajira2,Ajira's Flower Report,"A rolled parchment scroll secured by a tied cord, featuring densely written alchemical notes across its aged, yellowed surface."
Morrowind.esm,writ_navil,Honorable Writ of Execution,A tightly rolled paper scroll bearing the formal text of an official execution order.
Morrowind.esm,ring of telekinesis_UNIQUE,Ring of Far Reaching,An expensive ring constructed from polished gold with a prominent raised setting and delicate filigree along the band.
Morrowind.esm,steel vipercleaver,Steel Vipercleaver,A two-handed steel polearm features a long haft topped by a heavy halberd-style blade with a pronounced rear spike.
Morrowind.esm,bk_yellowbook426,Yellow Book of 3E 426,"A thick octavo volume bound in faded yellow covers, its spine showing moderate wear from repeated handling."
Morrowind.esm,last rites,Last Rites,"A heavy two-handed axe of golden-bronze Dwemer metal, featuring a long haft and a broad, curved blade."
Morrowind.esm,bookskill_light armor3,Lord Jornibret's Last Dance,"A thick open folio bound in worn leather, its densely printed pages detailing light armor techniques."
Morrowind.esm,light_de_candle_blue_01,Bamboo Candlestick,"A segmented bamboo candlestick holds a blue candle atop its slender, naturally ridged stem."
Morrowind.esm,key_Gimothran_tomb,Key to Gimothran tomb,"A plain bronze key fitted with a narrow rectangular bit, its bow shaped into a simple trapezoidal handle."
Morrowind.esm,bk_a1_11_zainsubaninotes,Zainsubani's Notes,"A rolled parchment scroll of pale, slightly creased material bearing handwritten ink notes across its surface."
Morrowind.esm,bk_words_of_the_wind,Words of the Wind,"A quarto-sized book bound in a pale, wind-worn cover with a simple, unadorned spine and faded pages."
Morrowind.esm,p_poison_resistance_c,Cheap Poison Resistance,"A thin, cheaply made glass vial holds a murky green liquid sealed with a rough cork stopper."
Morrowind.esm,misc_dwrv_artifact_ils,Drinar Varyon's Dwemer Tube,A thick cylindrical Dwemer metal tube features riveted seams and a darkly tarnished brass surface.
Tribunal.esm,sc_chridittepanacea,Scroll of Chriditte's Panacea,"A tightly wound parchment scroll features worn edges and a secured tie, revealing faded ink script across its yellowed surface."
Morrowind.esm,bk_messagefrommasteraryon,Message from Master Aryon,A tightly wound parchment scroll with worn edges and a darkened wax seal securing the rolled paper.
Morrowind.esm,fork_horripilation_unique,Fork of Horripilation,"A two-tined iron dining implement with a worn wooden handle, fitted as a makeshift dagger grip."
Bloodmoon.esm,BM Nordic Pick,Ancient Nordic Pick Axe,A weathered iron pickaxe features a sturdy wooden haft and a double-headed blade with one side tapering to a sharp tip.
Morrowind.esm,misc_de_cloth11,Cloth,A folded rectangle of plain woven cloth displays a muted hue and slightly frayed edges along its unevenly cut borders.
Morrowind.esm,sword of white woe,Sword of White Woe,A dark ebony broadsword with a pale-hued blade and an elegant hilt shaped for a single hand.
Morrowind.esm,exquisite_ring_02,Exquisite Ring,A slender golden band features an ornate raised setting with delicate filigree shoulders supporting a polished gemstone.
Morrowind.esm,key_chest_drinarvaryon_01,Drinar Varyon's Key,"A plain brass key cut with standard ward notches, fitted to a simple oval bow and short blade."
Morrowind.esm,bk_DivineMetaphysics,Divine Metaphysics...,"A thick folio bound in worn leather covers, its many pages gathered and stitched along the folded spine."
Bloodmoon.esm,BM wolf boots,Wolf Boots,"Rough gray wolf pelts shaped into sturdy boots, with thick fur cuffs and visible claw details."
Morrowind.esm,skeleton_key,The Skeleton Key,"A metal lockpick shaped like a key, featuring a skull-shaped handle and a slender, notched blade."
Morrowind.esm,common_skirt_01,Common Skirt,"A simple, ankle-length skirt tailored from unadorned, sturdy fabric with a gathered waistband."
Tribunal.esm,common_pants_07,Common Pants,"Plain woven trousers with a loose cut and a simple drawstring waistband, made from unadorned undyed fabric."
Morrowind.esm,Light_De_Candle_24,Brass Candlestick,"A tall, slender brass rod supports a circular drip pan and socket, all bearing a dull golden sheen."
Morrowind.esm,ring of ice storm,Ring of Ice Storm,An expensive gold ring set with a pale blue gemstone and engraved with swirling frost patterns.
Morrowind.esm,iron sparksword,Iron Sparksword,A forged iron longsword with a straight double-edged blade and a simple crossguard mounted on a utilitarian hilt.
Tribunal.esm,bk_legionsofthedead,Legions of the Dead,"A tall, thin octavo volume bound in dark, worn leather covers with a faded spine and yellowed pages."
Morrowind.esm,sc_dawnsprite,Scroll of The Dawn Sprite,"A rolled parchment scroll bound by a cord, featuring faded ink script across its yellowed, slightly worn surface."
Morrowind.esm,bk_propertyofjolda,Property of Jolda,A rolled parchment scroll bearing handwritten text that identifies the ownership of Jolda.
Morrowind.esm,p_invisibility_b,Bargain Potion of Invisibility,"A thin, greenish liquid fills this cheaply made, round glass flask sealed with a simple cork stopper."
Morrowind.esm,ingred_muck_01,Muck,"A dark, amorphous clump of viscous organic matter with a faintly glistening, uneven surface."
Tribunal.esm,steel battle axe,Steel Battle Axe,"A heavy two-headed steel axe mounted on a long wooden haft, forged for powerful sweeping strikes."
Tribunal.esm,devote_Brinne_Dust_00,Ashes of Lord Brinne,"Fine gray ash gathered in a small, soft mound resembles vampire dust but carries no visible trace of its noble origin."
Bloodmoon.esm,Light_Com_Candle_01_64,Iron Candlestick,"A stout iron candlestick with a wide circular base, a slender central column, and a cupped holder at the top."
Bloodmoon.esm,BM Wolf Helmet_heartfang,Helm of the Wolf's Heart,"A horned helmet crafted from wolf pelts and bone, featuring a fierce lupine skull protecting the face."
Morrowind.esm,p_chameleon_b,Bargain Potion of Shadow,"A cheap, thin-walled glass vial holds a murky, dark liquid sealed with a rough cork stopper."
Tribunal.esm,bk_ChildrensAnuad,The Annotated Anuad,"A compact octavo volume bound in worn leather, featuring a plain cover with faded gilt lettering along the spine."
Tribunal.esm,misc_de_bowl_bugdesign_01,Decorative Bowl,A shallow ceramic bowl decorated with an incised insect pattern around its outer rim.
Morrowind.esm,battle axe of wounds,Battle Axe of Wounds,"A heavy two-handed axe built from tarnished Dwemer metal, featuring a thick shaft and broad curved blades."
Morrowind.esm,chest of fire,Chest of Fire,"A chitin cuirass formed from overlapping lacquered insect-shell plates, fitted with dark leather straps."
Bloodmoon.esm,bm_black_glove_l_s,Deceit,"A dark left glove tailored in the Morag Tong style, featuring close-fitting black fabric and subtle woven guild ornamentation."
Morrowind.esm,p_restore_magicka_b,Bargain Restore Magicka,"A cheap, thin-walled glass vial of pale blue liquid is sealed with a rough cork stopper and lacks any decorative labeling."
Bloodmoon.esm,bm_amulstr1,Hunter's Amulet of Strength,A polished golden amulet centers a large cabochon gem within an ornate filigree pendant suspended from a thick chain.
Morrowind.esm,p_restore_personality_s,Standard Restore Personality,A small rounded glass vial holds a pale pink liquid sealed with a cork stopper.
Morrowind.esm,ingred_treated_bittergreen_uniq,Treated Bittergreen Petals,"Pallid green flower petals, chemically treated and pressed flat into brittle, translucent sheets."
Morrowind.esm,key_Raviro_tomb,Key to Raviro tomb,"A simple iron key with a flat, notched blade and a plain looped bow."
Morrowind.esm,common_skirt_05,Common Skirt,A plain woven skirt with a gathered waist and a simple patterned hem.
Morrowind.esm,sc_oathfast,Scroll of The Oathfast,A tightly wound parchment scroll features worn edges and a central binding cord securing the curled yellowed sheet.
Morrowind.esm,sc_uthshandofheaven,Scroll of Uth's Hand of Heaven,"A tightly wound parchment scroll featuring faded ink script across age-darkened, yellowed vellum."
Bloodmoon.esm,BM Bear Helmet_ber,Helmet of Bearkind,"A helmet fashioned from bear hide and fur, its brown pelt covering the head and draping down the back."
Morrowind.esm,imperial belt,Imperial Belt,"A sturdy leather belt fitted with a simple iron buckle, dyed the deep red associated with Imperial legionnaires."
Morrowind.esm,exquisite_skirt_01,Exquisite Skirt,"A finely tailored, flowing skirt crafted from rich, expensive fabric and gathered at the waist with delicate stitching."
Morrowind.esm,ministry_truth_ext,Ministry of Truth Entrance,"A brass temple key bearing a stylized eye symbol on its bow, fitted to a worn wooden grip."
Tribunal.esm,Indoril_Almalexia_gauntlet_R,Her Hand's Right Gauntlet,"A golden right gauntlet shaped with articulated plates and a flared cuff, ornamented with elaborate Indoril scrollwork."
Morrowind.esm,chitin spear,Chitin Spear,A long two-handed spear features a dark chitin blade mounted on a segmented wooden shaft.
Morrowind.esm,bk_corpsepreperation1_c,Corpse Preparation v I,"A tall, thin octavo volume bound in dark, cracked leather covers with a faded spine and yellowed pages."
Morrowind.esm,ebony_bracer_left,Ebony Left Bracer,"A dark, glossy ebony bracer shaped to fit the left forearm, featuring heavy curved plates and polished metal edges."
Morrowind.esm,hlervu_locket_unique,Hlervu Locket,"A small common-metal locket hangs from a thin chain, its oval casing polished to a dull sheen."
Morrowind.esm,black_blindfold_glove,Elvul's Black Blindfold,A fitted black left glove of extravagant design with detailed stitching visible along the seams and edges.
Morrowind.esm,dragonscale_cuirass,Imperial Dragonscale Cuirass,"Overlapping silvery scales form this cuirass, fitted with dark leather straps and embossed with Imperial heraldry."
Morrowind.esm,bk_ynglingledger,Yngling's Ledger,A compact octavo ledger with ruled pages and a plain cover for recording entries.
Bloodmoon.esm,silver arrow_thirsk_6,Silver Arrow,A slender silver arrowhead is fitted to a straight wooden shaft fletched with white feathers.
Bloodmoon.esm,BM bear shield,Bear Shield,"A round wooden shield covered in stretched brown bear hide, featuring a central iron boss and reinforced rim."
Morrowind.esm,key_Norvayn_tomb,Key to Norvayn tomb,"A plain iron key with a simple bit and a rounded bow, intended for a Norvayn tomb lock."
Morrowind.esm,expensive_shirt_02,Expensive Shirt,"A finely woven, expensive shirt featuring tailored seams and a close-cut collar in rich fabric."
Morrowind.esm,ring of vampire's kiss,Ring of Vampire's Kiss,An expensive gold ring formed with a prominent central setting and ornate sculpted shoulders.
Morrowind.esm,sc_radrenesspellbreaker,Scroll of Radrene'sSpellBreaker,A tightly wound parchment scroll features worn edges and a hollow central spool bound by fraying cord.
Morrowind.esm,bk_BlueBookOfRiddles,The Blue Book of Riddles,"A thin blue-covered book bound in worn leather, containing riddles printed on yellowed parchment pages."
Morrowind.esm,lugrub's axe,Lugrub's Axe,A one-handed steel war axe featuring a broad blade and a sturdy wooden haft.
Morrowind.esm,misc_com_wood_knife_UNI1,Knife,A simple wooden knife carved from pale timber with a tapered blade and a rounded handle.
Morrowind.esm,BookSkill_Alteration4,"36 Lessons of Vivec, Sermon 13",A rectangular octavo volume featuring gathered pages stitched between sturdy boards and a plain bound cover.
Morrowind.esm,ingred_frost_salts_01,Frost Salts,"Coarse, pale blue crystalline salts are clustered together in rough, frosty aggregates that shimmer with a cold translucence."
Morrowind.esm,p_fortify_speed_b,Bargain Potion of Fortify Speed,"A cheap rectangular glass vial holds a thin, pale green liquid sealed with a rough cork stopper."
Tribunal.esm,bk_nermarcnotes,Private Notes -- DO NOT READ,A thick octavo book bound in dark leather features a prominent warning label affixed across its front cover.
Morrowind.esm,iron spider dagger,Iron Spider Dagger,A short iron blade extends from a hilt cast in the shape of a spider's segmented body and legs.
Bloodmoon.esm,BM_ring_hircine,Hircine's Ring,A thick bone ring carved with a stylized wolf head and stained dark red along the grooves.
Tribunal.esm,dire viperarrow,Dire Viperarrow,A pale bonemold arrowhead is fletched with dark plumes and carved to resemble a venomous serpent's fang.
Morrowind.esm,imperial helmet armor_Dae_curse,Imperial Steel Helmet,A forged steel helmet featuring a broad nasal guard and flared cheek pieces.
Morrowind.esm,light_de_lantern_05_200,Paper Lantern,"A pale paper cylinder rests on a wooden base, its delicate frame supporting a small candle within."
Morrowind.esm,cruel flamesword,Cruel Flamesword,A short-bladed sword with a tapering steel blade and a dark hilt fitted with a simple crossguard.
Morrowind.esm,cruel sparksword,Cruel Sparksword,A slender steel shortsword features a narrow straight blade and a simple crossguard fitted with a dark leather-wrapped grip.
Morrowind.esm,sanguinerglovehornyfist,Glove of Sanguine Horny Fist,An extravagant right glove crafted from fine material and fitted with pronounced knuckle studs.
Morrowind.esm,sc_cureblight_ranged,Scroll of Daerir's Blessing,A tightly wound parchment scroll features faded ink script and worn edges bound by a simple cord.
Morrowind.esm,writ_yasalmibaal,Honorable Writ of Execution,"A tightly rolled paper scroll bearing the official text of a lawful execution order, secured with a wax seal."
Morrowind.esm,bk_BriefHistoryEmpire1,Brief History of the Empire v 1,"A quarto-sized book bound in worn leather covers, its spine displaying faded gilt lettering over yellowed pages."
Morrowind.esm,dire shardarrow,Dire Shardarrow,"A bonemold arrowhead with jagged, shard-like barbs is fitted to a pale shaft fletched with short feathers."
Bloodmoon.esm,sc_Chappy_sniper_test,Scroll of the Hidden killer,"A tightly wound parchment scroll features aged, yellowed edges and a hollow wooden roller capped with plain rounded finials."
Morrowind.esm,iron_towershield,Iron Tower Shield,A tall rectangular iron shield reinforced with sturdy metal bands across its broad front surface.
Morrowind.esm,sc_tendilstrembling,Scroll of Tendil's Trembling,A curled parchment scroll is wound around wooden rollers and secured by a knotted cord.
Morrowind.esm,iron viperblade,Iron Viperblade,A short iron blade narrows to a viper-like tip on a simple crossguard hilt fashioned from dark metal.
Bloodmoon.esm,silver staff of hunger,Silver Staff of Hunger,A slender silver staff features a polished metallic shaft capped by ornate finials at both ends.
Morrowind.esm,amulet_gem_feeding,Amulet of Gem Feeding,An exquisite golden amulet features delicate ornamental filigree surrounding a central gemstone setting.
Morrowind.esm,p_drain_intelligence_q,Spoiled Potion of Swift Swim,"A small flask contains a murky, off-colored liquid that has clearly turned spoiled."
Morrowind.esm,bound_longbow,Bound Longbow,"A tall Daedric longbow formed from dark, jagged metal with sharp angular limbs and a sinuous grip."
Morrowind.esm,p_fire_resistance_q,Quality Fire Resistance,"A tall, angular glass vial sealed with a cork stopper, containing a warm reddish-orange liquid."
Morrowind.esm,dire spark bolt,Dire Sparkbolt,"A bonemold crossbow bolt features a pale resin shaft fitted with a broad, dark head and fletched feathers."
Morrowind.esm,Key_SN_Warehouse,Warehouse Key,"A simple iron key cut with standard wards, fitted to a plain rectangular bow for turning in common locks."
Morrowind.esm,newtscale_cuirass,Imperial Newtscale Cuirass,This cuirass is constructed from overlapping iridescent scales fitted over a dark leather backing.
Morrowind.esm,key_ashurninibi,Ancient daedric Key,"A heavy, angular metallic key bearing ornate Daedric relief patterns along its dark, corroded shaft and oversized bow."
Morrowind.esm,feather_shield,Feather Shield,A rectangular wooden shield painted in Imperial red and bordered by riveted iron bands.
Bloodmoon.esm,BM_wolf_cuirass_snow,Snow Wolf Cuirass,A pale-furred cuirass constructed from layered snow wolf hide with reinforced leather strapping across the torso.
Morrowind.esm,key_Salvel_chest,Key to Salvel chest,"A small iron key with a standard cut bit and a plain bow, designed to open a specific chest."
Morrowind.esm,glass throwing star,Glass Throwing Star,A translucent green glass throwing star features four sharply pointed arms radiating from a central grip.
Morrowind.esm,Stendarran Belt,Stendarran Belt,An expensive leather belt dyed a deep crimson and fastened with a polished brass buckle embossed with Stendarr's symbol.
Bloodmoon.esm,ingred_wolfsbane_01,Wolfsbane Petals,"Delicate purple petals plucked from the wolfsbane flower, bearing faintly veined surfaces and curled, papery edges."
Morrowind.esm,misc_com_plate_05,Plate,A shallow circular ceramic plate with a slightly raised rim and a plain glazed surface.
Morrowind.esm,ondusi's key,Ondusi's Key,"A simple circular band of inexpensive bronze metal, its surface unadorned and bearing faint scratches from regular wear."
Bloodmoon.esm,sc_jeleen,Jeleen's Sad Farewell,"A rolled parchment scroll bound with a simple cord, featuring worn edges and faded ink writing."
Morrowind.esm,bookskill_unarmored4,"36 Lessons of Vivec, Sermon 15","A thick octavo volume bound in worn brown leather, featuring a faded spine and plain covers with no visible ornamentation."
Morrowind.esm,fiend helm,Fiend Helm,A horned helmet of dark metal with a narrow face guard and angular cheek plates.
Morrowind.esm,peakstar_belt_unique,Embroidered belt,A sturdy common belt featuring embroidered decorative stitching along its length and a simple metal buckle.
Morrowind.esm,wild sparksword,Wild Sparksword,A Dwemer shortsword featuring a coppery-bronze blade and an angular geometric hilt of riveted metal construction.
Morrowind.esm,sc_Indie,A dying man's last words,"A curled parchment scroll bears faded ink script across its yellowed, worn surface."
Morrowind.esm,ring of stormhand,Ring of Stormhand,"A thick gold band ring with a raised bezel setting and polished surface, crafted from expensive materials."
Morrowind.esm,ingred_dreugh_wax_01,Dreugh Wax,"A waxy, amber-yellow lump bearing the faint impression of segmented Dreugh shell along one curved side."
Bloodmoon.esm,BM_bear_boots_snow,Snow Bear Boots,"Thick white bear hide and dense pale fur form these heavy boots, extending up to the calf."
Morrowind.esm,daedric_towershield,Daedric Tower Shield,"A tall, rectangular shield forged from dark ebony and heavily ornamented with jagged Daedric motifs."
Morrowind.esm,expensive_glove_left_ilmeni,Ilmeni's glove,"A fitted left glove of expensive make, crafted from fine gold fabric with subtle stitching along the tapered fingers."
Morrowind.esm,bk_Dren_shipping_log,Dren's shipping log,"An open octavo book with worn pages bound between plain covers, its surface marked with handwritten shipping records."
Morrowind.esm,p_burden_e,Exclusive Potion of Burden,"A tall, faceted glass flask with a narrow neck, sealed with a rounded stopper and filled with dark liquid."
Bloodmoon.esm,blessed_shield,Blessed Shield,"A steel shield bearing a blessed appearance, its polished metal surface reinforced with sturdy construction and a central boss."
Morrowind.esm,bonemold_gah-julan_helm,Native Gah-Julan Bonemold Helm,A rounded bonemold helmet with a tall segmented crest and a narrow face guard reinforced by molded plates.
Morrowind.esm,bk_VagariesOfMagica,The Vagaries of Magicka,A quarto-format volume with a moderately sized rectangular binding and covers of standard thickness.
Morrowind.esm,common_ring_01_arena,Common Ring,A simple circular band of plain bronze metal with a slightly tarnished surface and no ornamentation.
Morrowind.esm,p_restore_speed_c,Cheap Restore Speed,"A thin, cheap glass vial of pale liquid is sealed with a crude cork stopper and shows no ornamentation."
Morrowind.esm,bk_enamor,Note to Salyn Sarethi,"A curled parchment scroll secured by a knotted cord, featuring densely inked script across its yellowed surface."
Morrowind.esm,p_swift_swim_e,Exclusive Potion of Swift Swim,"A slender, ornate glass flask with a tapered neck, sealed with a wax stopper and containing a swirling blue-green liquid."
Morrowind.esm,common_glove_l_balmolagmer,Left Bal Molagmer Glove,"A dark leather left glove with a distinctive, close-fitting cut and subtle stitching along the finger seams."
Morrowind.esm,light_de_candle_15_64,Brass Candlestick,"A tall brass candlestick with a wide circular base, a slender stem, and a small cup holding a white candle."
Morrowind.esm,bk_SpiritOfTheDaedra,Spirit of the Daedra,"A worn octavo book bound in dark leather, its cover bearing faintly stamped Daedric ornamentation around the title."
Morrowind.esm,dart_uniq_judgement,Dart of Judgment,A sharply pointed throwing dart forged from dark Daedric metal with jagged barbs along its slender shaft.
Morrowind.esm,dwemer_bracer_left,Dwemer Left Bracer,"A heavy golden-metal bracer shaped for the left forearm, featuring raised geometric ridges and prominent riveted construction."
Morrowind.esm,doze charm,Doze Charm,"A common copper amulet hangs from a thin chain, centered by a small circular disc bearing a stamped motif."
Morrowind.esm,potion_comberry_wine_01,Shein,"A corked green glass bottle of rosy comberry wine, its rounded body catching faint light through the tinted vessel."
Morrowind.esm,iron sparkcleaver,Iron Sparkcleaver,A two-handed iron halberd featuring a long wooden shaft and a broad cleaving blade mounted beneath a spiked tip.
Morrowind.esm,steel wakizashi,Steel Wakizashi,"A short curved steel blade extends from a plain hilt, forming a compact one-handed slashing weapon."
Morrowind.esm,sc_stormward,Scroll of Stormward,"A tightly wound parchment scroll bound with a thin cord, its yellowed surface covered in faded ink script."
Morrowind.esm,bonemold_greaves,Bonemold Greaves,Molded bonemold cuisses feature a dark lacquered shell surface shaped to protect the upper legs.
Morrowind.esm,amulet of opening,Amulet of Opening,"A circular metallic amulet hangs from a slender chain, centered with a small polished stone and finished in a common bronze tone."
Morrowind.esm,p_magicka_resistance_c,Cheap Magicka Resistance,A thin corked glass vial of cheap make holds a murky liquid that shifts between pale green and brown.
Morrowind.esm,bk_eggorders,Order Manifest,"A plain, unadorned scroll of pale paper wrapped around a simple wooden dowel."
Morrowind.esm,BookSkill_Light Armor1,The Rear Guard,"A quarto volume bound in worn leather covers, its spine bearing the title in faded gilt lettering."
Morrowind.esm,Rusty_Dagger_UNIQUE,A Rusty Dagger,A corroded iron dagger with a pitted blade and a tarnished hilt showing considerable neglect and age.
Tribunal.esm,ingred_adamantium_ore_01,Adamantium Ore,"A dense, irregularly shaped lump of raw adamantium ore exhibiting a dark metallic luster."
Bloodmoon.esm,sc_fjaldingnote,"Old, Wet Note","A damp, crumpled paper sheet bears faded ink script across its wrinkled, water-stained surface."
Morrowind.esm,key_sethan,Llorayna Sethan's Key,A small brass key with a flat oval bow and a simple toothed blade extending from one end.
Morrowind.esm,key_drenplantationslaves_01,Dren Plantation Slave Key,"A plain iron key with a standard rectangular bow and a simple single-cut bit, fitted for crude plantation locks."
Bloodmoon.esm,silver arrow_thirsk_9,Silver Arrow,A slender wooden shaft tipped with a polished silver arrowhead and fitted with white feather fletching.
Morrowind.esm,p_light_s,Standard Potion of Light,"A small square glass vial sealed with a cork stopper, containing a pale clear liquid."
Bloodmoon.esm,sc_hiddenkiller,Scroll of the Hidden Killer,"A tightly wound parchment scroll features aged, yellowed edges and a cylindrical wooden roller at the bottom."
Morrowind.esm,key_cell_buckmoth_01,Buckmoth Prison Cell Key,"A standard iron key with a simple bit and bow, sized for a prison cell door lock."
Morrowind.esm,misc_com_plate_04,Plate,A round ceramic plate with a smooth rim and a plain glazed surface showing no ornamentation.
Morrowind.esm,bookskill_block2,The Mirror,"A thick octavo volume bound in dark leather, with a smooth, unadorned cover and gilt-edged pages."
Morrowind.esm,misc_de_goblet_06,Goblet,"A wide-bowled drinking goblet with a slender stem and circular foot, crafted from polished dark green glass."
Tribunal.esm,stendar_hammer_unique,Stendarr's Hammer,"A massive two-handed warhammer featuring an oversized, heavy striking head affixed to a long, reinforced haft."
Morrowind.esm,extravagant_shirt_01,Extravagant Shirt,"A finely tailored long-sleeved shirt of expensive fabric, featuring a gathered collar and wide cuffs."
Bloodmoon.esm,BM huntsman axe,Huntsman Axe,A sturdy one-handed hunting axe featuring a curved steel blade mounted on a plain wooden haft.
Morrowind.esm,p_paralyze_s,Standard Potion of Paralyze,"A small rounded glass vial sealed with a cork stopper, containing a pale, faintly luminous liquid."
Tribunal.esm,adamantium_helm,Adamantium Helm,A rounded helmet forged from silvery adamantium metal with a narrow face guard and polished surface.
Morrowind.esm,p_magicka_resistance_s,Standard Magicka Resistance,A small rounded glass vial of pale liquid sealed with a cork stopper and fitted within a simple metal wire cradle.
Morrowind.esm,p_fortify_magicka_s,Standard Fortify Magicka Potion,A standard small glass flask containing a bright blue liquid and sealed with a simple cork stopper.
Morrowind.esm,key_archcanon_private,Archcanon's Private Key,A brass temple key cast with a distinctive curved bow and ornate religious symbol on its short bit.
Morrowind.esm,glass_helm,Glass Helm,"A sleek, angular helmet of green glass with narrow eye slits and swept-back cheek guards."
Bloodmoon.esm,misc_imp_silverware_pitcher,Silverware Pitcher,"A polished silver pitcher with a curved pouring lip, a swollen belly, and a slender handle."
Morrowind.esm,spirit charm,Spirit Charm,"A costly polished amulet suspended from a fine chain, bearing an engraved charm stone."
Morrowind.esm,amulet of stamina,Amulet of Stamina,"A common circular amulet strung on a cord, fashioned from plain metal with a modest central medallion."
Morrowind.esm,light_com_candle_02_64,Brass Candlestick,A slender brass candlestick with a wide circular base and a central cup holding a white candle.
Morrowind.esm,bk_notetotelvon,Note to Telvon,"A rolled parchment scroll bearing handwritten text, secured with a simple wax seal."
Morrowind.esm,shadowweave ring,Shadowweave Ring,"An expensive ring of interwoven dark metal bands forming a wide, shadowy circlet with subtle ornamental grooves."
Morrowind.esm,steel sparkcleaver,Steel Sparkcleaver,A two-handed steel halberd features a sturdy wooden shaft topped by a broad cleaving blade and a rear spike.
Morrowind.esm,flamestar,Flamestar,A polished steel throwing star with four sharpened arms radiating from a small central grip.
Morrowind.esm,Light_De_Lantern_01_77,Paper Lantern,"A rectangular paper lantern with a light wooden frame, designed to enclose and shield a candle within."
Morrowind.esm,common_shirt_04_b,Common Shirt,"A short-sleeved common shirt with a simple cut, stitched from coarse, undyed cotton."
Morrowind.esm,hortatorring,Ring of the Hortator,"An exquisite ring of precious metal features an ornate, sweeping band with elaborate sculptural detail."
Bloodmoon.esm,potion_nord_mead,Nord Mead,A pale golden honey mead brewed from fermented Nordic grain and served in a sturdy wooden barrel.
Morrowind.esm,ring of poisonblooms,Ring of Poisonblooms,A common circular band ring of plain metal bearing a small raised setting holding a dark-hued gemstone.
Morrowind.esm,fur_cuirass,Nordic Fur Cuirass,A thick cuirass of layered brown fur panels stitched over a flexible leather frame for cold weather protection.
Morrowind.esm,bk_a2_1_sevenvisions,The Seven Visions,"A rolled parchment scroll featuring faded script written across its yellowed, slightly creased animal skin surface."
Morrowind.esm,repair_grandmaster_01,GrandMaster's Armorer's Hammer,"A heavy, finely crafted steel hammer head is mounted on a reinforced hardwood handle for repairing heavy armor."
Morrowind.esm,key_standard_01,Standard Key,"A small wrought-iron key with a simple rectangular bow and a notched, two-pronged bit extending from its center."
Morrowind.esm,bk_ordersforbivaleteneran,Orders for Bivale Teneran,"A rolled parchment scroll bound by a simple cord, featuring handwritten orders addressed to Bivale Teneran."
Morrowind.esm,extravagant_amulet_02,Extravagant Ruby Amulet,A polished ruby set in an elaborate gold amulet frame with delicate filigree metalwork.
Morrowind.esm,artifact_amulet of heartthrum,Amulet of Heartthrum,A small heart-shaped amulet crafted from polished green stone and suspended from a thin cord.
Morrowind.esm,Restoration_Shirt,Restoration Shirt,"A common cotton shirt with short sleeves and a plain, tightly woven texture in a muted color."
Morrowind.esm,misc_com_silverware_knife,Knife,A slender silver-plated dining knife with a tapered blade and a plain handle balanced for cutting.
Bloodmoon.esm,bm_ebonyarrow_s,Ebony Arrow of Slaying,"A sleek black ebony arrowhead is mounted on a dark shaft, crafted for lethal penetration."
Morrowind.esm,trollbone_cuirass,Nordic Trollbone Cuirass,A cuirass of yellowed bone plates shaped from troll ribs and lashed together with thick hide straps.
Bloodmoon.esm,silver bolt,Silver Bolt,A slender silver bolt with a pointed metal tip and fletched wooden shaft designed for crossbows.
Morrowind.esm,bookskill_marksman4,The Marksmanship Lesson,"A tall, octavo-format book bound in worn covers, its spine and pages showing the signs of repeated handling."
Bloodmoon.esm,BM_NordicMail_greaves,Nordic Mail Greaves,Heavy steel greaves formed from interlocking rings cover the legs in a dark mesh of Nordic mail.
Morrowind.esm,chitin club,Chitin Club,"A rough, knobby club fashioned from laminated insect chitin with a wrapped grip."
Morrowind.esm,steel sparkmace,Steel Sparkmace,A steel mace head studded with blunt spikes is mounted on a sturdy haft for one-handed swinging.
Morrowind.esm,p_silence_q,Quality Potion of Silence,"A tall, angular glass vial sealed with a cork stopper, containing a dark, murky liquid."
Morrowind.esm,Karpal's Friend,Karpal's Friend,A chitin one-handed axe featuring a curved insect-shell blade mounted on a segmented organic haft.
Bloodmoon.esm,ingred_wolf_heart,Heart of the Wolf,"A dark, muscular organ with a rough, fibrous surface and deep crimson coloration resembling a daedric heart."
Morrowind.esm,key_Omalen_tomb,Key to Omalen tomb,"A plain iron key with a simple rectangular bow, a short shaft, and a single-cut bit for turning a common lock."
Morrowind.esm,BookSkill_Speechcraft3,"2920, Second Seed","A thick octavo bound in worn leather, featuring faded gilt lettering across the spine."
Morrowind.esm,cruel frostarrow,Cruel Frostarrow,A slender silver arrowhead with cruel barbs is fitted to a straight wooden shaft fletched with pale feathers.
Bloodmoon.esm,misc_com_metal_plate_05,Plate,A shallow circular metal plate with a slightly raised rim and a plain polished surface.
Bloodmoon.esm,bk_ThirskHistory_revised_m,"Thirsk, a History -- Revised","A quarto-sized book bound in worn leather covers, featuring a spine with faded gilt lettering across its surface."
Bloodmoon.esm,bm_amulspd1,Hunter's Amulet of Speed,An exquisite golden amulet features a polished central gemstone set within an ornate filigree frame suspended from a slender chain.
Morrowind.esm,bk_responsefromdivaythfyr,Response from Divayth Fyr,"A tightly rolled parchment scroll bearing faded script on yellowed, slightly cracked vellum."
Bloodmoon.esm,misc_uni_pillow_01,Pillow,"A rectangular cloth cushion stuffed with soft filling, designed for resting one's head."
Morrowind.esm,misc_com_wood_fork_UNI1,Fork,"A simple wooden eating utensil consists of several slender tines extending from a plain, straight handle."
Morrowind.esm,key_Private Quarters,Milo's Quarters Key,"A standard brass key with a simple rectangular bow and a single-cut bit, fitted for a private quarters lock."
Morrowind.esm,indoril right gauntlet,Indoril Right Gauntlet,"A golden-hued right hand guard of layered chitin plates fitted over dark leather, with a flared cuff protecting the forearm."
Morrowind.esm,bk_CantatasOfVivec,The Cantatas of Vivec,A thick octavo-bound book featuring a dark cover with faded gold lettering on its worn spine.
Morrowind.esm,p_light_b,Bargain Potion of Light,"A cheap, thin-glass flask with a rounded base and a short neck, containing a pale luminous liquid."
Morrowind.esm,artifact_belt_of_heartfire,Belt of Heartfire,A thick leather belt fastened with a prominent heart-shaped metal buckle finished in a deep reddish-orange hue.
Bloodmoon.esm,Light_De_Lantern_01white,Paper Lantern,"A white paper lantern constructed around a thin wooden frame, shaped into a cylindrical shell with a small handle."
Bloodmoon.esm,BM_Nordic01_gloveL,Left Glove,A thick leather left glove lined with pale fur and stitched along the knuckles with coarse thread.
Morrowind.esm,expensive_belt_02,Expensive Belt,A costly leather belt featuring an ornate metal buckle and refined stitching along its tailored length.
Morrowind.esm,key_draramu,Standard Key,"A plain metal key cut with standard notches along its simple, functional blade."
Morrowind.esm,misc_uni_pillow_unique,Extra-Comfy Pillow,"A thick, soft cushion of pale woven fabric is plumply stuffed and shaped for comfortable head support."
Morrowind.esm,spear_mercy_unique,Spear of Bitter Mercy,"A long two-handed spear featuring a slender shaft and a narrow, sharply pointed blade designed for piercing."
Morrowind.esm,clench charm,Clench Charm,"A common amulet crafted from plain metal, featuring a simple circular pendant suspended on a thin chain."
Morrowind.esm,key_olms_storage,St. Olms Storage Room Key,"A standard brass key fitted to a plain iron ring, intended for a storage room lock."
Morrowind.esm,common_shirt_01_u,Common Shirt,"A simple, unadorned common shirt of plain weave with a modest cut and unremarkable tailoring."
Morrowind.esm,key_llethervari_01,Llether Vari's Key,"A small, plain brass key cut with standard notches along its bit, fitted to a simple oval bow."
Morrowind.esm,sc_elementalburstfrost,Scroll of Elemental Burst:Frost,A tightly wound parchment scroll features a pale surface covered in faded ink script and secured with a simple cord tie.
Morrowind.esm,sanguinebeltstolidarmor,Belt of Sanguine Stolid Armor,"An extravagant belt fashioned from deep red leather with a wide, ornately sculpted metal buckle and decorative edge stitching."
Morrowind.esm,sc_fadersleadenflesh,Scroll of Fader's Leaden Flesh,"A tightly rolled parchment scroll secured with a dull lead-gray wax seal, its surface covered with dense handwritten ink strokes."
Morrowind.esm,flamebolt ring,Flamebolt Ring,A common brass ring shaped into a thick band with a flame-shaped finial mounted on the circular signet face.
Morrowind.esm,sc_shockguard,Scroll of Shockguard,"A curled parchment scroll wound around wooden rollers features faded script and a worn, fibrous tie."
Morrowind.esm,false_sunder,* Sunder *,A heavy Dwemer warhammer of golden metal features a thick cylindrical haft and a massive angular blocky head.
Morrowind.esm,bk_miungei,Letter from Tsrazami,"A rolled parchment scroll bearing handwritten text, secured with a simple tie and showing faintly yellowed edges."
Morrowind.esm,key_ministry_ext,Ministry of Truth Key,A standard wrought-iron key fitted with a simple bit and a flat bow.
Morrowind.esm,fenrick's doorjam ring,Fenrick's Doorjam Ring,A simple circular band of plain metal forms this unadorned finger ring with a smooth surface.
Morrowind.esm,orcish_pauldron_right,Orcish Right Pauldron,A heavy right pauldron of dark iron plates shaped with angular flanges and secured by thick leather straps.
Morrowind.esm,misc_com_wood_spoon_02,Spoon,A carved wooden spoon with a shallow oval bowl and a plain handle showing natural grain.
Morrowind.esm,misc_com_bucket_01_float,Bucket,A tapered wooden pail bound by two horizontal metal bands and fitted with a curved metal handle.
Morrowind.esm,Left_Hand_of_Zenithar_EN,Left Hand of Zenithar,"A well-fitted left glove of expensive make, crafted from richly dyed fabric with subtle decorative stitching."
Morrowind.esm,p_jump_q,Quality Potion of Jump,"A tall rectangular glass bottle with sloped shoulders and cork stopper, well-proportioned and smoothly finished."
Tribunal.esm,light_com_torch_01_256,Torch,A wooden stick wrapped with a thick bundle of resin-soaked cloth at the top for burning.
Morrowind.esm,bonemold_gah-julan_cuirass,Gah-Julan Bonemold Cuirass,"A bonemold cuirass of layered lacquered resin plates over dark fabric, featuring a distinct Gah-Julan chitin-ridged collar."
Morrowind.esm,sc_shockbane,Scroll of Shockbane,"A tightly wound parchment scroll secured with a cord, featuring faded ink script across its yellowed surface."
Tribunal.esm,misc_dwrv_goblet00_uni,Ornate Dwemer Goblet,"A tall brass goblet with a flared rim, slender stem, and broad base, all intricately etched with geometric Dwemer patterns."
Morrowind.esm,light_de_candle_05_77,Redware Candle,"A slender redware candle molded with a flared base and a short, exposed wick at the top."
Bloodmoon.esm,sc_frosselnote,Bloody Note,"A bloodstained parchment sheet bears dark smears across its creased surface, obscuring portions of the faded ink writing."
Morrowind.esm,ingred_pearl_01,Pearl,"A small, lustrous, irregularly spherical pearl with a smooth, pale iridescent surface and subtle pinkish overtones."
Morrowind.esm,eye-maze ring,Eye-Maze Ring,An expensive gold ring features a raised bezel engraved with a winding labyrinthine pattern of interlocking lines.
Morrowind.esm,sc_heartwise,Scroll of Heartwise,A tightly wound parchment scroll features faded script on its yellowed surface and worn wooden end caps.
Morrowind.esm,steel bolt,Steel Bolt,A stout steel bolt with a sharp pointed head and a short wooden shaft fitted with thin flights.
Tribunal.esm,Helsethguard_gauntlet_left,Royal Guard Left Gauntlet,A segmented left gauntlet of polished steel with flared plating and a dark leather inner lining.
Morrowind.esm,ring of fleabite,Ring of Fleabite,"A common copper ring with a rough, green-tinged surface and a small, shallowly scratched band."
Morrowind.esm,dust_adept_helm,Telvanni Dust Adept Helm,"A tall, segmented brown helmet featuring a narrow face visor and prominent shoulder guards."
Tribunal.esm,adamantium_spear,Adamantium Spear,A long two-handed spear featuring a polished adamantium blade mounted on a sturdy haft.
Morrowind.esm,conoon_chodala_axe_unique,Conoon Chodala's Axe,A glass waraxe featuring a curved translucent blade mounted on a short haft with golden fittings.
Morrowind.esm,sc_redfate,Scroll of Red Fate,"A tightly wound parchment scroll bearing faded red script across its yellowed, curling edges."
Morrowind.esm,sc_reynosfins,Scroll of Reynos' Fins,"A tightly rolled parchment scroll secured with a worn cord tie and featuring yellowed, creased edges."
Bloodmoon.esm,misc_de_basket_01,Basket,A woven basket with a wide round body and a curved handle rising from the rim.
Tribunal.esm,adamantium_shortsword,Adamantium Shortsword,"A short, double-edged blade of silvery adamantium, fitted with a straight crossguard and a hilt for one hand."
Morrowind.esm,sc_argentglow,Scroll of The Argent Glow,"A tightly rolled parchment scroll secured with a pale cord, its yellowed surface covered in faded silvery ink."
Morrowind.esm,common_skirt_04_c,Common Skirt,"A simple, ankle-length skirt of coarse brown fabric with a gathered waistband and unadorned hem."
Morrowind.esm,sc_vitality,Scroll of Vitality,"A tightly wound parchment scroll bearing faded script, worn edges, and a frayed securing cord."
Morrowind.esm,key_alvur,Alvur's Key,"A simple wrought iron key with a flat, rectangular bit and a looped bow for attaching to a ring."
Morrowind.esm,steel sparkmauler,Steel Sparkmauler,A hefty two-handed steel warhammer built with a reinforced rectangular striking head and a long reinforced haft.
Morrowind.esm,cruel flamebolt ring,Cruel Flamebolt Ring,"A common copper ring formed from a slender twisted band, bearing a small raised setting on its front face."
Tribunal.esm,Ingred_horn_lily_bulb_01,Horn Lily Bulb,"A pale, tapered bulb with a slightly curved horn-like shape and thin, papery outer layers covering its firm surface."
Morrowind.esm,key_habinbaesslaves_01,Habinbaes Slave Key,"A plain iron key with a simple bit and bow, sized for standard slave bracers."
Bloodmoon.esm,sc_sjobalnote,Thauraver's Orders,"A creased parchment scroll bearing hastily written orders in dark ink, tied with a frayed cord."
Morrowind.esm,extravagant_belt_01,Extravagant Belt,A wide leather belt fastened by an ornate metal buckle and decorated with intricate embossed patterns along its length.
Morrowind.esm,shadow_shield,Shadow Shield,A rectangular Dwemer shield constructed from golden-bronze metal plates fitted over a sturdy frame.
Morrowind.esm,steel vipersword,Steel Vipersword,A steel long blade with a leaf-shaped broadsword profile and a single-handed grip for versatile wielding.
Morrowind.esm,p_frost_shield_s,Standard Potion of Frost Shield,A small rounded vial of pale blue liquid is sealed with a cork stopper and fitted with a simple label.
Morrowind.esm,light_de_buglamp_01_64,Bug Lamp,A small glass vessel enclosing a preserved insect specimen that emits a steady bioluminescent glow through its translucent amber shell.
Morrowind.esm,sc_warriorsblessing,Scroll of Warrior's Blessing,A tightly wound parchment scroll features worn edges and a sturdy central rod bound by a frayed cord.
Morrowind.esm,bk_HomiliesOfBlessedAlmalexia,Homilies of Blessed Almalexia,"A thick octavo volume bound in worn leather, featuring gilded spine lettering and yellowed pages visible within its open covers."
Morrowind.esm,merisan helm,Merisan Helm,"A chitin helmet shaped from lacquered insect shell, featuring a pointed crest and angular cheek guards."
Morrowind.esm,bk_vivecs_plan,Plan to Defeat Dagoth Ur,"A rolled parchment scroll bearing handwritten instructions for confronting Dagoth Ur, its aged surface yellowed and slightly worn at the edges."
Bloodmoon.esm,BM_Nordic02_pants,Common Pants,"These thick woolen trousers feature a sturdy woven construction with a plain, unadorned finish."
Morrowind.esm,key_cell_ebonheart_01,Hawkmoth Prison Cell Key,"A standard iron key with a simple toothed blade and a plain bow, designed to fit a prison cell lock."
Bloodmoon.esm,BM riekling sword_rusted,Rusted Riekling Blade,A corroded one-handed long blade with a notched edge and a pitted iron grip wrapped in weathered leather.
Morrowind.esm,bk_BookOfLifeAndService,Book of Life and Service,"A compact octavo volume bound in worn covers, its pages filled with the text of life and service."
Tribunal.esm,ebony_shield_auriel_x,Auriel's Shield,A tall ebony shield bearing a golden sunburst emblem at its center and polished to a mirror sheen.
Morrowind.esm,netch_leather_towershield,Netch Leather Tower Shield,A tall rectangular tower shield constructed from stretched netch leather over a curved wooden frame.
Morrowind.esm,bk_BeramJournal3,Beram Journal Entry 3,"A creased, yellowed parchment scroll bears hastily penned, uneven lines of dark ink across its stained surface."
Bloodmoon.esm,misc_com_bottle_03,Jug,"A rounded clay jug with a narrow neck, a single loop handle, and a small pouring lip on the rim."
Morrowind.esm,ring_shashev_unique,Shashev's Ring,An exquisite circular band of polished metal features a prominent central gemstone set within ornate prongs.
Morrowind.esm,apparatus_a_spipe_tsiya,Tsiya's Skooma Pipe,A curved wooden pipe with a bulbous clay bowl and narrow bone stem features a small brass fitting.
Morrowind.esm,light_de_lantern_02,Glass Lantern,A transparent glass lantern with a metal frame and a small hooded cap enclosing a burning flame.
Morrowind.esm,bk_SamarStarloversJournal,Starlover's Log,"A thick octavo volume bound in worn leather covers, its spine stitched with pale thread and pages yellowed at the edges."
Morrowind.esm,BookSkill_Spear2,"2920, First Seed",A thin octavo volume bound in worn green leather with a faded title stamped on the spine.
Morrowind.esm,dire flamearrow,Dire Flamearrow,A bonemold arrow with a sharply pointed head and dark fletching designed to deliver incendiary effects.
Morrowind.esm,steel dagger of swiftblade,Steel Dagger of Swiftblade,A tapered steel dagger features a slender blade and a crossguard cast in the shape of outstretched dragon wings.
Morrowind.esm,p_feather_c,Cheap Potion of Feather,"A thin, colorless liquid fills a small, roughly shaped glass vial sealed with a plain cork stopper."
Morrowind.esm,ring_wind_unique,Ring of the Wind,A slender silver ring shaped into a continuous circlet with small engraved wind motifs along its polished outer band.
Morrowind.esm,key_savilecagekey,Savile's Slavepod Key,A simple iron key featuring a flat rectangular bow and a short shaft ending in a single-notched bit.
Morrowind.esm,Zenithar_Frock,Zenithar's Frock,A finely tailored long-sleeved shirt of rich green fabric with elaborate gold embroidery along the collar and cuffs.
Bloodmoon.esm,BM bear greaves,Bear Greaves,"Thick bear hide shaped into leg guards, the coarse fur still attached across the outer surface."
Bloodmoon.esm,bk_ThirskHistory_revised_f,"Thirsk, a History -- Revised","A revised quarto volume bound in worn leather covers, featuring a securely stitched text block."
Morrowind.esm,bookskill_marksman1,The Gold Ribbon of Merit,"A thin gold ribbon is bound across the blue octavo cover of this compact, well-preserved book."
Morrowind.esm,key_Senim_tomb,An old tomb key,A corroded iron key bears a rectangular bow and a simple two-toothed bit suited for ancient temple locks.
Morrowind.esm,p_fortify_intelligence_c,Cheap Fortify Intelligence,"A thin, cheaply made glass vial of pale green liquid sealed with a rough cork stopper."
Morrowind.esm,key_vorarhelas,Vorar Helas' Key,"A small iron key with a simple rectangular bow and a single-toothed bit, showing minor tarnish along its edges."
Morrowind.esm,bk_tiramgadarscredentials,Tiram Gadar's Credentials,"An open parchment scroll bearing handwritten credentials, its curled edges revealing aged, yellowed material and a loosened binding."
Morrowind.esm,bookskill_sneak1,"The Wolf Queen, Book VI","A compact octavo volume bound in worn leather covers, featuring a discreet spine and aged, text-filled pages."
Morrowind.esm,key_ministry_sectors,Ministry of Truth Sector Key,"A brass key with a simple rectangular bow, a short shaft, and a single-cut bit for unlocking Ministry of Truth sector doors."
Morrowind.esm,bonemold_tshield_telvanniguard,Telvanni Guard Shield,A tall bonemold tower shield shaped from layered chitin plates and reinforced with dark resin along the central spine.
Morrowind.esm,ring of shockballs,Ring of Shockballs,"An expensive ring crafted from polished metal, featuring a prominent spherical setting with a smaller matching orb."
Morrowind.esm,sc_balefulsuffering,Scroll of Baleful Suffering,"A tightly wound parchment scroll, aged to a yellowed hue, secured by a knotted cord around its cylindrical wooden core."
Morrowind.esm,p_sinyaramen_UNIQUE,Sinyaramen's Potion,A slender glass flask with a narrow neck holds a dark liquid sealed by a wax stopper.
Tribunal.esm,imperial_chain_greaves,Imperial Chain Greaves,"Interlocking steel chain links form these segmented greaves, shaped to protect the lower legs with hanging metal skirts."
Morrowind.esm,bookskill_enchant5,The Final Lesson,"A thick octavo volume bound in dark leather, with a faded title stamped across the spine."
Morrowind.esm,p_fortify_agility_q,Quality Fortify Agility,A small angular glass vial of green liquid fitted with a cork stopper and secured by a thin gold band.
Morrowind.esm,light_de_candle_16,Brass Candlestick,A slender brass candlestick with a wide circular base and a small socket at the top to hold a candle.
Tribunal.esm,ebony spear_blessed_unique,Blessed Spear,"A long two-handed spear forged from dark ebony, featuring a broad pointed blade mounted on a thick shaft."
Bloodmoon.esm,silver arrow_thirsk_3,Silver Arrow,A slender wooden shaft tipped with a polished silver arrowhead and fitted with feather fletching.
Morrowind.esm,common_ring_02,Common Ring,"A simple band of inexpensive metal forms this unadorned finger ring with a brushed, matte finish."
Morrowind.esm,ring_vampiric_unique,Vampiric Ring,A dark metallic band curves into pointed fang-like prongs that cradle a deep crimson gemstone at the forefront.
Morrowind.esm,common_glove_l_moragtong,Black Left Glove,"A dark left-hand glove of supple leather, closely fitted and dyed a deep black hue."
Bloodmoon.esm,BM_Nordic01_Robe,Common Robe,"A thick, hooded wool robe with a simple cut, featuring a pale brown weave and a coarse texture."
Morrowind.esm,p_fortify_health_s,Standard Fortify Health Potion,"A small, stoppered glass flask holds a crimson liquid intended to bolster vitality."
Bloodmoon.esm,BM nordic silver battleaxe,Nordic Silver Battleaxe,A two-handed battleaxe with a broad silver blade mounted on a long wooden haft in Nordic fashion.
Morrowind.esm,p_shock_resistance_s,Standard Shock Resistance,"A small, rounded glass bottle sealed with a cork stopper, holding a quantity of liquid."
Morrowind.esm,iron tanto,Iron Tanto,"A short, single-edged dagger with a straight iron blade and a simple hilt suited for close thrusting."
Bloodmoon.esm,misc_skull00,Skull,"A pale, bare human skull missing its lower jawbone, featuring empty eye sockets and a rounded cranium."
Morrowind.esm,bk_letterfromllaalam,Letter From Llaalam Dredil,A rolled parchment scroll bearing neatly penned script across its slightly yellowed surface.
Morrowind.esm,ingred_6th_corprusmeat_03,Medium Wrapped Corprusmeat,"A medium-sized lump of diseased flesh wrapped in coarse cloth, bearing mottled discoloration across its swollen surface."
Bloodmoon.esm,bm_black_glove_r_s,Treachery,A dark right glove bearing the stitched insignia of the Morag Tong woven into its fitted leather.
Morrowind.esm,viper_bolt,Viperbolt,"A steel crossbow bolt fitted with a sleek, pointed head and dark fletching for stable flight."
Morrowind.esm,holy_tower_shield,Holy Tower Shield,"A tall rectangular bonemold shield constructed from layered resin and bone panels, featuring a heavy central boss."
Tribunal.esm,goblin_shield_durgok_uni,Goblin Buckler,A small round buckler built from riveted dark metal plates fitted over a sturdy wooden core.
Morrowind.esm,bk_notefrombashuk,Note from Bashuk,"A rolled parchment scroll bearing a handwritten note, its curled edges and yellowed surface showing moderate wear."
Bloodmoon.esm,Silver Dagger_Hanin Cursed,Ancient Silver Dagger,"A short-bladed weapon forged of silver, featuring a tapered double-edged blade and a dark hilt."
Bloodmoon.esm,saint's shield,Saint's Shield,A tall ebony shield displays a polished black surface framed by dark metal binding and a central boss.
Morrowind.esm,ebony_towershield,Ebony Tower Shield,"A tall, curved shield forged from polished black ebony, fitted with a heavy metal boss and reinforced framing."
Tribunal.esm,chitin guantlet - left,Chitin Left Gauntlet,A reddish-brown chitin left gauntlet shaped from segmented insect shell plates bound by dark leather straps.
Morrowind.esm,ebony longsword,Ebony Longsword,A dark ebony longsword features a slender straight blade and a matching hilt with a crossguard.
Bloodmoon.esm,light_com_candle_09_off,Pewter Candlestick,"A plain, grayish pewter candlestick with a wide, sturdy base and a single cylindrical socket."
Morrowind.esm,steel dai-katana,Steel Dai-katana,A lengthy two-handed steel blade extends from a wrapped hilt beneath a curved crossguard.
Morrowind.esm,velothian_helm,Velothian Helm,"A chitin helmet of angular design, its overlapping segmented plates forming a narrow face guard."
Morrowind.esm,orcish battle axe,Orcish Battle Axe,A heavy two-handed axe featuring a thick curved iron blade mounted on a sturdy wooden haft.
Morrowind.esm,light_de_candle_06_off,Ceramic Candlestick,"A pale ceramic candlestick with a wide circular base, a slender central column, and a small cup."
Morrowind.esm,spark_bolt,Sparkbolt,A steel crossbow bolt fitted with a sharply pointed head and dark fletching secured to the wooden shaft.
Tribunal.esm,Helseth's Robe,Frostguard Robe,"A thick, fur-trimmed robe of deep blue velvet with silver clasps and a high stiff collar."
Morrowind.esm,velothis_shield,Velothi's Shield,"A round wooden shield painted dark red, reinforced with a broad steel rim and a central iron boss."
Morrowind.esm,common_robe_03_a,Common Robe,"A simple, loose-fitting woven robe with wide sleeves and a draping hood, featuring a plain brown hem."
Tribunal.esm,Expensive_shoes_Mournhold,Expensive Shoes,"These well-crafted shoes feature a high vamp and shaped heel, fashioned from supple, dark leather with subtle stitching."
Morrowind.esm,bk_Ashland_Hymns,Ashland Hymns,A quarto-bound volume with a dark leather cover bearing faded lettering and worn edges.
Morrowind.esm,p_chameleon_e,Exclusive Potion of Shadow,"A slender, square-bodied glass vial sealed with a dark stopper and filled with a murky, shadowy liquid."
Morrowind.esm,amulet_berne,Berne Amulet,An extravagant gold amulet features a polished central gemstone suspended from a delicate chain.
Morrowind.esm,p_fortify_personality_b,Bargain Fortify Personality,"A thin, cheap glass vial of watery liquid with a rough cork stopper and a faded, hand-scrawled label."
Morrowind.esm,bk_AedraAndDaedra,Aedra and Daedra,A thick octavo volume bound in worn brown leather covers with faded gilt lettering along the spine.
Morrowind.esm,Maras_Blouse,Mara's Blouse,"A simple cotton blouse with a rounded neckline and loose-fitting sleeves, dyed a pale mara hue."
Morrowind.esm,bk_truenatureoforcs,The True Nature of Orcs,"A thick octavo volume bound in worn brown leather, with a plain spine and unadorned covers."
Morrowind.esm,p_disease_resistance_q,Quality Disease Resistance,"A tall, angular glass vial sealed with a cork stopper holds a pale green liquid of moderate clarity."
Morrowind.esm,key_chest_aryniorethi_01,Aryni Orethi's Key,A plain iron key with a rounded bow and a single ward cut into the bit.
Morrowind.esm,common_amulet_05,Common Amulet,"A simple cord suspends a small, unadorned metal pendant with a smooth, rounded profile and plain surface."
Morrowind.esm,spiderbite,Spiderbite,A corroded iron longsword features a notched double-edged blade and a crossguard mounted on a leather-wrapped hilt.
Bloodmoon.esm,BM_Nordic01_shoes,Common Shoes,"Sturdy leather shoes with thick soles and reinforced stitching, crafted in a practical Nordic style."
Morrowind.esm,ingred_Dae_cursed_raw_ebony_01,Raw Ebony,"A dense, dark, irregularly shaped chunk of raw ebony ore with a faintly glossy, obsidian-like surface."
Tribunal.esm,bk_dbcontract,A Dark Brotherhood Contract,"A tightly rolled paper scroll secured with a dark cord, bearing faded ink script across its yellowed parchment surface."
Morrowind.esm,key_oritius,A Small Key,"A small, plain metal key with a simple rectangular bow and a cut working blade."
Morrowind.esm,ring of wounds,Ring of Wounds,"A small common copper ring engraved with shallow, jagged lines suggesting torn flesh."
Tribunal.esm,Ingred_meadow_rye_01,Meadow Rye,"A slender stalk of golden grain topped with a bristly, whiskered head of clustered kernels."
Bloodmoon.esm,BM nordic silver dagger,Nordic Silver Dagger,A short-bladed silver dagger with a tapered blade and a handle wrapped in dark leather strips.
Bloodmoon.esm,ingred_raw_Stalhrim_01,Raw Stalhrim,"A jagged, translucent shard of pale blue crystalline ice, compacted into a dense, unyielding mineral block."
Morrowind.esm,ingred_hackle-lo_leaf_01,Hackle-Lo Leaf,"A broad, slightly curled green leaf with prominent veins running along its smooth surface."
Bloodmoon.esm,BM huntsman war axe,Huntsman War Axe,A single-handed war axe featuring a broad steel blade mounted on a sturdy wooden haft.
Morrowind.esm,steel flamesword,Steel Flamesword,A leaf-shaped steel long blade widens at the tip above a straight crossguard and leather-wrapped hilt.
Morrowind.esm,devil_tanto_tgamg,Anarenen's Devil Tanto,"A short, curved one-handed blade with a single cutting edge and a simple hilt suited for quick thrusts."
Morrowind.esm,key_Arenim,Arenim burial key,"A worn iron key with a simple rectangular bow, a short cylindrical shaft, and a plain cut bit."
Morrowind.esm,bookskill_destruction3,A Hypothetical Treachery,A rectangular octavo-format book bound in worn brown leather with a flat spine and unadorned cover panels.
Tribunal.esm,misc_de_pitcher_01,Pitcher,"A dark clay pitcher featuring a curved handle, a pinched pouring spout, and a rounded body."
Morrowind.esm,p_night-eye_c,Cheap Potion of Night-Eye,"A thin, cheaply made glass vial holds a murky, pale liquid sealed with a rough wooden stopper."
Morrowind.esm,moon_and_star,Moon-and-Star,A single gold band supports a prominent carved moon and star motif on its circular face.
Morrowind.esm,bk_Dagoth_Urs_Plans,Dagoth Ur's Plans,"A rolled parchment scroll of yellowed, fibrous material, bound by a simple cord and bearing densely inked script."
Morrowind.esm,bk_notefromberwen,Note from Berwen,"A rolled parchment scroll bearing a hastily penned note from Berwen, its edges slightly frayed and yellowed with age."
Morrowind.esm,key_zainsipiluslaves_01,Zainsipilu Slave Key,"A plain iron key with a standard rectangular bow and a simple two-tooth bit, showing minor tarnish."
Tribunal.esm,towershield_eleidon_unique_x,Eleidon's Ward,A tall rectangular tower shield displaying a prominent winged motif across its broad front.
Morrowind.esm,netch_leather_boiled_helm,Boiled Netch Leather Helm,"A boiled netch leather helmet, its darkened, hardened hide shaped into a rounded skull-protecting dome."
Morrowind.esm,BookSkill_Acrobatics5,"Mystery of Talara, Part 1",A compact octavo-bound book with a dark leather cover bearing the title in faded gilt lettering.
Morrowind.esm,ane_teria_mace_unique,Ane Teria's Mace,A heavy Dwemer mace with a cylindrical head and angular bronze-colored metal construction.
Morrowind.esm,key_chest_avonravel_01,Hlormaren - Avon Ravel's Key,"A plain iron key cut with standard notches along its slender, rectangular blade and rounded bow."
Morrowind.esm,bookskill_conjuration5,The Warrior's Charge,"A thick octavo book bound in worn leather covers, with a faded celestial motif stamped on the spine."
Morrowind.esm,glass_bracer_right,Right Glass Bracer,"A right arm bracer formed from translucent green glass, featuring angular fluting and secured with leather straps."
Morrowind.esm,light_de_candle_12_64,Candle,"A slender wax cylinder fitted into a small metal base, topped with a flickering flame."
Morrowind.esm,sc_windwalker,Scroll of Windwalker,A tightly wound parchment scroll features worn edges and a cylindrical wooden roller capped with plain carved knobs.
Bloodmoon.esm,bk_necrojournal,Rogue Necromancer's Journal,"A worn, leather-bound folio with darkened covers and pages filled with cramped, ink-scribed notes."
Bloodmoon.esm,BM_Ice_Helmet,Ice Armor Helmet,"A pale helmet carved from translucent ice, shaped with a narrow face guard and fitted with a solid chin plate."
Morrowind.esm,glass jinkblade,Glass Jinkblade,A short one-handed dagger with a translucent green glass blade fitted to a hilt of matching material.
Morrowind.esm,steel flamescythe,Steel Flamescythe,"A steel two-handed blade widens into a curved scythe shape, its polished surface reflecting orange and red hues like captured flame."
Morrowind.esm,bound_cuirass,Bound Cuirass,"A daedric cuirass formed from dark, jagged ebony plates with sweeping shoulders and sharp-edged joints."
Morrowind.esm,ring of fire storm,Ring of Fire Storm,An expensive gold ring set with a polished red stone and engraved with flame-like patterns along the band.
Morrowind.esm,dreugh_cuirass_ttrm,Dreugh Cuirass,"A rigid cuirass of mottled grey dreugh shell, its segmented plates shaped to resemble the carapace of the aquatic creature."
Morrowind.esm,ebony mace,Ebony Mace,"A heavy blunt weapon with a dark, glass-like ebony head and prominent flanges mounted on a sturdy haft."
Morrowind.esm,glass_cuirass,Glass Cuirass,"A cuirass of green-tinted glass plates fitted over dark leather, with angular shoulder guards and a polished surface."
Morrowind.esm,key_panatslaves_01,Panat Slave Key,"A simple iron key with a flat shaft and a single tooth, fitted with a small loop for attaching to a ring."
Morrowind.esm,p_reflection_b,Bargain Potion of Reflection,"A cheap, thin-walled glass flask holds a shimmering, pale liquid that faintly mirrors ambient light."
Bloodmoon.esm,BM_Mace_Aevar_UNI,Mace of Aevar Stone-Singer,"A heavy one-handed mace carved from translucent blue ice, its flanged head showing pale internal fractures."
Morrowind.esm,glass war axe,Glass War Axe,A one-handed war axe featuring a curved green glass blade mounted on a short haft.
Morrowind.esm,key_gindrala,Standard Key,"A small, plain iron key with a simple rectangular bow and a notched blade for turning a standard lock."
Morrowind.esm,BookSkill_Axe4,"36 Lessons of Vivec, Sermon 5","A thick octavo volume bound in worn leather covers, its spine bearing faded gilt lettering and decorative stamping."
Morrowind.esm,sanguinebeltdeepbiting,Belt of Sanguine Deep Biting,An extravagant belt crafted from deep-biting sanguine leather and fitted with ornate metal fittings.
Morrowind.esm,icicle,Icicle,"A slender, translucent long blade tapering to a sharp tip, resembling a frozen icicle carved from pale blue ice."
Bloodmoon.esm,BM_bear_cuirass_snow,Snow Bear Cuirass,"A thick white fur cuirass crafted from snow bear hide, featuring broad shoulder coverage and sturdy leather lacing."
Morrowind.esm,p_reflection_e,Exclusive Potion of Reflection,"A tall, slender glass vial with a reflective silver stopper contains a shimmering, mirror-bright liquid."
Morrowind.esm,bookskill_spear3,"36 Lessons of Vivec, Sermon 14","A thick octavo volume bound in weathered brown leather, featuring a faded title stamped across the spine."
Morrowind.esm,amulet of silence,Amulet of Silence,"An extravagant amulet crafted from polished gold, featuring an ornate central pendant suspended from a delicate chain."
Morrowind.esm,bk_vampiresofvvardenfell1,"Vampires of Vvardenfell, v I","A slim octavo volume bound in dark leather, with faded gilt lettering reading volume one on the spine."
Morrowind.esm,misc_skooma_vial,Empty Vial,"A small, translucent glass vial with a narrow neck, rounded bottom, and a cork stopper."
Morrowind.esm,misc_lw_bowl_chapel,Chapel Limeware Bowl,"A shallow, wide-rimmed bowl crafted from smooth, white limeware, its gently curving sides polished to a fine sheen."
Morrowind.esm,bk_fishystick,Capn's Guide to the Fishy Stick,A slim octavo-sized book bearing a worn cover that displays a curious fishy stick illustration alongside nautical lettering.
Bloodmoon.esm,BM_wolf_right_gauntlet_snow,Snow Wolf Right Gauntlet,"A pale-furred right gauntlet constructed from snow wolf hide, fitted with reinforced leather strips and metal buckles."
Morrowind.esm,fur_gauntlet_left,Nordic Fur Left Gauntlet,"A left-handed gauntlet built from thick, pale fur pieces stitched over a flexible leather framework."
Morrowind.esm,sc_Tyronius,Scroll of Tyronius,"A tightly wound parchment scroll features faded ink script across its yellowed surface and worn, frayed edges."
Morrowind.esm,common_shoes_01,Common Shoes,Simple low-cut footwear crafted from plain brown leather with thin soles and unadorned uppers.
Morrowind.esm,ingred_gold_kanet_unique,Roland's Tear,"A golden-petaled flower with delicate, teardrop-shaped blossoms and slender green stems growing from it."
Tribunal.esm,fur_helm,Nordic Fur Helm,A crude helmet of stitched brown fur panels stretched over a rounded iron frame with ear flaps.
Morrowind.esm,p_restore_endurance_e,Exclusive Restore Endurance,"A slender green glass vial sealed with a wax stopper, containing a viscous amber liquid that settles slowly when disturbed."
Morrowind.esm,bk_poisonsong2,Poison Song II,A quarto-format book bound in worn leather covers with a stitched spine and yellowed pages.
Morrowind.esm,fur_gauntlet_right,Nordic Fur Right Gauntlet,"A right-hand gauntlet constructed from thick, pale leather panels stitched over a coarse brown fur lining."
Morrowind.esm,bookskill_hand to hand2,"The Wolf Queen, Book II",A thick octavo volume bound in worn brown leather covers with faded gold lettering along the spine.
Morrowind.esm,bk_BriefHistoryEmpire3_oh,Odral's History of the Empire 3,"A quarto-sized book bound in worn leather covers, featuring a faded spine and aged parchment pages."
Morrowind.esm,common_pants_02_hentus,Hentus Pants,"Simple common trousers of sturdy woven fabric, cut in a loose straight-legged shape with an unadorned waistband."
Morrowind.esm,key_hasphat_antabolis,Hasphat Antabolis' Key,A small iron key with a plain rectangular bow and a simple single-toothed bit.
Morrowind.esm,imperial_greaves,Imperial Steel Greaves,Formed steel plates shaped to sheath the legs feature a dull gray finish with reinforced central ridges.
Bloodmoon.esm,misc_com_basket_02,Basket,A woven wicker basket with a wide circular rim and a sturdy rounded handle spanning its opening.
Morrowind.esm,p_restore_luck_b,Bargain Restore Luck,"A small, cheaply formed glass bottle with flat sides, a narrow neck, and a cork stopper."
Bloodmoon.esm,BM wolf cuirass,Wolf Cuirass,"A cuirass of layered wolf pelts stretched over a shaped leather frame, fastened with crude bone toggles."
Morrowind.esm,shard_bolt,Shardbolt,"A steel crossbow bolt fitted with a sharply pointed head and fletched with short, dark feathers."
Morrowind.esm,sc_inaschastening,Scroll of Inas' Chastening,A tightly wound parchment scroll secured by a frayed cord features faded ink lettering across its yellowed surface.
Tribunal.esm,common_shoes_07,Common Shoes,"Simple foot coverings of common leather, shaped with rounded toes and secured by thin laces across the vamp."
Morrowind.esm,key_Falas_tomb,Key to Falas tomb,"A simple wrought-iron key with a flat, notched blade and a plain bow, designed to unlock an ancient tomb."
Morrowind.esm,balm amulet,Balm Amulet,"A common circular amulet of plain metal hangs from a slender chain, bearing minimal ornamentation across its smooth surface."
Morrowind.esm,key_Rothan_tomb,Key to Rothan tomb,"A simple iron key with a rectangular bow, short shaft, and two rectangular teeth cut along the bit."
Morrowind.esm,gondolier_helm,Gondolier's Helm,"A wide-brimmed leather helmet with a low domed crown and a chin strap, shaped to shield against sun and spray."
Morrowind.esm,iron flamemauler,Iron Flamemauler,A heavy two-handed iron warhammer built with a long haft and a massive blocky head intended to crush by blunt force.
Morrowind.esm,p_spell_absorption_b,Bargain Spell Absorption,"A thin, cloudy liquid fills this cheaply blown, uneven glass vial sealed with a rough cork stopper."
Bloodmoon.esm,miner's pick,Miner's Pick,A heavy two-handed pickaxe features a thick wooden haft fitted with a sturdy iron head ending in a sharp pointed tip.
Bloodmoon.esm,misc_com_bottle_07,Jug,"A rounded clay jug with a narrow neck, a flared lip, and a single loop handle attached to the shoulder."
Morrowind.esm,glass stormblade,Glass Stormblade,A pale green glass dagger with a slender blade and a hilt wrapped in matching translucent material.
Morrowind.esm,light_com_torch_01_off,Torch,A wooden stick wrapped with a cloth head stands ready to hold a flame.
Morrowind.esm,common_pants_04,Common Pants,"These simple trousers are tailored from sturdy, unadorned fabric with a practical cut and plain waistband."
Morrowind.esm,misc_de_glass_yellow_01,Yellow Glass,"A compact, translucent yellow glass vessel with smoothly curved walls and a rounded rim."
Morrowind.esm,p_silence_s,Standard Potion of Silence,"A small angular glass vial sealed with a cork stopper contains a dark, opaque liquid within."
Morrowind.esm,extravagant_robe_01_t,Extravagant Robe,"A long, flowing garment tailored from rich fabric and cinched at the waist with wide, loose sleeves."
Morrowind.esm,p_chameleon_c,Cheap Potion of Shadow,"A thin, greenish liquid fills this cheap, roughly molded glass vial sealed with a plain cork stopper."
Morrowind.esm,bookskill_sneak5,"36 Lessons of Vivec, Sermon 26","A tall, narrow volume bound in dark leather with a smooth cover and a plain, unadorned spine."
Morrowind.esm,p_burden_q,Quality Potion of Burden,"A tall, slender glass phial with a narrow neck contains a dark, viscous liquid that settles slowly when disturbed."
Morrowind.esm,graveward amulet,Graveward Amulet,An exquisite gold amulet bears a central gemstone set within an ornate filigree pendant suspended from a slender chain.
Morrowind.esm,bonemold_armun-an_helm,Native Armun-An Bonemold Helm,A thick bonemold helmet with a prominent face guard and wide cheek flanges sculpted in the Armun-An style.
Morrowind.esm,glass claymore,Glass Claymore,A two-handed crystalline long blade with a faintly translucent green glass blade and matching hilt.
Morrowind.esm,belt of orc's strength,Belt of Orc's Strength,"A plain common belt fastened with a simple iron buckle, crafted from thickly woven brown leather strips."
Tribunal.esm,Expensive_pants_Mournhold,Expensive Pants,Tailored dark trousers feature subtle Mournhold styling with fitted legs and a smooth woven fabric.
Tribunal.esm,Helsethguard_gauntlet_right,Royal Guard Right Gauntlet,A plated right hand guard of dark steel with gilded trim matching the Royal Guard uniform.
Bloodmoon.esm,BookSkill_Acrobatics2,"A Dance in Fire, Chapter 1",A compact octavo-format book features a worn leather binding enclosing pages of densely printed text.
Bloodmoon.esm,ingred_blood_innocent_unique,Blood of an Innocent,"A small cluster of dark red lichen bears viscous crimson fluid seeping from its rough, irregularly shaped fronds."
Morrowind.esm,expensive_belt_03,Expensive Belt,A costly leather belt fitted with an ornate metal buckle and detailed stitching along its trimmed edges.
Morrowind.esm,foeburner,Foeburner,A two-handed Dwemer claymore of golden-brass metal with angular geometric construction and a long straight blade.
Bloodmoon.esm,ingred_bear_pelt,Bear Pelt,"A thick, brown bear hide with the head removed and the dark fur still attached to the supple leather skin."
Morrowind.esm,p_feather_q,Quality Potion of Feather,"A tall, angular glass vial sealed with a cork stopper, containing a pale, translucent liquid within its faceted body."
Morrowind.esm,demon mole crab,Demon Mole Crab,"A chitinous helmet shaped from a hardened mole crab shell, featuring a curved carapace crown and narrow eye slits."
Morrowind.esm,key_hvaults2,Hlaalu Vaults Inner Key,"A brass key with a notched blade and a flat, diamond-shaped bow bearing a faint temple emblem."
Morrowind.esm,cruel shardbolt ring,Cruel Shardbolt Ring,"A thin metal band set with sharp, wedge-shaped studs that project outward like small bolts or shards."
Morrowind.esm,bonemold_founders_helm,Redoran Founder's Helm,"A thick bonemold helmet featuring a prominent face guard and a tall, ridged crest arching over the crown."
Morrowind.esm,p_fortify_willpower_s,Standard Fortify Willpower,A small rounded glass vial contains a pale amber liquid sealed with a cork stopper.
Morrowind.esm,BookSkill_Medium Armor2,"Bone, Part One",A bound folio of gathered pages bearing the written instructional text concerning bone crafting techniques.
Morrowind.esm,misc_de_pot_redware_02,Redware Pot,"A rounded clay vessel with a narrow rim and a single curved handle, finished in ruddy orange-red earthenware."
Bloodmoon.esm,key_pirate,Pirate Captain's Key,A standard iron key featuring a plain rounded bow and a simple rectangular bit cut with basic wards.
Morrowind.esm,daedric_cuirass,Daedric Cuirass,"A blackened, segmented cuirass of heavy Daedric metal with sharp angular projections and polished red accents."
Morrowind.esm,light_de_candle_11_64,Candle,"A slender wax cylinder with a twisted cotton wick, formed around a short metal base."
Bloodmoon.esm,BM_ring_Aesliip,Aesliip's Ring,"A wide, ornate band forms this ring, rising to a large, prominent setting designed for a central gemstone."
Morrowind.esm,misc_com_wood_fork_UNI2,Fork,A simple wooden eating fork with three straight tines and a plain handle showing faint grain.
Morrowind.esm,steel jinkblade,Steel Jinkblade,A short steel dagger features a slender blade and a crossguard shaped like outstretched dragon wings.
Morrowind.esm,amulet of divine intervention,Amulet of Divine Intervention,"A round metallic amulet hangs from a slender chain, its polished surface bearing an engraved geometric motif."
Morrowind.esm,nordic_iron_cuirass,Nordic Iron Cuirass,A thick iron cuirass forged from dark gray metal plates with a rounded chest and heavy shoulder flanges.
Morrowind.esm,common_shirt_03,Common Shirt,"A simple, short-sleeved common shirt with a plain, unadorned collar and a straightforward cut."
Tribunal.esm,artifact_bittercup_01,Bittercup,"A tall, ornate golden chalice with a wide, flared rim and a slender stem rising from a broad, circular base."
Morrowind.esm,p_fortify_endurance_q,Quality Fortify Endurance,"A round, tapered vial of smooth green glass holds a thick, rosy liquid sealed with a stopper."
Tribunal.esm,misc_de_bowl_white_01,Bowl,"A white ceramic bowl with a smooth rim and a simple, rounded interior."
Tribunal.esm,bloodworm_helm_unique_x,Bloodworm Helm,A crude helmet shaped from a yellowed troll skull with heavy brow ridges and jutting lower jaw.
Morrowind.esm,p_fortify_luck_c,Cheap Potion of Fortify Luck,"A thin, chipped glass vial holds a pale, watery liquid secured with a crude cork stopper."
Morrowind.esm,p_swift_swim_b,Bargain Potion of Swift Swim,"A cheap, thin-glass vial of murky blue-green liquid sealed with a rough wooden stopper."
Morrowind.esm,amulet of 6th house,6th House Amulet,"An extravagant amulet crafted from polished dark metal, featuring a circular pendant suspended from a slender chain."
Morrowind.esm,key_caius_cosades,Caius Cosades' Key,"A brass temple key with a rectangular bow, a short shaft, and a single ward tooth."
Bloodmoon.esm,silver flameblade,Silver Flameblade,A silver short blade extends from a hilt shaped with angular crossguards and a tapered pommel.
Morrowind.esm,nordic_iron_helm,Nordic Iron Helm,A riveted iron helmet featuring a prominent nose guard and a rounded skull cap.
Morrowind.esm,viperbolt ring,Viperbolt Ring,"A common circular band ring of plain metal, its surface engraved with a subtle viper motif."
Tribunal.esm,fine carmine dart,Fine Carmine Dart,A slender steel throwing dart with a narrow needle tip and four small fletched fins.
Morrowind.esm,distraction ring,Distraction Ring,A simple circular band of unadorned bronze metal formed into a common finger ring.
Morrowind.esm,blind ring,Blind Ring,A common circular finger ring cast from dark metal and polished to a dull sheen.
Morrowind.esm,blood ring,Blood Ring,A thick band of dark crimson metal carved with jagged vein-like grooves across its polished surface.
Morrowind.esm,ingred_corkbulb_root_01,Corkbulb Root,"A thick, pale brown taproot tapers to a rounded tip, its rough surface marked by wiry rootlets and shallow ridges."
Morrowind.esm,key_thorek,Thorek's Key,"A plain iron key with a rectangular bow, a short shank, and a simple single-toothed bit."
Morrowind.esm,p_restore_endurance_q,Quality Restore Endurance,A slender glass vial containing an earth-toned liquid sealed with a wax stopper.
Morrowind.esm,key_nedhelas,Nedhelas' key,"A simple iron key with a rectangular bow, short shaft, and single-toothed bit."
Morrowind.esm,sc_summondaedroth_hto,Milyn Faram's Scroll,"A tightly wound parchment scroll bearing the personal seal of Milyn Faram, fitted with dark wooden end caps."
Morrowind.esm,bookskill_unarmored5,"36 Lessons of Vivec, Sermon 34","A tall, narrow octavo book bound in worn, dark leather with a faded spine and plain covers."
Tribunal.esm,book_dwe_metal_fab00,Old Dwemer Book,"A thick rectangular volume bound in dark, corroded metal plates with faded geometric engravings along the spine."
Morrowind.esm,apparatus_g_calcinator_01,Grandmaster's Calcinator,"A wide bronze bowl with a perforated lid and sturdy handles, mounted on a small tripod base."
Morrowind.esm,light_de_candle_14,Candle,"A narrow white wax cylinder surrounds a central cotton wick, fitted into a small brass base."
Morrowind.esm,belt of wisdom,Belt of Wisdom,A common wide leather belt fitted with a simple rectangular buckle and unadorned brown surface.
Bloodmoon.esm,BM_wolf_left_pauldron_snow,Snow Wolf Left Pauldron,"A left shoulder guard crafted from white snow wolf fur, featuring a curved pauldron shape."
Morrowind.esm,sc_supremedomination,Scroll of Supreme Domination,"A tightly wound parchment scroll features a worn cylindrical wooden roller and a curling, unsealed edge."
Morrowind.esm,key_anja,Anja's Key,A small brass key with a plain rectangular bow and a simple single-toothed bit.
Morrowind.esm,ingred_guar_hide_marsus,Marsus' Guar Hide,"A coarse, shaggy pelt of mottled greenish hide scraped from a guar, bearing irregular patches of darker fur."
Morrowind.esm,misc_com_plate_02,Plate,"A smooth, circular ceramic plate with a slightly raised rim and a plain glazed surface."
Tribunal.esm,staff_hasedoki_unique_x,Staff of Hasedoki,A tall two-handed staff topped by a curled hook and spiraling grooves carved along its polished wooden shaft.
Morrowind.esm,Greed,Greed,A silver-tipped two-handed spear featuring a long wooden shaft and a polished metal blade mounted on an ornate socket.
Morrowind.esm,spiritstrike ring,Spiritstrike Ring,An extravagant ring crafted from polished gold with a prominent raised bezel and ornate sculpted shoulders.
Morrowind.esm,indoril boots,Indoril Boots,"Ornate golden boots feature layered pauldrons over the shin and a tall, flared collar above the heel."
Morrowind.esm,key_elmussadamori,Abebaal Slave Key,"A simple cast-iron key with a rectangular bow, a short solid shaft, and a plain single-toothed bit."
Morrowind.esm,bonedancer gauntlet,Bonedancer Gauntlet,"A right gauntlet of chitin plates layered over dark leather, shaped to sheathe the forearm and hand in segmented carapace."
Morrowind.esm,chargen statssheet,Release Identification,An open scroll of curled parchment features tightly written identification statistics across its aged surface.
Morrowind.esm,sc_savagemight,Scroll of Savage Might,A tightly wound parchment scroll features faded brown edges and a central wooden roller capped with plain carved knobs.
Tribunal.esm,misc_de_pot_blue_02,Blue Clay Pot,"A blue clay pot with a rounded body and a short flared rim, shaped from smooth earthen material."
Morrowind.esm,flame arrow,Flame Arrow,A steel arrow with a narrow pointed head and red fletching designed to evoke flame.
Morrowind.esm,ingred_stoneflower_petals_01,Stoneflower Petals,"Delicate purple petals curl inward from a pale green stem, their surfaces marked by faint white veins."
Bloodmoon.esm,BM Huntsman Spear,Huntsman Spear,A long two-handed spear fitted with a broad steel hunting head atop a sturdy wooden shaft.
Morrowind.esm,BookSkill_Conjuration3,"2920, Hearth Fire","A thick octavo volume bound in worn leather, featuring faded gilt lettering on the spine."
Morrowind.esm,bk_fortpelagiadprisonerlog,Fort Pelagiad Prisoner Log,A thick octavo-bound book with a worn leather cover and pages filled with cramped handwriting.
Morrowind.esm,bookskill_illusion2,Silence,A quarto-bound book featuring a dark leather cover with faded gilt lettering and worn spine edges.
Morrowind.esm,bk_SecretsDwemerAnimunculi,Secrets of Dwemer Animunculi,"A thick, rectangular folio bound in worn brown leather, featuring faded gilt Dwemer geometric patterns along the spine and covers."
Morrowind.esm,key_Ashirbadon,Old Key,"A worn brass key with a simple rectangular bow, short straight shank, and two angled cuts on its single tooth."
Bloodmoon.esm,BM nordic silver longsword,Nordic Silver Longsword,A tapered long blade extends from a crossguard fitted to a grooved metallic hilt wrapped with silver wire.
Morrowind.esm,misc_dwrv_gear00,Rusty Dwemer Cog,"A corroded bronze gear with interlocking teeth around a central axle hole, bearing the pitted surface of long neglect."
Bloodmoon.esm,imperial shortsword severio,Severia's Imperial Shortsword,"A straight steel Imperial shortsword with a narrow double-edged blade, a brass crossguard, and a leather-wrapped grip."
Morrowind.esm,bk_V_hlaaluprison,Prisoner Checklist,"A rolled parchment scroll bearing a checklist of prisoner names, written in faded ink on yellowed animal skin."
Morrowind.esm,key_marvani_tomb,"An old, ashy key","A small, dark iron key coated in a layer of gray ash that clings to the worn teeth and simple bow."
Morrowind.esm,light_com_redware_lamp,Redware Lamp,A rounded redware clay lamp with a wide oil reservoir and a narrow spout supporting a small flame.
Bloodmoon.esm,ingred_horker_tusk_01,Horker Tusk,"A curved, pointed ivory tusk harvested from a horker, pale yellow in color with a smooth, slightly ridged surface."
Morrowind.esm,key_volrina_01,Volrina Quarra's Key,"A standard wrought-iron key fitted to a simple curved bow and a short, notched blade."
Tribunal.esm,boots of blinding speed_x,Boots of Blinding Speed,Green netch leather boots shaped for swiftness feature a blindingly bright surface sheen.
Tribunal.esm,common_shoes_06,Common Shoes,Simple low-cut leather footwear with thin soles and plain stitched uppers designed for everyday wear.
Morrowind.esm,misc_com_metal_plate_07_UNI1,Plate,"A round metal plate with a smooth rim and a shallow, slightly concave center suitable for dining."
Morrowind.esm,p_fire_resistance_e,Exclusive Fire Resistance,"A tall, slender glass flask with a narrow neck, containing a warm reddish liquid."
Morrowind.esm,Gauntlet_of_Glory_left,Left Gauntlet of Glory,A left-hand Nordic fur gauntlet constructed from thick leather panels with a fur-lined wrist cuff.
Morrowind.esm,key_yagram,Yagrum's Key,"A standard brass key with a simple, flat bow and a single-toothed bit, showing minor tarnish along its edges."
Morrowind.esm,key_Orethi_tomb,Key to Orethi tomb,"A plain iron key with a rectangular bow and two grooved teeth, intended for an ancestral tomb."
Morrowind.esm,key_Ienith_chest,Key to Ienith chest,A plain iron key with a simple rectangular bow and a standard single-toothed bit.
Bloodmoon.esm,BM nordic silver claymore_ber,Berserker Silver Claymore,"A large two-handed claymore forged from pale silver metal, featuring a broad double-edged blade and a sturdy crossguard."
Morrowind.esm,ring of hornhand,Ring of Hornhand,A simple common ring fashioned from dark metal and bearing a raised horn-shaped crest on its band.
Morrowind.esm,key_assi_serimilk,Rusty Key,"A corroded iron key with a simple rectangular bow and a single cut bit, its surface pitted with reddish rust."
Morrowind.esm,steel spear,Steel Spear,A long two-handed steel spear featuring a slender wooden shaft and a pointed leaf-shaped metal blade.
Morrowind.esm,claymore_iceblade_unique,Ice Blade of the Monarch,A frost-rimed two-handed claymore with a pale crystalline blade and a hilt etched with monarchic motifs.
Morrowind.esm,ring of aversion,Ring of Aversion,A thick gold band features a prominent central setting holding a polished green stone.
Morrowind.esm,key_dulnea_ralaal,Storeroom Key,"A plain iron key with a simple rectangular bow and a single-cut bit, showing minor tarnish along its shaft."
Bloodmoon.esm,sc_paper plain,paper,"A plain, unmarked sheet of off-white paper with slightly rough edges and a smooth, unwritten surface."
Bloodmoon.esm,BM Winterwound Dagger,Winterwound Dagger,A short-bladed Nordic dagger featuring a broad tapering blade and a cross-hatched hilt.
Morrowind.esm,banhammer_unique,BanHammer,A large iron warhammer features a thick rectangular head mounted on a long two-handed wooden haft.
Morrowind.esm,sc_redsloth,Scroll of Red Sloth,"A tightly wound parchment scroll bearing faded script on yellowed, creased paper with frayed edge bindings."
Morrowind.esm,dire sparkarrow,Dire Sparkarrow,"A bonemold arrow tip rests on a pale wooden shaft, its dark lacquered surface carved with sharp, angular grooves."
Morrowind.esm,key_Llethri,Llaro Llethri's Key,"A standard brass key fitted with a simple rectangular bow, a short shaft, and a single-toothed bit."
Morrowind.esm,common_ring_01_fg_nchur04,Common Ring,A small circlet of inexpensive metal forms a simple band ring without any visible ornamentation or engraving.
Morrowind.esm,murdrum ring,Murdrum Ring,An expensive gold ring featuring a prominent raised setting and ornate sculpted shoulders supporting a dark polished stone.
Tribunal.esm,writ_Berano,Royal Writ of Execution,A tightly rolled paper scroll bearing official text and a wax seal authorizing a formal execution.
Bloodmoon.esm,hammer_repair,Apprentice's Armorer's Hammer,A lightweight steel hammer with a narrow peen head and a plain wooden handle suited for novice armorers.
Morrowind.esm,index_roth,Rotheran Propylon Index,A faceted crystalline shard shaped for insertion into a propylon chamber's receiving slot.
Tribunal.esm,goblin_shield,Goblin Buckler,A small round buckler fashioned from dark rough-hewn metal plates riveted together over a leather backing.
Bloodmoon.esm,sc_fur_armor,Custom Fur Armor Price List,A curled parchment scroll bearing a handwritten list of custom fur armor prices in dark ink.
Morrowind.esm,iron flameblade,Iron Flameblade,A short iron blade with a wavy-edged profile and a simple crossguard fitted to a plain hilt.
Bloodmoon.esm,misc_imp_silverware_cup,Silverware Cup,"A polished silver cup with a rounded bowl, narrow stem, and flared foot, all showing a bright metallic luster."
Morrowind.esm,key_Vandus_tomb,Key to Vandus tomb,"A simple iron key with a flat, notched blade and a plain rectangular bow, showing minor tarnish from age."
Morrowind.esm,extravagant_belt_hf,Belt of Heartfire,An extravagant belt of fine crimson leather fitted with a heart-shaped metal buckle bearing flickering flame ornamentation.
Bloodmoon.esm,BM_Ice_gauntletL,Ice Armor Left Gauntlet,"A translucent left gauntlet formed from pale ice, shaped with overlapping plates and a frosted groove along the forearm."
Morrowind.esm,key_chest_coduscallonus_01,Codus Callonus' Key,"A small brass key fitted with a simple rectangular bow, a short shaft, and a single-toothed bit."
Morrowind.esm,Light_Com_Candle_16,Silver Candlestick,"A polished silver candlestick features a wide circular base, a slender central stem, and a small cup holding a short white candle."
Tribunal.esm,goblin_club,Goblin Club,"A crude one-handed blunt weapon fashioned from a stout, roughly hewn wooden branch with a thick, knotted striking head."
Tribunal.esm,Variner's Ring,Variner's Ring,An expensive gold ring features a prominent raised bezel setting and polished band with subtle ornamental grooves.
Morrowind.esm,ebony war axe,Ebony War Axe,A dense black-hued war axe features a broad curved blade mounted on a short reinforced haft.
Morrowind.esm,p_levitation_c,Cheap Rising Force Potion,"A thin rounded vial of cloudy, pale liquid is sealed with a crude cork and housed in inexpensive glass."
Morrowind.esm,light_de_candle_ivory_01_64,Bamboo Candlestick,"A segmented bamboo stem supports a small ivory-toned candle cup holding a short, pale wax candle."
Morrowind.esm,sanguineringtranscendw,Ring of Sanguine Transcendence,An extravagant ring features a wide gold band with ornate sculptural details and a prominent central gemstone setting.
Bloodmoon.esm,Misc_Quill,Quill Pen,"A long flight feather with a hollow shaft and a sharpened, slit nib at the tip."
Morrowind.esm,p_restore_fatigue_e,Exclusive Restore Fatigue,"A tall, slender glass flask with a narrow neck, sealed with a wax stopper and filled with a vibrant green liquid."
Morrowind.esm,daedric_pauldron_left,Daedric Left Pauldron,A heavy left shoulder guard of blackened metal with sharp ebony spikes and sweeping Daedric curves.
Morrowind.esm,iron sparkmauler,Iron Sparkmauler,"A heavy two-headed iron warhammer bears a long haft and thick, blunt striking faces built for crushing blows."
Morrowind.esm,ebony throwing star,Ebony Throwing Star,"A dark, multi-pointed throwing star carved from dense ebony, its sharp radiating blades designed for aerodynamic flight."
Morrowind.esm,key_standard_01_hassour zainsub,Standard Key,"A small, plain iron key with a simple rectangular bow and a single-toothed bit."
Morrowind.esm,amulet of far silence,Amulet of Far Silence,"A polished gold disc amulet suspended from a thick chain, featuring an engraved central motif."
Morrowind.esm,bound_gauntlet_right,Bound Right Gauntlet,"A translucent, reddish-black daedric right gauntlet manifests with sharp angular plates and clawed fingertips."
Bloodmoon.esm,silver shortsword,Silver Shortsword,"A short, straight blade of polished silver extends from a hilt capped by a simple crossguard."
Morrowind.esm,ingred_bloat_01,Bloat,"Coarse, pale crystalline salts form irregular clumps resembling ash residue within a small container."
Morrowind.esm,staff_magnus_unique,Staff of Magnus,A tall two-handed staff crowned with a large spherical finial and banded by polished gold fittings.
Morrowind.esm,ebony_boots,Ebony Boots,"Heavy boots of dark ebony plate feature articulated joint guards and thick, reinforced soles."
Morrowind.esm,common_belt_05,Common Belt,A sturdy leather belt fastened with a plain round buckle and fitted with evenly spaced metal eyelets along its strap.
Bloodmoon.esm,BM_bear_helmet_snow,Snow Bear Helmet,"A white-furred helmet shaped from a snow bear's head, featuring rounded ears and a protective face guard."
Morrowind.esm,iron_pauldron_right,Iron Right Pauldron,"A heavy iron shoulder guard shaped to cover the right arm, secured by thick leather straps."
Bloodmoon.esm,misc_imp_silverware_plate_01,Silverware Plate,A circular silver plate with a smooth polished surface and a slightly raised rim.
Morrowind.esm,netch_leather_shield,Netch Leather Shield,"A round shield crafted from stretched netch leather fitted over a rigid frame, with exposed strapping along the curved rim."
Morrowind.esm,key_Nelas_chest,Key to Nelas chest,"A small iron key with a simple bit and looped bow, designed to open a specific chest."
Morrowind.esm,bk_a1_1_elone_to_Balmora,Elone's Directions to Balmora,"A rolled parchment scroll bearing handwritten directions for traveling to Balmora, inscribed on yellowed animal skin."
Morrowind.esm,key_brallion,Brallion's Key,"A simple wrought-iron key with a flat, notched blade and a plain bow, showing dark discoloration from handling."
Morrowind.esm,devil longbow,Devil Longbow,"A tall longbow of polished steel, with gently curved limbs tapering to narrow, notched tips."
Morrowind.esm,key_Othrelas_door,Key to Othrelas tomb door,"A plain iron key with a simple rectangular bow, short shaft, and single-toothed bit for opening Othrelas tomb door."
Morrowind.esm,misc_com_metal_goblet_02,Goblet,"A tall, slender metal goblet with a wide rim, narrow stem, and circular flared base."
Morrowind.esm,p_frost_shield_e,Exclusive Frost Shield,"A tall rectangular glass vial with a wide base, sealed with a domed stopper and filled with pale blue liquid."
Bloodmoon.esm,BM_Ice minion_Shield1,Riekling Shield,"A crude, round shield of rough-hewn wood and hide, daubed with pale, icy pigments and bound by thick leather straps."
Bloodmoon.esm,BM_Wool01_pants,Common Pants,"Simple woolen trousers tailored for everyday wear, featuring a plain weave and unadorned construction."
Morrowind.esm,sc_daerirsmiracle,Scroll of Daerir's Miracle,A tightly wound parchment scroll features worn edges and a central wooden roller capped with plain knobs.
Morrowind.esm,mehrunes'_razor_unique,Mehrunes' Razor,"A short, jagged dagger of dark metal with an asymmetric blade and a narrow, angular hilt."
Morrowind.esm,light_com_candle_02,Brass Candlestick,"A slender brass candlestick features a wide circular base, a tall central shaft, and a small cup holding a short candle."
Morrowind.esm,key_hvaults1,Hlaalu Vaults Outer Key,"A bronze temple key cast with a rectangular bow, a short solid shaft, and a single simple ward."
Bloodmoon.esm,BM_Wool01_Robe,Common Robe,"A plain, loosely woven wool robe in an unadorned, drab hue with wide sleeves and a simple folded collar."
Morrowind.esm,iron longsword,Iron Longsword,"A long, straight iron blade is fitted to a simple hilt designed for one-handed wielding."
Morrowind.esm,dragonbone_cuirass_unique,Dragonbone cuirass,A cuirass of pale dragon bone shaped into overlapping plates that cover the torso and shoulders.
Morrowind.esm,cruel flame bolt,Cruel Flame Bolt,"A slender silver bolt fashioned with a sharp tip and finned shaft, its metallic head darkly etched with flickering flame motifs."
Morrowind.esm,hortatorrobe,Robe of the Hortator,"A flowing, exquisitely tailored robe displaying the rich fabric and elegant construction befitting a Hortator."
Morrowind.esm,imperial_helm_frald_uniq,Helm of Graff the White,"A white-painted Imperial steel helmet featuring a rear neck guard, broad cheek plates, and a reinforced nasal ridge."
Morrowind.esm,bk_ABCs,ABCs for Barbarians,"A thick octavo book bound in worn leather covers, its pages filled with large, simple lettering for beginning readers."
Morrowind.esm,sacrifice ring,Sacrifice Ring,"A thick gold band features a raised oval setting with flanking prongs, polished to a bright gleam."
Morrowind.esm,misc_de_goblet_01_redas,Redas Goblet,A dark red goblet with a wide bowl and slender stem rising from a circular foot.
Morrowind.esm,misc_com_metal_plate_07_UNI2,Plate,A round metal plate with a slightly raised rim and a plain polished surface.
Morrowind.esm,key_berandas,Stolen Key,"A small, tarnished iron key with a simple toothed blade and a flat, plain bow."
Morrowind.esm,steel staff of peace,Steel Staff of Peace,A long two-handed steel staff features a plain cylindrical shaft capped by rounded metal finials.
Bloodmoon.esm,steel_cuirass_ancient,Ancient Steel Cuirass,"A steel cuirass of segmented plate construction, its surface exhibiting the weathered appearance consistent with considerable age."
Morrowind.esm,dire shard bolt,Dire Shardbolt,A short bonemold crossbow bolt tipped with a sharply pointed shard and fletched with small dark feathers.
Bloodmoon.esm,BM nordic silver claymore,Nordic Silver Claymore,A lengthy two-handed silver blade is mounted between a crossguard and a pommel on a carved hilt of pale Nordic wood.
Morrowind.esm,food_kwama_egg_02,Large Kwama Egg,"A large, oval kwama egg with a pale, smooth shell and subtle surface mottling."
Morrowind.esm,sc_Malaki,A scroll written in blood,"A tightly wound parchment scroll bearing illegible script written in dark, dried blood."
Morrowind.esm,common_robe_04,Common Robe,"A simple, long-sleeved garment of plain woven fabric, featuring a modest collar and a loose, ankle-length cut."
Tribunal.esm,bk_BookDawnAndDusk,The Book of Dawn and Dusk,An open quarto volume with a worn leather binding and exposed pages displaying dark script on pale parchment.
Morrowind.esm,expensive_ring_01_BILL,Expensive Ring,"A costly gold band features a prominent round gemstone set within thick, polished prongs."
Morrowind.esm,ingred_6th_corprusmeat_06,Medium Corprusmeat Hunk,"A swollen, irregular hunk of diseased flesh covered in knobby protrusions and weeping with yellowish fluid."
Morrowind.esm,expensive_pants_01_a,Expensive Pants,"Well-tailored cloth trousers featuring a fitted waistband and straight-cut legs in a deep, solid color."
Morrowind.esm,bookskill_heavy armor1,Hallgerd's Tale,"A thick folio bound in worn leather covers, its spine creased and pages yellowed with age."
Morrowind.esm,p_light_e,Exclusive Potion of Light,A tall rectangular glass vial sealed with a golden stopper and adorned with a paper label.
Morrowind.esm,bk_AffairsOfWizards,The Affairs of Wizards,A compact octavo-bound book with a smooth spine and a plain cover showing no visible lettering or ornamentation.
Morrowind.esm,expensive_amulet_aeta,Expensive Amulet,A costly circular amulet of polished golden metal features a small central gemstone set within an ornate bezel.
Morrowind.esm,light_de_lantern_05_128_Carry,Paper Lantern,A rectangular paper lantern with thin wooden ribs framing its translucent pale walls and a small candle inside.
Tribunal.esm,claymore_iceblade_unique_x,Ice Blade of the Monarch,"A two-handed claymore with a pale, frost-rimed blade and a hilt carved from translucent blue-white ice."
Bloodmoon.esm,BM_nordic_silver_lgswd_bloodska,Bloodskal,"A hefty Nordic longblade forged from pale silver, featuring a broad double-edged blade and a crossguard of twisted metal."
Morrowind.esm,p_fortify_speed_e,Exclusive Fortify Speed,"A slender, ornate glass flask with a tapered neck, sealed with a wax stopper and filled with a vibrant amber liquid."
Morrowind.esm,bk_dispelrecipe_tgca,Dispel Potion Formula,"A rolled parchment scroll secured with a tied cord, its surface covered with handwritten ink formulae."
Morrowind.esm,bookskill_security1,The Locked Room,An open quarto book features a worn binding and pale pages filled with dense security instructional text.
Morrowind.esm,common_ring_05,Common Ring,A slender copper band with a small green glass setting sits atop the simple hoop.
Morrowind.esm,misc_Skull_Llevule,Skull of Llevule Andrano,"A pale, bare human skull with empty eye sockets and a smooth, rounded cranium lacking any remaining lower jawbone."
Morrowind.esm,key_Dura_gra-Bol,Dura gra-Bol's Key,"A standard iron key with a flat, notched blade and a simple looped bow handle."
Morrowind.esm,light_de_candle_11_Off,Candle,A pale wax cylinder with a braided wick sits in a shallow brass holder.
Morrowind.esm,misc_de_muck_shovel_01,Muck Shovel,"A long-handled shovel with a broad, slightly dented iron blade and a worn wooden grip, clearly intended for mucking."
Morrowind.esm,steel frostsword,Steel Frostsword,"A leaf-bladed steel long sword exhibits a wide, tapering blade with flared edges forged for chopping and thrusting."
Tribunal.esm,Helsethguard_Helmet,Royal Guard Helm,A dark metal helmet with a tall crested ridge and a narrow face guard protecting the wearer.
Tribunal.esm,ebony arrow_sadri,PoisonGrip Arrow,A dark ebony arrowhead with barbed edges is fitted to a blackened shaft and feathered with gray fletching.
Tribunal.esm,Indoril_MH_Guard_gauntlet_L,Her Hand's Left Gauntlet,A golden Indoril left gauntlet with articulated plate fingers and a flared cuff etched with ornate Dunmer motifs.
Morrowind.esm,misc_com_wood_spoon_01_UNI1,Spoon,A plain wooden spoon with a worn handle and a shallow oval bowl.
Tribunal.esm,Helsethguard_boots,Royal Guard Boots,"Dark plated boots with gilded trim and articulated joint guards, shaped for royal guard duty."
Morrowind.esm,iron viperslayer,Iron Viperslayer,A heavy two-handed iron claymore forged with a broad crossguard and a long double-edged blade.
Morrowind.esm,stumble charm,Stumble Charm,"A simple round pendant of common metal hangs from a thin cord, lacking any notable ornamentation."
Tribunal.esm,key_trib_dwe02,Dwemer key,"A heavy brass key with a complex bit, its bow cast in a geometric shape with angular projections and faint filigree."
Morrowind.esm,p_restore_agility_s,Standard Restore Agility,"A small, round-bellied glass flask with a short, narrow neck and a simple cork stopper."
Morrowind.esm,ingred_guar_hide_girith,Girith's Guar Hide,"A rough, thick patch of mottled gray hide stripped from a guar, bearing sparse bristles."
Morrowind.esm,p_fortify_strength_c,Cheap Fortify Strength,"A thin, cheaply made glass vial holds a murky, reddish liquid sealed with a rough cork stopper."
Morrowind.esm,water spear,Water Spear,"A long two-handed spear features a pale chitin shaft and a jagged, translucent blue-green tip."
Morrowind.esm,p_night-eye_s,Standard Potion of Night-Eye,A small rounded vial of translucent liquid fitted with a cork stopper and sealed with plain wax.
Morrowind.esm,iron flamemace,Iron Flamemace,"A heavy one-handed mace forged from dark iron, featuring a thick grip and a flanged head built to deliver crushing blows."
Morrowind.esm,misc_lw_bowl,Limeware Bowl,"A smoothly curved, shallow bowl carved from pale, translucent limeware with a polished surface."
Tribunal.esm,spite_dart,Spite Dart,A slender silver throwing dart forged with a narrow tip and small fletching for spiteful flight.
Morrowind.esm,BookSkill_Security3,The Dowry,"A thick octavo bound in worn leather covers, its spine cracked and pages yellowed with age."
Morrowind.esm,ingred_black_anther_01,Black Anther,"A dark-hued flower's reproductive part, consisting of a slender filament topped by small, pollen-bearing anthers."
Morrowind.esm,dwemer_pauldron_left,Dwemer Left Pauldron,A heavy brass-colored left shoulder pauldron constructed from angular Dwemer metal plates with prominent rivets.
Morrowind.esm,boneweave gauntlet,Boneweave Gauntlet,"A left gauntlet of chitinous plates bound with pale bonelike thread, fitted with articulated finger segments."
Tribunal.esm,bk_commontongue,The Common Tongue,"A rolled parchment scroll of pale, fibrous material features faded ink lettering across its worn, yellowed surface."
Morrowind.esm,bone charm,Bone Charm,A pale bone amulet carved into an extravagant curved shape and strung on a thin cord.
Morrowind.esm,p_invisibility_e,Exclusive Invisibility,"A slender glass flask with a tapered neck holds a perfectly clear, colorless liquid sealed by a fitted stopper."
Morrowind.esm,key_shaadnius,Sha-Adnius  Key,"A worn brass key with a simple rectangular bow, a short shaft, and a basic single-toothed bit."
Morrowind.esm,light_de_lantern_14,Paper Lantern,"A rectangular paper lantern with a light wooden frame, designed to shield and diffuse the flame within."
Bloodmoon.esm,steel saber_elberoth,Elberoth's Saber,A curved steel saber with a single-edged blade and a simple hilt designed for one-handed wielding.
Morrowind.esm,key_Saren_chest,Key to Saren chest,"A simple brass key with a plain oval bow and a standard single-toothed bit extending from a short, tapered shoulder."
Morrowind.esm,key_Baram_tomb,Key to Baram tomb,"A standard iron key with a flat, notched blade and a simple looped bow."
Morrowind.esm,apparatus_sm_retort_01,SecretMaster's Retort,A sleek glass retort featuring an elongated spout and a rounded base for distilling alchemical mixtures.
Tribunal.esm,dwarven mace_salandas,Suldreni's Mace,"A heavy one-handed mace forged from brass-colored Dwarven metal, featuring a flanged head mounted on a short thick grip."
Bloodmoon.esm,BM_NordicMail_Boots,Nordic Mail Boots,Thick leather boots reinforced with interlocking steel rings and fitted with broad iron plates across the shins.
Morrowind.esm,steel staff of shaming,Steel Staff of Shaming,A slender two-handed steel staff topped by a round finial and capped with plain ferrous ferrules at both ends.
Morrowind.esm,expensive_shirt_03,Expensive Shirt,A finely tailored cloth shirt featuring a close-fitted collar and decorative stitching along the seams.
Tribunal.esm,chitin greaves,Chitin Greaves,Segmented leg guards crafted from lacquered insect shell plates bound by thick leather straps.
Morrowind.esm,mace of molag bal_unique,Mace of Molag Bal,"A dark metallic one-handed mace featuring a spiked head with sharp, curved flanges and a spherical green orb embedded at the center."
Tribunal.esm,ebony_bow_auriel_X,Auriel's Bow,"A golden longbow with gracefully curved limbs and an ornate central grip, its polished surface gleaming with an otherworldly radiance."
Morrowind.esm,extravagant_amulet_01,Extravagant Sapphire Amulet,A polished gold amulet holds a faceted blue sapphire within an ornate filigree setting suspended from a slender chain.
Morrowind.esm,bk_thesevencurses,The Seven Curses,"A rolled parchment scroll of yellowed, slightly wrinkled material bound with a simple cord."
Morrowind.esm,misc_de_goblet_07,Goblet,A wide-bowled drinking vessel rises from a narrow stem to a flared circular foot.
Bloodmoon.esm,steel_cuirass,Steel Cuirass,"A formed steel cuirass shaped to the torso, fastened at the sides with riveted metal plates."
Morrowind.esm,glass stormsword,Glass Stormsword,A translucent crystalline long blade with a faintly shimmering green-tinted edge and a smooth hilt.
Morrowind.esm,iron vipercleaver,Iron Vipercleaver,A two-handed iron halberd features a long wooden shaft topped by a broad cleaving blade and rear-facing spike.
Morrowind.esm,sc_greymind,Scroll of Grey Mind,"A tightly wound parchment scroll secured with worn cord, featuring faded ink inscriptions across its yellowed surface."
Morrowind.esm,ring of shocking touch,Ring of Shocking Touch,"A common copper ring with a rough, unpolished band and a small prong setting meant to hold a dull gemstone."
Morrowind.esm,cloth bracer right,Cloth Right Bracer,A right forearm bracer constructed from layered cloth wraps bound tightly into a protective sleeve.
Morrowind.esm,Misc_Com_Wood_Bowl_05,Bowl,"A shallow wooden bowl shaped from a single piece of pale timber, its rounded rim worn smooth by handling."
Morrowind.esm,key_ministry_cells,Ministry of Truth Cell Key,"A standard iron key with a simple toothed blade and a flat bow, intended for the Ministry of Truth cells."
Morrowind.esm,misc_dwrv_ark_cube00,Dwemer puzzle box,A small brass cube constructed from interlocking geometric plates with faintly engraved mechanical patterns across its faces.
Morrowind.esm,iron dagger,Iron Dagger,A simple forged iron blade with a straight crossguard and a leather-wrapped hilt.
Bloodmoon.esm,key_nuncius,Nuncius' key,A simple metal key with a rectangular bow and a notched blade suited for common locks.
Morrowind.esm,ebony_cuirass,Ebony Cuirass,A sculpted cuirass of polished black ebony plate with fluted surfaces and darkly lustrous curves.
Morrowind.esm,cruel viperstar,Cruel Viperstar,A silver throwing star forged with cruelly barbed tips radiating outward from the central gripping ring.
Morrowind.esm,ebony_shield_auriel,Auriel's Shield,A tall ebony shield adorned with golden ornamentation and a radiant sunburst emblem across its front.
Morrowind.esm,dire shardblade,Dire Shardblade,A short blade carved from jagged dark shards features a dragon-shaped hilt and a tapering double-edged cutting edge.
Tribunal.esm,adamantium_axe,Admantium Axe,"A heavy two-handed axe forged from silvery adamantium, featuring a broad curved blade mounted on a long reinforced haft."
Morrowind.esm,key_Llervu,Key to Llervu tomb,A simple wrought iron key cut with notches to fit the lock of the Llervu tomb.
Morrowind.esm,key_Ravel_chest,Key to Ravel chest,A simple brass key cut with standard ward-notches intended to open a Ravel family chest.
Morrowind.esm,dreugh_cuirass,Dreugh Cuirass,"A segmented cuirass shaped from chitinous dreugh shell, featuring overlapping plates, curved ridges, and a rough carapace texture."
Morrowind.esm,lbonemold brace of horny fist,Bonemold Brace of Horny Fist,"A left bonemold bracer shaped from dark resin and polished bone segments into a heavy, ridged forearm guard."
Morrowind.esm,key_varoprivate,Private Quarters Key,"A standard brass key with a simple rectangular bow, a short shaft, and a single cut bit."
Morrowind.esm,BookSkill_Block1,Death Blow of Abernanit,"A compact octavo volume with a flat spine and a plain, unadorned cover."
Bloodmoon.esm,nordic_leather_shield,Nordic Leather Shield,A round wooden shield covered with tanned leather and reinforced by a central iron boss.
Morrowind.esm,bookskill_long blade3,"36 Lessons of Vivec, Sermon 17",A thick octavo volume bound in worn brown leather with a faded rectangular label adhered to the spine.
Bloodmoon.esm,BM_bear_left_gauntlet_snow,Snow Bear Left Gauntlet,"A white-furred left gauntlet shaped from thick bear hide, featuring reinforced leather panels and heavy stitching."
Morrowind.esm,bookskill_hand to hand4,"Charwich-Koniinge, Volume 4",A quarto-sized book bound in worn brown leather covers with faded gold lettering along the spine.
Tribunal.esm,netch_leather_pauldron_right,Netch Leather Right Pauldron,"A cured netch leather right pauldron shaped to cover the shoulder, fastened with thick hide straps and reinforced with boiled panels."
Morrowind.esm,divine judgement silver staff,Divine Judgement Silver Staff,A tall two-handed silver staff features a polished metallic shaft topped with an ornate finial.
Morrowind.esm,key_Aralen,Key Aralen Tombs,"A plain iron key with a simple rectangular bow, a short straight shank, and a basic single-toothed bit."
Morrowind.esm,steel dagger,Steel Dagger,"A short steel blade extends from a crossguard cast in the shape of a dragon, its wings forming the hilt."
Morrowind.esm,orcish_helm,Orcish Helm,A heavy iron helmet with a narrow face guard and prominent cheek guards covers the head and lower face.
Bloodmoon.esm,ingred_boar_leather,Bristleback Leather,"A rough, bristly patch of tanned hide stripped from a wild boar, bearing sparse stiff hairs across its leathery surface."
Tribunal.esm,misc_dwrv_weather2,Powered Dwemer Coherer,A cylindrical brass mechanism of Dwemer make features exposed gearwork and mechanical linkages along its segmented housing.
Morrowind.esm,iron_gauntlet_right,Iron Right Gauntlet,"A riveted iron gauntlet for the right hand, featuring articulated finger plates and a flared cuff."
Morrowind.esm,bk_BeramJournal5,Beram Journal Entry 5,"A creased parchment scroll bearing handwritten ink text, rolled loosely and fastened with a simple cord tie."
Morrowind.esm,imperial left pauldron,Imperial Steel Left Pauldron,"A curved steel shoulder plate shaped to fit the left side, secured by leather straps."
Tribunal.esm,nerevarblade_01_flame,Trueflame,A slender one-handed long blade forged from polished metal with a flame-shaped guard and tapered fullered edge.
Morrowind.esm,katana_bluebrand_unique,Eltonbrand,A golden-hued katana with a gently curved single-edged blade and an ornate hilt suited for one-handed wielding.
Morrowind.esm,amulet_unity_uniq,Amulet of Unity,An expensive golden amulet crafted with a polished round bezel and delicate ornamental filigree suspended from a slender chain.
Morrowind.esm,bk_BlightPotionNotice,Cure Blight Potion Notice,A creased parchment scroll bearing handwritten instructions regarding the procurement of blight remedies.
Morrowind.esm,key_desele,Bedroom Key,"A common brass key with a simple rectangular bow and a single-cut bit, showing moderate tarnish along its edges."
Morrowind.esm,p_fortify_intelligence_b,Bargain Fortify Intelligence,"A cheap, roughly molded bottle contains a pale blue liquid formulated to sharpen the mind."
Morrowind.esm,ingred_fire_petal_01,Fire Petal,"A curled, flame-orange petal with a waxy surface and delicate, translucent edges radiating from a dark central vein."
Morrowind.esm,iron shortsword,Iron Shortsword,A short iron blade extends from a simple crossguard into a plain leather-wrapped hilt.
Morrowind.esm,light_com_torch_burnedout_01,Burned out Torch,"A charred wooden stick with a blackened, crumbling head where the flame has fully consumed the wrapped material."
Bloodmoon.esm,misc_skull_griss_floor,Skull of Griss the Yellow,A yellowed human skull with dark empty eye sockets and bone surfaces discolored by age.
Morrowind.esm,p_restore_willpower_q,Quality Restore Willpower,"A tapered green glass vial sealed with a cork stopper, containing a pale golden liquid."
Morrowind.esm,bookskill_illusion1,"The Wolf Queen, Book III","A bound octavo tome featuring a worn cover that encloses compact pages of dense, inked script."
Morrowind.esm,boots of blinding speed[unique],Boots of Blinding Speed,"Carved netch leather boots feature a sleek, foot-conforming shape with a pale, smooth finish and reinforced stitching."
Morrowind.esm,bk_Warehouse_log,Warehouse shipping log,An open octavo volume features a worn binding and numerous pages filled with handwritten shipping entries.
Tribunal.esm,steel warhammer,Steel Warhammer,A heavy two-handed steel hammer features a thick rectangular head mounted on a long wooden haft.
Morrowind.esm,key_saetring,Small Key,A small forged metal key with a simple bit cut into the shaft and a plain bow for gripping.
Morrowind.esm,chargen dagger,Iron Dagger,A simple forged iron dagger featuring a short double-edged blade and a plain crossguard mounted on a wrapped hilt.
Morrowind.esm,sc_ninthbarrier,Scroll of The Ninth Barrier,"A tightly wound parchment scroll bearing the inscription of The Ninth Barrier, secured with a worn leather tie."
Morrowind.esm,devil tanto,Devil Tanto,"A short, curved one-handed blade with a dark iron hilt and a single-edged steel tanto profile."
Morrowind.esm,expensive_ring_aeta,Expensive Ring,A thick gold band features a polished oval gemstone set within prominent raised prongs.
Bloodmoon.esm,apparatus_a_spipe_01,Good Skooma Pipe,"A curved wooden pipe with a small bowl and extended mouthpiece, fitted with a glass alembic chamber."
Morrowind.esm,BookSkill_Sneak3,Azura and the Box,"A slim octavo volume bound in worn covers, its spine bearing the title of the enclosed tale."
Morrowind.esm,light_de_lantern_05_Carry,Paper Lantern,A rectangular paper lantern with thin wooden ribbing emits a soft glow through its translucent walls.
Morrowind.esm,light_de_lantern_02-177,Glass Lantern,"A translucent green glass lantern with a cylindrical body, a domed metal cap, and a small carrying handle."
Morrowind.esm,misc_com_plate_08,Plate,"A shallow ceramic plate with a slightly raised rim and a plain, unglazed surface."
Morrowind.esm,bound_helm,Bound_Helm,A terrifying Daedric helmet formed from blackened plates with sweeping horns and a menacing face guard.
Morrowind.esm,common_shirt_04,Common Shirt,"A simple long-sleeved garment tailored from sturdy, unadorned homespun fabric in muted earth tones."
Morrowind.esm,key_ibardad_tomb,"Ancient, rusted Daedric Key",A corroded iron key bearing faint Daedric etchings along its notched blade and a ringed bow handle.
Morrowind.esm,index_falen,Falensarano Propylon Index,"A faceted crystalline shard cut with angular edges, resembling a portal fragment in translucent greenish stone."
Tribunal.esm,adamantium_bracer_left,Adamantium Left Bracer,"A polished silvery adamantium left bracer shaped to guard the forearm, secured by short leather straps along its inner edge."
Morrowind.esm,note_Peke_Utchoo,Peke Utchoo's last words,A tightly wound parchment scroll bearing hastily scrawled final words across its yellowed surface.
Morrowind.esm,key_standard_darius_chest,Chest Key,"A plain iron key with a simple rectangular bow and a single-toothed bit, showing faint tarnish along its edges."
Morrowind.esm,p_restore_intelligence_e,Exclusive Restore Intelligence,"A slender glass phial holds the translucent blue liquid, sealed with a polished round stopper."
Morrowind.esm,key_telvosjailslaves_01,Tel Vos Jail Slave Key,"A simple iron key with a plain bow and a single ward, lightly tarnished along the shaft."
Morrowind.esm,bookskill_speechcraft5,"36 Lessons of Vivec, Sermon 27","A tall octavo volume bound in weathered leather, featuring a faded spine and plain cover boards."
Morrowind.esm,bone guard belt,Bone Guard Belt,"A sturdy belt of pale, polished bone segments fitted with dark metal fittings and a carved clasp."
Bloodmoon.esm,misc_de_goblet_04,Goblet,"A shallow drinking vessel with a wide bowl and tapered stem, supported by a circular spreading foot."
Morrowind.esm,expensive_robe_03,Expensive Robe,"A long, finely woven robe featuring wide sleeves and a deep V-neckline with subtle decorative trim along the hems."
Morrowind.esm,p_fortify_personality_e,Exclusive Fortify Personality,"A slender, premium glass phial filled with a luminous golden liquid and sealed with a polished stopper."
Morrowind.esm,sc_sertisesporphyry,Scroll of Sertises' Porphyry,"A tightly wound parchment scroll secured with a brittle cord, featuring faded porphyry-hued ink across its yellowed surface."
Morrowind.esm,ingred_6th_corprusmeat_02,Small Wrapped Corprusmeat,"A small, misshapen lump of diseased flesh is wrapped tightly in coarse cloth, concealing its corrupted surface."
Morrowind.esm,sc_summonskeletalservant,Scroll of Summon Skeleton,"A curled parchment scroll bound by a worn cord, its yellowed surface covered in spidery ink summoning script."
Morrowind.esm,bk_reflectionsoncultworship...,Reflections on Cult Worship,"A tall, narrow octavo volume bound in worn covers, collected within a sturdy protective wrapping."
Morrowind.esm,arrow of wasting spark,Arrow of Wasting Spark,A steel-headed arrow with a barbed tip and a straight wooden shaft fletched with feather vanes.
Bloodmoon.esm,Misc_Com_Bottle_14,Bottle,"A clear glass bottle with a narrow neck, rounded body, and a fitted cork stopper."
Morrowind.esm,daedric_helm_clavicusvile,Masque of Clavicus Vile,A horned golden mask featuring a leering visage and swept cheek guards that frame the wearer's face.
Morrowind.esm,common_pants_03,Common Pants,"Simple, loose-fitting woven trousers with a plain hem, designed for everyday common wear."
Morrowind.esm,steel shardblade,Steel Shardblade,"A forged steel short blade tapering to a narrow edge, mounted on a simple crossguard and leather-wrapped hilt."
Morrowind.esm,sunder_fake,* Sunder *,"A heavy one-handed blunt weapon of Dwemer metal with a blocky, geometric head and thick mechanical joints."
Morrowind.esm,extravagant_pants_02,Extravagant Pants,Tailored extravagant pants of fine woven fabric feature a fitted cut and subtle decorative stitching along the seams.
Tribunal.esm,longsword_umbra_unique,Umbra Sword,"A heavy two-handed claymore forged from dark steel, featuring a broad blade and a long crossguard."
Morrowind.esm,BookSkill_Destruction5,"Mystery of Talara, Part 3","A bound octavo book with a worn leather cover and aged pages containing dense, dark text."
Morrowind.esm,bk_notebyaryon,Notes by Aryon,"A rolled parchment scroll bearing handwritten notes in dark ink across its yellowed, slightly creased surface."
Morrowind.esm,bookskill_illusion5,"Mystery of Talara, Part 4","A thick octavo-format book bound in worn leather covers, featuring faded gilt lettering on the spine."
Morrowind.esm,p_fortify_willpower_c,Cheap Fortify Willpower,"A thin, cheap glass vial holds a pale liquid, its cork stopper and unadorned sides showing crude workmanship."
Morrowind.esm,sparkstar,Sparkstar,A polished steel throwing star with four sharpened edges radiating from a small central grip.
Morrowind.esm,common_shirt_02_tt,Common Shirt,"A simple, short-sleeved common shirt tailored from coarse, undyed linen with plain stitching along the seams."
Morrowind.esm,daedric war axe,Daedric War Axe,"A heavy one-handed axe forged from dark obsidian metal, featuring a curved blade and jagged Daedric ornamentation along the haft."
Morrowind.esm,BookSkill_Restoration5,"Mystery of Talara, Part 2","A compact octavo-format book bound in a sturdy, plain cover with a moderately thick spine."
Morrowind.esm,ebony broadsword_Dae_cursed,Ebony Broadsword,A heavy one-handed long blade with a wide crossguard and a dark ebony grip secured by metal rivets.
Morrowind.esm,bk_PigChildren,The Pig Children,A quarto-format book whose pages are formed from sheets folded twice into four-leaf gatherings.
Morrowind.esm,key_Andalen_tomb,Key to Andalen tomb,"A standard brass key with a flat, rectangular bow and a simple, notched blade for unlocking a tomb."
Tribunal.esm,ingred_durzog_meat_01,Durzog Meat,"A rough slab of reddish meat cut from a durzog, bearing dark streaks of sinew and a slightly moist surface."
Bloodmoon.esm,BM Bear Helmet eddard,Helm of Bear Scent,"A crude helmet shaped from a rough bear pelt, featuring small rounded ears and a dark snout over the face opening."
Bloodmoon.esm,warhammer_rammekald_unique,Rammekald,A heavy warhammer with a large blunt head mounted on a long shaft for two-handed striking.
Morrowind.esm,templar_cuirass,Imperial Templar Knight Cuirass,A segmented steel cuirass with broad shoulder guards and a polished chest plate displaying the Imperial dragon emblem.
Morrowind.esm,steel sparkskewer,Steel Sparkskewer,A lengthy steel spearhead tapers to a sharp tip atop a sturdy two-handed wooden shaft designed for thrusting.
Morrowind.esm,expensive_ring_01,Expensive Ring,"A slender golden band features a prominent circular setting that holds a polished, faceted gemstone."
Morrowind.esm,BookSkill_Sneak2,"2920, Last Seed","A thick octavo book bound in worn leather covers, its pages filled with dense, neatly printed text."
Morrowind.esm,key_venimmanor,Venim Manor Key,"A plain iron key with a standard rectangular bow and a simple cut bit, cast as a single piece."
Morrowind.esm,amulet of mighty blows,Amulet of Mighty Blows,"A circular metallic amulet hangs from a simple chain, its surface bearing faintly incised decorative markings."
Morrowind.esm,ingred_bonemeal_01,Bonemeal,"A coarse pale powder of finely ground bone, gathered in a small rough heap."
Morrowind.esm,light_de_lantern_07_128,Paper Lantern,A rectangular paper lantern with a light wooden frame features thin translucent walls and a small handle atop its roof.
Morrowind.esm,light_de_candle_05,Redware Candle,"A simple redware candle formed from reddish-brown clay, featuring a wide shallow dish base and a central upright wick."
Bloodmoon.esm,bk_a1_1_directionscaiuscosades,Directions to Caius Cosades,"A rolled parchment sheet of yellowed, fibrous material bears faded ink directions written in a cramped hand."
Morrowind.esm,iron halberd,Iron Halberd,A long iron halberd features a broad pointed blade and a rear-facing hook mounted on a wooden shaft.
Morrowind.esm,key_mette,Mette's Key,A standard brass key cut with simple wards and fitted with a plain bow.
Morrowind.esm,glass halberd,Glass Halberd,A tall two-handed polearm bears a curved glass blade mounted on a long haft of dark wood.
Morrowind.esm,bonemold_gah-julan_hhda,Native Gah-Julan Bonemold Helm,"A rounded bonemold helmet with a narrow face opening, reinforced by a prominent lacquered crest along the crown."
Morrowind.esm,key_bolayn,Bolayne's chest key,"A simple brass key with a standard bow, plain wards, and a worn matte finish."
Morrowind.esm,bk_redbookofriddles,The Red Book of Riddles,"A red-bound octavo book with a plain cover, its pages filled with riddles."
Morrowind.esm,common_ring_01_mgbwg,Common Ring,A simple circular band of plain bronze metal with a small rounded bezel holding a cloudy greenish stone.
Bloodmoon.esm,steel_gauntlet_right_ancient,Ancient Steel Right Gauntlet,A right gauntlet of steel with articulated plate fingers and a flared cuff protecting the forearm.
Morrowind.esm,light_de_candle_13,Candle,"A slender wax column fitted into a small metal holder, the wick charred and unlit."
Morrowind.esm,thunderfall,Thunderfall,An extravagant amulet of polished gold with a central teardrop gemstone suspended from a delicate chain.
Tribunal.esm,DarkBrotherhood greaves,Dark Brotherhood Greaves,"Sleek black greaves crafted from fitted leather, featuring segmented plates for silent movement."
Morrowind.esm,erur_dan_cuirass_unique,Erur-Dan's Cuirass,A bonemold cuirass with a sharply ridged torso and angular shoulder plates molded from lacquered dark resin.
Morrowind.esm,ring_blackjinx_uniq,Black Jinx,An extravagant ring of dark metal features an ornate band and a prominent black stone set within intricate filigree.
Morrowind.esm,cruel shard bolt,Cruel Shard Bolt,A slender silver bolt fitted with a cruelly barbed head designed to rend flesh upon impact.
Morrowind.esm,light_de_candle_19,Redware Candle,A thick redware ceramic candlestick supports a pale wax cylinder with a flickering flame atop its shallow dish.
Morrowind.esm,ebony arrow,Ebony Arrow,"A fletched arrow fitted with a barbed head of dark, lustrous ebony secured to a smooth wooden shaft."
Morrowind.esm,key_redoran_basic,Redoran Iron Key,"A simple iron key with a standard cut bit, fitted with a plain rectangular bow."
Morrowind.esm,steel claymore,Steel Claymore,"A large two-handed long blade with a straight steel crossguard, elongated grip, and broad double-edged tapering blade."
Morrowind.esm,ebony_closed_helm_fghl,Sarano Ebony Helm,A closed ebony helmet with a smooth dark dome and a narrow faceguard protecting the visor area.
Tribunal.esm,common_skirt_07,Common Skirt,"A simple woven skirt of common fabric, cut in a straight shape and dyed a solid color."
Morrowind.esm,amuletfleshmadewhole_uniq,Amulet of Flesh Made Whole,"An extravagant golden amulet features a polished central gemstone set within an ornate, symmetrical frame of delicate filigree."
Morrowind.esm,p_invisibility_c,Cheap Potion of Invisibility,"A thin, cloudy liquid fills this cheap, angular glass flask sealed with a rough cork stopper."
Morrowind.esm,exquisite_shirt_01_rasha,Exquisite Shirt,"A finely tailored, vividly colored silk shirt with elaborate embroidery along the cuffs and collar."
Morrowind.esm,sc_illneasbreath,Scroll of Illnea's Breath,A tightly wound parchment scroll features faded ink script and worn edges bound by a frayed cord.
Tribunal.esm,Indoril_MH_Guard_shield,Her Hand's Shield,"A tall golden shield shaped like an elongated diamond, bordered by ornate bronze trim and etched with angular patterns."
Tribunal.esm,key_trib_dwe00,Dwemer key,A brass-colored metal key fashioned with geometric edges and angular teeth in a distinctly mechanical style.
Morrowind.esm,dwarven claymore,Dwarven Claymore,A heavy two-handed long blade with a broad Dwemer-metal blade and a squared crossguard mounted on a brass-colored hilt.
Bloodmoon.esm,BM frostgore,Frostgore,"A jagged one-handed short blade carved from pale blue ice, its broad leaf-shaped head resembling a frozen spearhead."
Morrowind.esm,dire sparkblade,Dire Sparkblade,"A short, dragon-themed dagger features a curved blade and a hilt sculpted with stylized draconic ornamentation."
Morrowind.esm,writ_vendu,Honorable Writ of Execution,"A cylindrical parchment scroll bearing official execution orders, bound by a dark wax seal."
Morrowind.esm,templar_pauldron_right,Imperial Templar Right Pauldron,"A segmented steel right pauldron shaped to cover the shoulder, fitted with leather straps and polished to a silvery sheen."
Morrowind.esm,sc_mindfeeder,Scroll of The Mind Feeder,"A tightly wound parchment scroll bearing faded ink inscriptions across its yellowed, age-spotted surface."
Tribunal.esm,towershield_eleidon_unique,Eleidon's Ward,A tall rectangular tower shield of pale metal bearing a central winged motif and bordered by ornate raised edging.
Morrowind.esm,bk_notefrombugrol,Note from Bugrol,"A curled parchment scroll bearing a hastily penned note, its edges worn and surface yellowed with age."
Bloodmoon.esm,misc_com_bottle_10,Bottle,"A tall, narrow-necked glass bottle with a rounded body and a small flared lip at the top."
Morrowind.esm,light_de_lantern_01_off,Paper Lantern,A collapsible paper lantern with thin wooden ribs forming a hexagonal frame around a central candle holder.
Morrowind.esm,feather ring,Feather Ring,An expensive gold ring features a slender band and a polished setting shaped like an outstretched wing.
Morrowind.esm,common_glove_r_balmolagmer,Right Bal Molagmer Glove,A dark leather right-hand glove featuring a sturdy reinforced cuff and tailored stitching for a snug fit.
Morrowind.esm,p_feather_b,Bargain Potion of Feather,"A cheap, thin-necked glass flask holds a pale, watery liquid sealed with a rough cork stopper."
Morrowind.esm,common_shoes_03,Common Shoes,Simple low leather footwear with thin soles and plain stitched uppers designed for everyday wear.
Bloodmoon.esm,silver staff,Silver Staff,A tall two-handed staff topped with a curved silver finial and fitted with a matching metallic shaft.
Morrowind.esm,peakstar_pants_unique,Travel-stained Pants,"These well-worn, travel-stained common trousers show faded discoloration and ingrained dirt across the rumpled, coarse-woven fabric."
Morrowind.esm,p_poison_resistance_b,Bargain Poison Resistance,"A cheap, roughly molded glass vial of thin, murky liquid sealed with an unrefined cork stopper."
Bloodmoon.esm,Misc_Com_Pitcher_Metal_01,Pitcher,"A metal pitcher with a curved pouring spout, a swollen belly, and a sturdy handle opposite the lip."
Bloodmoon.esm,BM_Ice_cuirass,Ice Armor Cuirass,"A rigid cuirass formed from translucent blue ice, fitted with dark leather straps and reinforced along the shoulders."
Morrowind.esm,light_de_lantern_07,Paper Lantern,A paper lantern with a thin wooden frame forming a rectangular housing around the delicate illuminated interior.
Morrowind.esm,ingred_scrap_metal_01,Scrap Metal,"Irregular shards of dark, corroded ferrous metal are jumbled together in a rough, unrefined aggregate mass."
Morrowind.esm,bk_NerevarMoonandStar,Nerevar Moon-and-Star,A compact octavo-bound book bearing the title Nerevar Moon-and-Star on its textured cover.
Tribunal.esm,bk_ChildrenOfTheSky,Children of the Sky,"A thick octavo book bound in worn leather covers, featuring a faded spine and yellowed pages."
Morrowind.esm,shockbite mace,Shockbite Mace,A heavy one-handed mace featuring a stout shaft and a solid metal head with projecting flanges.
Morrowind.esm,iron shardcleaver,Iron Shardcleaver,"A long two-handed iron halberd built for cleaving, its hefty curved blade fixed to a sturdy wooden shaft."
Morrowind.esm,iron sparkslayer,Iron Sparkslayer,A heavy iron two-handed long blade with a broad crossguard and a long leather-wrapped grip.
Morrowind.esm,key_Sandas,Key to Nobleman's chest,"A plain iron key with a simple bit and bow, sized for a standard lock."
Morrowind.esm,bk_impmuseumwelcome,Imperial Museum Welcome,"A rolled parchment scroll secured with a simple tie, featuring faded ink script across its yellowed surface."
Morrowind.esm,extravagant_shoes_02,Extravagant Shoes,Elegant shoes crafted from supple dark leather with a tapered toe and decorative stitching along the seams.
Morrowind.esm,steel jinkblade of the aegis,Steel Jinkblade of the Aegis,A short steel dagger features a dragon-shaped hilt and a slender blade intended for quick strikes.
Morrowind.esm,key_ebon_tomb,Shrine Key,A plain iron key with a standard cut bit and a simple looped bow for attaching to a ring.
Morrowind.esm,exquisite_robe_drake's pride,Robe of the Drake's Pride,A flowing exquisite robe of rich purple fabric with gold embroidery along the wide sleeves and hem.
Morrowind.esm,key_dreynos,Dreynos Elvul's Key,"A simple iron key with a flat, notched blade and a small rectangular bow for a keyring."
Morrowind.esm,orcish_pauldron_left,Orcish Left Pauldron,A heavy left shoulder pauldron of dark iron with angular flanges and crude riveted construction.
Morrowind.esm,key_Andules_chest,Key to Andules chest,"A simple iron key with a notched blade and a flat, rectangular bow intended for an Andules chest."
Morrowind.esm,wooden staff of chastening,Wooden Staff of Chastening,"A long, two-handed wooden staff fashioned from smooth, pale wood with a simple, unadorned shaft."
Morrowind.esm,sc_salensvivication,Scroll of Salen's Vivication,"A tightly wound parchment scroll secured with a worn ribbon, featuring faded ink script across its yellowed surface."
Morrowind.esm,bk_treasuryreport,Treasury Report,A tightly rolled parchment scroll bearing orderly rows of script across its curled surface.
Morrowind.esm,amulet_usheeja,Amulet of Usheeja,"A circular metallic amulet suspended from a slender chain, its center disc engraved with abstract, angular patterns."
Bloodmoon.esm,misc_skull_oddfrid,Oddfrid White-Lip,"A pale human skull missing most teeth, featuring a noticeably light-colored upper lip region on the bone."
Tribunal.esm,Indoril_MH_Guard_gauntlet_R,Her Hand's Right Gauntlet,A golden right gauntlet of ornate Indoril construction with layered plate and flanged cuffs protecting the forearm and hand.
Morrowind.esm,BookSkill_Destruction5_open,"Mystery of Talara, Part 3",An open octavo book features a weathered binding and exposed pages displaying worn text on pale paper.
Morrowind.esm,daedric_club_tgdc,Anora's Club,"A heavy one-handed club forged from dark daedric metal, featuring a thick haft and a rough, oversized striking head."
Tribunal.esm,Indoril_MH_Guard_Greaves,Her Hand's Greaves,Curved golden metal plates with ornate flowing ridges and deep blue accents shield the shins and thighs.
Bloodmoon.esm,silver sword of paralysis,Silver Sword of Paralysis,"A slender long blade forged from polished silver, featuring an elongated crossguard and a leather-wrapped grip."
Bloodmoon.esm,ingred_bread_01,Bread,A rounded loaf with a golden-brown baked crust and a pale dense interior.
Morrowind.esm,amulet of light,Amulet of Light,"A common circular amulet hangs from a simple cord, its polished surface bearing no elaborate ornamentation."
Morrowind.esm,BookSkill_Alchemy2,The Cake and the Diamond,"A tall, octavo-format book bound in worn covers, its spine lined with faintly creased ridges."
Morrowind.esm,sc_frostbane,Scroll of Frostbane,"A tightly wound parchment scroll features a cylindrical wooden roller and a worn, frost-white wax seal."
Morrowind.esm,bk_kagrenac'splans_excl,Kagrenac's Planbook,"A thin octavo-style planbook bound in dark leather with a sewn spine, containing lined pages of neat handwritten script."
Bloodmoon.esm,steel_pauldron_right,Steel Right Pauldron,"A formed steel shoulder plate shaped to cover the right side, secured by thick leather straps."
Morrowind.esm,bk_shishireport,Shishi Report,"A rolled parchment scroll bound by a taut cord, featuring densely inked script across its yellowed, fibrous surface."
Morrowind.esm,misc_6th_ash_statue_01,Ash Statue,"A rough figurine carved from gray volcanic ash, depicting a twisted humanoid form with elongated limbs and distorted features."
Morrowind.esm,key_Galom_Daeus,Key to Galom Daeus,"A standard iron key with a simple toothed blade and a plain rectangular bow, intended for Galom Daeus."
Morrowind.esm,extravagant_ring_aund_uni,Aundae Signet Ring,An extravagant gold ring bearing the engraved sigil of the Aundae bloodline upon its wide circular band.
Bloodmoon.esm,BM_bear_greaves_snow,Snow Bear Greaves,Thick white fur greaves reinforced with overlapping leather plates provide sturdy protection for the upper legs.
Morrowind.esm,daedric spear,Daedric Spear,A tall two-handed spear features a black shaft and a viciously barbed head of dark red ebony.
Bloodmoon.esm,BM huntsman longsword,Huntsman Longsword,A tapering steel long blade is mounted on a crossguarded hilt wrapped with dark leather for a secure one-handed grip.
Morrowind.esm,key_sirilonwe,Sirilonwe's Key,"A small brass key cut with standard ward notches along its bit, fitted to a plain bow handle."
Morrowind.esm,key_Arenim_chest,Key to Arenim chest,A plain iron key with a circular bow and a simple notched blade.
Morrowind.esm,Light_Com_Candle_16_77,Silver Candlestick,A tall silver candlestick holds a pale wax candle atop a slender stem and wide circular base.
Morrowind.esm,key_telaruhnslaves_01,Tel Aruhn Slave Key,"A plain iron key with a simple bit and bow, intended for slave bracers."
Morrowind.esm,daedric staff,Daedric Staff,A tall ebon staff capped with heavy curved prongs of dark red Daedric metal at both ends.
Morrowind.esm,key_neranomanor,Key to Nerano Manor,A simple brass key cut with notches intended to unlock the doors of Nerano Manor.
Tribunal.esm,daedric dagger_bar,Daedric Dagger,A curved ebony dagger features a black blade with jagged edges and a sweeping red hilt.
Morrowind.esm,key_Fadathram_tomb,Key to Fadathram tomb,"A plain iron key with a simple rectangular bow and a single-toothed bit, showing moderate tarnish along its shaft."
Morrowind.esm,left cloth horny fist bracer,Left Cloth Horny Fist Bracer,"A left wrist bracer of wrapped cloth bands, secured tightly to protect the forearm during unarmed strikes."
Morrowind.esm,cruel sparkbolt ring,Cruel Sparkbolt Ring,"A simple common ring of plain metal, formed into a smooth circular band with unremarkable construction and no visible ornamentation."
Morrowind.esm,steel spider blade,Steel Spider Blade,A forged steel shortsword features a slender straight blade and a crossguard shaped like angular spider legs.
Morrowind.esm,daedric katana,Daedric Katana,"A curved, single-edged long blade forged from blackened Daedric metal, featuring a prominent guard and jagged pommel."
Morrowind.esm,orcish warhammer,Orc Warhammer,"A heavy two-handed warhammer forged from dark Orcish metal, featuring a massive rectangular striking head mounted on a thick shaft."
Morrowind.esm,sc_psychicprison,Scroll of Psychic Prison,A tightly wound parchment scroll features faded script and worn edges bound by a simple cord.
Morrowind.esm,misc_clothbolt_03,Bolt of Cloth,A tightly wound cylindrical bolt of coarse fabric wrapped around a wooden dowel with frayed edges.
Tribunal.esm,key_durgok,Durgok's key,"A common iron key with a flat, notched blade extending from a rounded, unadorned bow."
Tribunal.esm,spring dart,Spring Dart,A slender steel throwing dart fitted with a coiled spring mechanism at the base of its narrow pointed shaft.
Tribunal.esm,silver spear_uvenim,Silver Spear,A long two-handed spear features a polished silver leaf-shaped blade fitted atop a slender wooden shaft.
Morrowind.esm,key_vivec_telvanni_cell,Telvanni Compound Cell Key,A heavy iron key with a wide looped handle and a simple toothed bit.
Bloodmoon.esm,silver arrow_thirsk_5,Silver Arrow,A slender silver arrowhead is mounted on a straight wooden shaft fitted with fletching.
Bloodmoon.esm,BM_Nordic01_Robe_whitewalk,Whitewalker,"A thick, pale-hued Nordic robe woven from coarse wool and tailored with a deep hood and wide hanging sleeves."
Morrowind.esm,bk_ocato_recommendation,Letter from Ocato,"A rolled parchment of pale, fibrous material bears a formal handwritten letter bearing the signature of Ocato."
Morrowind.esm,iron_bracer_left,Iron Left Bracer,"A rust-flecked iron bracer shaped to sheathe the left forearm, secured by sturdy rivets and a buckled leather strap."
Morrowind.esm,velothian shield,Velothian Shield,"A chitin shield shaped in the angular Velothian style, featuring a reinforced central boss and layered resin panels."
Morrowind.esm,bk_vivec_no_murder,The Battle of Red Mountain,"A rolled parchment scroll bearing densely inked text concerning the Battle of Red Mountain, its edges slightly worn."
Morrowind.esm,misc_com_bottle_07_float,Jug,"A rounded ceramic jug with a narrow neck, a single loop handle, and a flared pouring lip."
Morrowind.esm,p_restore_intelligence_s,Standard Restore Intelligence,A small rounded vial of translucent liquid sealed with a cork stopper sits within a simple brass wire frame.
Morrowind.esm,key_kagouti_colony,Rusty Key,"A corroded iron key with a simple rectangular bow and a single cut bit, its surface pitted with reddish-brown rust."
Tribunal.esm,imperial_chain_pauldron_left,Imperial Chain Left Pauldron,An asymmetrical left pauldron of interlocking steel rings reinforced with riveted metal plates shaped to protect the shoulder.
Morrowind.esm,p_detect_creatures_s,Potion of Detect Creatures,"A rounded green glass vial sealed with a cork stopper holds a fresh, faintly luminescent liquid."
Morrowind.esm,arrow of wasting viper,Arrow of Wasting Viper,A steel arrow fitted with a narrow viper-fanged head and fletched with dark feathers along its wooden shaft.
Morrowind.esm,thief_ring,Thief Ring,"A slender common metal band forms this simple unadorned ring, its circular shape fitted for any finger."
Morrowind.esm,bk_AuraneFrernis1,Aurane Frernis' Recipies,"A rolled parchment scroll bound by a cord, featuring handwritten culinary instructions across its yellowed surface."
Morrowind.esm,imperial right pauldron,Imperial Steel Right Pauldron,"A curved steel shoulder plate shaped to cover the right arm, bearing the segmented construction of Imperial legion armor."
Morrowind.esm,key_vivec_redoran_cell,Redoran Compound Cell Key,"A reddish-brown iron key fitted with a broad, flat bow and a simple single-toothed bit."
Morrowind.esm,light_de_lantern_02-128,Glass Lantern,"A green glass lantern with a cylindrical body, a domed top, and a small handle for carrying or hanging."
Morrowind.esm,viperstar,Viperstar,A polished steel throwing star features four tapered blades radiating from a central grip.
Morrowind.esm,Light_Com_Candle_14,Silver Candlestick,"A tall silver candlestick with a wide circular base, slender columnar stem, and a small cup holding a white candle."
Morrowind.esm,Septim Ring,Septim Ring,An exquisite gold ring formed from interlocking bands and engraved with the Imperial dragon symbol.
Morrowind.esm,BookSkill_Armorer4,"36 Lessons of Vivec, Sermon 25",A compact octavo-bound book featuring a worn cover that encloses the text of the twenty-fifth sermon.
Morrowind.esm,glass_pauldron_right,Glass Right Pauldron,"A translucent green glass right pauldron shaped to cap the shoulder, featuring angular fluting and polished smooth edges."
Morrowind.esm,flameeater robe,Flameeater Robe,"A full-length extravagant robe with wide sleeves, tailored from smooth, unadorned, finely woven fabric."
Morrowind.esm,common_shoes_04,Common Shoes,Simple low shoes of drab common cloth with a thin leather sole and plain rounded toe.
Tribunal.esm,addamantium_helm,Adamantium Helm,A rounded adamantium helmet with a smooth polished surface and a narrow faceguard extending across the brow.
Morrowind.esm,extravagant_glove_left_01,Extravagant Left Glove,"An extravagant left glove crafted from fine fabric, featuring a fitted wrist and richly colored stitching along the elongated fingers."
Morrowind.esm,p_drain willpower_q,Spoiled Cure Disease Potion,"A small square glass vial holds a murky, off-white liquid that has separated into cloudy clumps and discolored layers."
Morrowind.esm,last wish,Last Wish,"A short Dwemer blade extends from a squared brass hilt, the golden metal shaped with geometric precision along the crossguard."
Bloodmoon.esm,BM_Nordic02_shoes,Common Shoes,Sturdy Nordic-style shoes crafted from thick brown leather with simple lacing and reinforced seams.
Morrowind.esm,daedric warhammer_ttgd,Veloth's Judgement,A heavy two-headed daedric warhammer forged from dark ebony with sharp angular protrusions and a long reinforced haft.
Morrowind.esm,light_com_torch_02,Torch,A wooden stick wrapped at one end with oil-soaked cloth forms this handheld light source.
Morrowind.esm,key_Ravel_tomb,Key to Ravel tomb,"A plain iron key with a simple rectangular bow and a single-toothed bit, showing dark discoloration along its cast surface."
Bloodmoon.esm,misc_de_bowl_glass_peach_01,Peach Glass Bowl,"A shallow, rounded glass bowl with smooth, translucent walls of pale peach hue."
Morrowind.esm,sanguineshoesstalking,Shoes of Sanguine Stalking,These low-cut extravagant shoes feature soft dark leather uppers and thin soles shaped for silent movement.
Bloodmoon.esm,misc_com_redware_flask,Flask,A rounded redware vessel with a narrow neck and a small flared lip rises from a flat circular base.
Bloodmoon.esm,misc_com_metal_goblet_01,Goblet,A stemmed metal goblet with a flared cup and a circular footed base.
Morrowind.esm,belt of charisma,Belt of Charisma,A common leather belt fastened with a simple metal buckle and fitted with small decorative studs along its length.
Morrowind.esm,p_frost_shield_q,Quality Frost Shield,"A small angular vial of refined glass holds a pale blue liquid that swirls with cold, frosty opacity."
Morrowind.esm,misc_dwrv_artifact50,Dwemer Coherer,A brass Dwemer mechanism featuring a cylindrical housing with projecting rings and a central rod extending from its flat base.
Morrowind.esm,bookskill_medium armor1,Cherim's Heart of Anequina,"A quarto-sized book bound in worn leather covers, its spine stitched with coarse thread and pages yellowed at the edges."
Morrowind.esm,key_shashev,Shashev's Key,"A small, plain metal key with a simple rectangular bow and a single-cut bit, showing minor tarnish."
Morrowind.esm,light_de_buglamp_01,Bug Lamp,"A small glass lamp enclosing a preserved insect specimen, fitted with a brass frame and a central wick."
Morrowind.esm,bk_madnessofpelagius,The Madness of Pelagius,"A thick octavo volume bound in worn leather covers, featuring a faded spine and yellowed pages."
Morrowind.esm,light_com_candle_10_off,Silver Candlestick,A polished silver candlestick holds a pale wax candle atop a slender stem and wide circular base.
Morrowind.esm,light_de_lantern_02_blue,Glass Lantern,"A blue-glass lantern with a cylindrical body, a domed top, and a small handle arching above the fitted metal cap."
Morrowind.esm,ring_keley,Engraved Ring of Healing,A polished gold ring bearing an engraved surface pattern of interlocking lines across its broad rounded band.
Morrowind.esm,p_restore_agility_q,Quality Restore Agility,A small angular glass vial contains a greenish fluid sealed with a tapered stopper.
Morrowind.esm,extravagant_glove_left_maur,Maurrie's Left Glove,An extravagant left glove tailored from fine fabric and fitted with delicate stitching along the cuff.
Morrowind.esm,ember_hand,Ember Hand,"A right-hand glove of common cut, shaped from dark, heat-resistant leather with reinforced stitching along the fingers."
Morrowind.esm,daedric_scourge_unique,Scourge,"A heavy one-handed mace of dark ebony, distinguished by sweeping, jagged flanges and ornate Daedric curves."
Morrowind.esm,sanguineamuletnimblearmor,Amulet of Sanguine Nimble Armor,"An elaborate circular pendant of intricate metal filigree encasing a large polished gemstone, suspended from a fine chain."
Bloodmoon.esm,light_com_lantern_01_128,Travel Lantern,A portable metal lantern with a curved carrying handle and glass panels enclosing a small oil flame.
Morrowind.esm,templar_greaves,Imperial Templar Greaves,Polished steel greaves shaped to protect the upper legs feature raised ridges and a dark bronze trim.
Morrowind.esm,cruel flamestar,Cruel Flamestar,A polished silver throwing star with multiple sharp blades radiating from a central grip.
Morrowind.esm,staff of the forefathers,Staff of the Forefathers,A tall two-handed staff of polished dark ebony wood features a curved head and faintly veined grain.
Morrowind.esm,bk_notefromsondaale,Note from Sondaale,"A curled parchment scroll bears a hastily penned note, its pale surface creased from rough handling and tight rolling."
Morrowind.esm,light_com_torch_01,Torch,A wooden stick wrapped with oil-soaked cloth at the top forms this handheld torch.
Morrowind.esm,BookSkill_Alteration5,The Lunar Lorkhan,A quarto-format book with a moderately thick binding and plain covers showing no visible ornamentation.
Bloodmoon.esm,BM Huntsmanbolt,Huntsman Bolt,A wooden crossbow bolt fitted with a broad iron hunting head and stabilized by straight feather fletching.
Morrowind.esm,sc_healing,Scroll of Healing,A tightly wound parchment scroll features worn edges and a central wooden roller stained dark brown.
Morrowind.esm,p_cure_blight_s,Potion of Cure Blight Disease,"A fresh, sealed glass vial containing a pale liquid formulated to cure blight disease."
Morrowind.esm,ingred_vampire_dust_01,Vampire Dust,"A small pile of fine, pale ash gathered from the remains of a destroyed vampire."
Morrowind.esm,viper arrow,Viper Arrow,"A slender steel arrow shaft fitted with a narrow, pointed head and fletched for straight flight."
Bloodmoon.esm,misc_com_wood_spoon_01,Spoon,"A simple wooden spoon carved from pale timber with a shallow bowl and a plain, tapered handle."
Morrowind.esm,key_madach_room,Madach Room Key,"A standard brass key with a simple rectangular bow and a single-cut bit, fitted for a common interior lock."
Tribunal.esm,misc_dwrv_weather,Powered Dwemer Coherer,A brass cylindrical device featuring exposed gearworks and a central glass tube filled with pale luminous vapor.
Tribunal.esm,bladepiece_01,Odd Dwemer Weapon,"A tarnished bronze blade fragment of Dwemer manufacture, bearing a broken tang and geometric etchings along its central ridge."
Morrowind.esm,light_de_lantern_05,Paper Lantern,A rectangular paper lantern with a thin wooden frame and a small candle resting inside the translucent bottom panel.
Bloodmoon.esm,BM_axe_Heartfang_Unique,Nordic Silver Battleaxe,"A hefty two-handed battleaxe forged from pale silver metal, mounted on a long wooden haft with Nordic styling."
Morrowind.esm,silver_cuirass,Imperial Silver Cuirass,A polished silver cuirass shaped with segmented steel plates over the torso and fitted with dark leather straps.
Morrowind.esm,amulet of levitating,Amulet of Levitating,"A circular amulet of polished gold, featuring an ornate frame surrounding a faceted central gemstone."
Morrowind.esm,iron war axe,Iron War Axe,"A heavy one-handed war axe forged from dark iron, featuring a broad curved blade mounted on a sturdy wooden haft."
Morrowind.esm,bk_vampiresofvvardenfell2,"Vampires of Vvardenfell, v II","A worn octavo volume bound in dark leather, featuring a faded spine and unadorned covers."
Morrowind.esm,pick_grandmaster,Grandmaster's Pick,"A slender, meticulously crafted lockpick of polished steel with an intricate, reinforced tip and a grooved brass handle."
Morrowind.esm,p_restore_agility_b,Bargain Restore Agility,"A small, inexpensive glass flask with a round bottom, narrow neck, and a simple cork stopper."
Morrowind.esm,common_shirt_02_t,Common Shirt,A simple short-sleeved cotton shirt with a laced neckline and contrasting vertical stripes along the torso.
Morrowind.esm,p_fire_shield_c,Cheap Potion of Fire Shield,"A thin, cheap glass vial holds a reddish liquid sealed with a rough cork stopper."
Morrowind.esm,BookSkill_Conjuration4,"2920, FrostFall","A thick octavo volume bound in pale leather, its spine bearing the title and cover marked with faint conjuration sigils."
Morrowind.esm,p_drain_strength_q,Spoiled Cure Disease Potion,"A cloudy, spoiled liquid fills this glass flask, its once-clear contents now discolored and foul."
Bloodmoon.esm,BM wolf shield,Wolf Shield,A round wooden shield painted with a snarling wolf motif and reinforced with a sturdy iron rim.
Morrowind.esm,BookSkill_Acrobatics4,"The Black Arrow, Volume 1","A slim octavo volume bound in dark leather covers, with a faded black arrow emblem stamped onto the front."
Morrowind.esm,sarandas_belt,Racer Suede Belt,"A supple suede belt of expensive make, fitted with a polished buckle and dyed a deep, even shade."
Morrowind.esm,exquisite_shirt_01,Exquisite Shirt,"A finely woven, long-sleeved shirt with a tailored cut and subtle decorative stitching along the collar and cuffs."
Tribunal.esm,ebon_plate_cuirass_unique_x,Ebony Mail,"A dark, glossy ebony cuirass formed from overlapping plates that cover the chest and abdomen."
Tribunal.esm,key_trib_dwe01,Dwemer key,"A heavy brass key cast in geometric shapes, featuring a complex bit and a rectangular bow."
Morrowind.esm,key_saturanslaves_01,Saturan Slave Key,A simple metal key with a round bow and a plain bit at the end of a straight shaft.
Morrowind.esm,ingred_chokeweed_01,Chokeweed,"A slender green herb with narrow leaves tightly clustered along its stiff, upright stems."
Morrowind.esm,fiend katana,Fiend Katana,A curved one-handed long blade with a slender single-edged steel katana profile and a bound hilt.
Morrowind.esm,ingred_coprinus_01,Violet Coprinus,"A small violet mushroom with a slender pale stem and a delicate, umbrella-shaped cap."
Bloodmoon.esm,bk_carniusnote,Note from Carnius,"A rolled parchment scroll bearing a hastily penned note, its pale surface creased from tight folding."
Morrowind.esm,ring_marara_unique,Marara's Ring,An exquisite ring crafted from polished gold and adorned with delicate ornamental filigree along the band.
Morrowind.esm,key_table_Mudan00,Dwemer key to table in Mudan,"A brass key shaped to fit a specific Dwemer table lock, featuring a simple toothed blade and a plain bow."
Bloodmoon.esm,ingred_human_meat_01,Human Flesh,"A thick, raw slab of reddish meat with pale sinew still clinging to the unevenly cut surface."
Bloodmoon.esm,misc_com_wood_knife,Knife,"A simple wooden knife carved from a single pale piece of timber, its rounded handle tapering into a blunt, unsharpened blade."
Morrowind.esm,common_shirt_03_c,Common Shirt,A simple collared shirt of undyed cotton with a row of small wooden buttons down the front.
Tribunal.esm,mace of molag bal_unique_x,Mace of Molag Bal,A black iron mace with a long shaft and a heavy head encircled by menacing curved spikes.
Morrowind.esm,p_fortify_health_c,Cheap Potion of Fortify Health,"A thin, cheap glass vial holds a pale reddish liquid sealed with a rough cork stopper."
Morrowind.esm,ingred_sload_soap_01,Sload Soap,"A pale, waxy slab of soap bearing a faintly slick surface and rounded edges from uneven hand-molding."
Tribunal.esm,ebony_cuirass_soscean,Soscean's Cuirass,A dark ebony cuirass shaped with angular shoulder flanges and a contoured torso plate of polished black metal.
Tribunal.esm,bookskill_speechcraft2,"The Wolf Queen, Book V","A thick octavo volume bound in worn leather covers, with a faded spine and yellowed pages secured by sturdy stitching."
Morrowind.esm,p_chameleon_s,Standard Potion of Shadow,"A small angular glass vial holds a dark, inky liquid sealed with a plain cork stopper."
Morrowind.esm,demon longbow,Demon Longbow,"A tall longbow fashioned from dark steel, its polished limbs tapering toward the curved tips."
Morrowind.esm,p_restore_strength_c,Cheap Restore Strength,"A thin, cheaply made glass flask containing a murky, pale liquid for restoring physical strength."
Morrowind.esm,apparatus_g_alembic_01,Grandmaster's Alembic,A finely crafted glass alembic features a round-bottomed flask and a tapering spout projecting from its domed lid.
Bloodmoon.esm,Misc_Imp_Silverware_Bowl,Silverware Bowl,"A polished silver bowl with a smooth, rounded interior and a wide, slightly flared rim resting on a narrow circular base."
Morrowind.esm,cruel viperbolt ring,Cruel Viperbolt Ring,A slender copper ring shaped into a coiled viper head with tiny fangs bared.
Morrowind.esm,ring of icegrip,Ring of Icegrip,"A thick gold band features a prominent pronged setting that secures a pale blue gemstone with a frosted, icy surface."
Morrowind.esm,chitin helm,Chitin Helm,"A rounded helmet crafted from lacquered insect chitin, featuring a narrow face guard and layered plate segments."
Morrowind.esm,BookSkill_Axe3,The Seed,A slim octavo-bound volume featuring a textured cover that encloses pages of densely printed instructional text.
Bloodmoon.esm,misc_imp_silverware_plate_03,Silverware Plate,A round silver plate with a smooth polished surface and a slightly raised rim.
Bloodmoon.esm,silver staff of paralysis,Silver Staff of Paralysis,"A tall two-handed staff topped by a silver finial, its polished shaft banded with ornate metallic collars."
Morrowind.esm,bk_BriefHistoryofWood,No-h's Picture Book of Wood,"A quarto-bound book with a wooden board cover enclosing pages of dense, inked script detailing timber varieties."
Morrowind.esm,p_restore_willpower_c,Cheap Restore Willpower,A thin cheap potion in a squat rounded flask fitted with a simple stopper.
Bloodmoon.esm,steel_boots_ancient,Ancient Steel Boots,Heavy steel boots of ancient manufacture feature segmented plate construction over articulated joint guards and darkly oxidized surfaces.
Bloodmoon.esm,silver flamesword,Silver Flamesword,A polished silver long blade extends from a crossguard and hilt cast in matching pale metal.
Morrowind.esm,p_swift_swim_c,Cheap Potion of Swift Swim,"A thin, cheap glass vial holds a pale greenish liquid sealed with a rough cork stopper."
Morrowind.esm,sc_toususabidingbeast,Scroll of Tousu's Abiding Beast,"A tightly wound parchment scroll features aged, yellowed edges and a worn wooden roller capped with plain rounded finials."
Morrowind.esm,steel saber,Steel Saber,A curved single-edged steel blade extends from a straight crossguard into a contoured hilt wrapped for a secure grip.
Bloodmoon.esm,silver shardblade,Silver Shardblade,"A short silver blade tapers to a sharp tip, mounted in a slender hilt suited for one-handed thrusting."
Morrowind.esm,misc_com_bucket_boe_UNI,Bucket,"A cylindrical wooden bucket with a flat bottom, a curved bail handle, and horizontal metal band reinforcements."
Morrowind.esm,light_de_lantern_07_warm,Paper Lantern,A rectangular paper lantern with thin wooden ribs emits a warm glow through its translucent walls.
Morrowind.esm,sc_celerity,Scroll of Celerity,"A tightly wound parchment scroll with curled edges and a hollow central tube, secured by a knotted cord."
Morrowind.esm,p_fortify_strength_s,Standard Fortify Strength,A small rounded glass vial holds a reddish liquid sealed with a simple cork stopper.
Morrowind.esm,key_ald_redaynia,Chest Key,"A bronze temple key cast with a rectangular bow, a short straight shank, and a single ward tooth."
Morrowind.esm,bk_hospitality_papers,Hospitality Papers,"A curled parchment scroll bearing formal script, its surface slightly yellowed with age and tied by a simple cord."
Tribunal.esm,Indoril_Almalexia_boots,Her Hand's Boots,Golden-plated Indoril boots feature tall curved greaves and ornate winged ornamentation matching the sacred temple guard.
Morrowind.esm,p_restore_personality_b,Bargain Restore Personality,"A thin, cheaply made glass vial of pale liquid featuring a rough, unadorned cork stopper."
Bloodmoon.esm,silver arrow_thirsk_4,Silver Arrow,A slender shaft fitted with a gleaming silver arrowhead and fletched with pale feathers.
Morrowind.esm,bookskill_security4,Chance's Folly,A thick octavo volume bound in worn leather covers with a faded title stamped along the spine.
Morrowind.esm,iron flameslayer,Iron Flameslayer,A heavy two-handed iron claymore forged with a broad straight blade and a simple crossguard.
Morrowind.esm,ebony broadsword,Ebony Broadsword,"A heavy one-handed long blade forged from dark ebony, featuring a broad double-edged blade and a substantial crossguard."
Morrowind.esm,expensive_robe_02,Expensive Robe,"A long, flowing robe of fine woven fabric featuring wide sleeves and a deep, solid color with subtle trim."
Morrowind.esm,light_de_candle_ivory_01_off,Bamboo Candlestick,A slender candlestick of polished bamboo rises from a wide base to support an unlit ivory-colored candle.
Morrowind.esm,ingred_bc_bungler's_bane,Bungler's Bane,"A lumpy, brownish-orange fungus with a spongy texture and irregular, bulbous protrusions growing in clustered mounds."
Morrowind.esm,firebite war axe,Firebite War Axe,A chitin war axe features a curved insect-shell blade mounted on a segmented organic haft.
Tribunal.esm,Helsethguard_pauldron_right,Royal Guard Right Pauldron,"A segmented steel right pauldron shaped to cover the shoulder, fitted with polished brass trim along its curved plates."
Morrowind.esm,sanguinebeltimpaling,Belt of Sanguine Impaling Thrus,An extravagant belt crafted from supple dark leather and fitted with an ornate silver buckle bearing subtle sanguine engravings.
Morrowind.esm,bookskill_heavy armor4,How Orsinium Passed to the Orcs,"A thick octavo volume bound in worn leather, featuring a plain cover with faded text."
Morrowind.esm,common_shirt_01_e,Common Shirt,"A simple, short-sleeved shirt of plain, unadorned cloth with a modest collar and wooden buttons."
Bloodmoon.esm,BM_bearheart_UNIQUE,Heart of the Spirit Bear,"A dark, fist-sized organ from a spirit bear, its rough surface bearing deep crimson streaks and a faintly luminous pallor."
Morrowind.esm,dwemer_helm,Dwemer Helm,A heavy bronze helmet with a T-shaped face visor and angular cheek guards covering the sides of the head.
Morrowind.esm,chitin pauldron - right,Chitin Right Pauldron,A right shoulder pauldron constructed from layered chitin plates bound with rough leather strapping.
Bloodmoon.esm,silver throwing star,Silver Throwing Star,"A flat, star-shaped throwing weapon cast from polished silver, featuring multiple sharp radiating arms."
Morrowind.esm,ingred_scrib_jerky_01,Scrib Jerky,"Dark reddish-brown strips of dried scrib meat are twisted and bound into a dense, hardened knot."
Morrowind.esm,key_gnisis_eggmine,Gnisis Eggmine Key,"A simple brass key fitted with a flat rectangular bit, intended for the Gnisis Eggmine locks."
Morrowind.esm,key_Mzanchend_chest,Key to Mzanchend chest,A simple iron key with a standard rectangular bow and a single-toothed bit intended for a Mzanchend chest.
Bloodmoon.esm,BM nordic silver battleaxe_ber,Berserker Silver Battleaxe,"A large two-handed battleaxe forged from pale silver metal, featuring a heavy curved blade mounted on a thick wooden haft."
Morrowind.esm,steel shortsword,Steel Shortsword,A forged steel shortsword featuring a tapered double-edged blade and a straight crossguard over a leather-wrapped hilt.
Tribunal.esm,light_com_candle_10_128,Silver Candlestick,"A polished silver candlestick with a wide circular base, a slender columnar stem, and a single socket."
Morrowind.esm,Shoes_of_Conviction,Shoes of Conviction,"Polished leather shoes with fine stitching, elegant shaping, and a smooth, refined finish."
Morrowind.esm,sc_vigor,Scroll of Vigor,"A tightly rolled parchment scroll secured with a simple cord, featuring densely inked script across its aged surface."
Morrowind.esm,index_andra,Andasreth Propylon Index,"A faceted crystalline shard shaped for slotting into a propylon chamber, bearing a faintly translucent blue-green hue."
Morrowind.esm,bk_notefromirgola,Note from Irgola,A folded parchment scroll bearing a hastily penned message written in dark ink across its surface.
Bloodmoon.esm,BM_Seeds_UNIQUE,Strange Seeds,"A cluster of irregular, unidentified seeds displays a rough, mottled surface and an unusual organic shape."
Morrowind.esm,frosteater robe,Frosteater Robe,"An extravagant white robe with voluminous sleeves and a full skirt, tailored from thick quilted fabric."
Bloodmoon.esm,ingred_belladonna_01,Ripened Belladonna Berries,"A small cluster of dark purple-black berries with smooth, glossy skins and tiny green calyxes still attached."
Morrowind.esm,common_pants_01_z,Common Pants,"Simple, unadorned trousers made from coarse, sturdy fabric, featuring a plain cut, straight hems, and a basic waistband."
Tribunal.esm,dagger_fang_unique_x,Fang of Haynekhtnamet,"A pale fang-shaped dagger carved from a single curving tooth, its polished surface tapering to a needle-sharp tip."
Morrowind.esm,Sheogorath's Signet Ring,Sheogorath's Signet Ring,An exquisite gold ring bears an ornate band and a polished setting shaped like the Madgod's insignia.
Morrowind.esm,iron_gauntlet_left,Iron Left Gauntlet,A rust-streaked iron left gauntlet with heavy plate backing and articulated finger segments laced with worn leather.
Morrowind.esm,key_hlormarenslaves_01,Hlormaren Slave Key,"A plain iron key with a simple rectangular bow, short shaft, and single-tooth bit."
Morrowind.esm,p_restore_luck_e,Exclusive Restore Luck,"A small, round, flawlessly clear glass vial sealed with a golden cap and containing a bright green liquid."
Morrowind.esm,sc_alvusiaswarping,Scroll of Alvusia's Warping,"A tightly wound cylindrical parchment scroll with wooden end caps, bearing script across its surface."
Morrowind.esm,key_Andalen_chest,Key to Andalen chest,"A slender brass key cast with a rectangular bow and a simple temple-style bit, lightly tarnished from age."
Morrowind.esm,p_vintagecomberrybrandy1,Vintage Brandy,A rounded amber bottle of aged comberry brandy features a short neck and a dark cork stopper.
Morrowind.esm,sanguinebeltmartialcraft,Belt of Sanguine Martial Craft,An extravagant belt fitted with a dark ornamental buckle and crafted from supple material bearing intricate detailing.
Morrowind.esm,p_quarrablood_UNIQUE,Blood of the Quarra Masters,"A slender, exclusive glass phial containing a viscous crimson liquid sealed with a dark stopper."
Morrowind.esm,ingred_Dae_cursed_emerald_01,Emerald,"A faceted, translucent green gemstone cut into a symmetrical hexagonal form with smooth, polished surfaces."
Bloodmoon.esm,silver staff of war,Silver Staff of War,A tall two-handed staff of polished silver features a slender shaft and a flared head crowning the weapon.
Morrowind.esm,imperial shield,Imperial Shield,A round wooden shield painted red and bordered with a polished bronze rim bearing Imperial insignia.
Bloodmoon.esm,misc_skull_Skaal,Skull of a Skaal Warrior,"A pale, weathered human skull bearing the robust brow and heavy jaw characteristic of a Skaal warrior."
Bloodmoon.esm,silver arrow_thirsk_1,Silver Arrow,A slender fletched arrow fitted with a pointed silver head and secured to a straight wooden shaft.
Morrowind.esm,p_restore_personality_c,Cheap Restore Personality,"A small, simple glass flask with a narrow neck, rounded body, and a cork stopper."
Morrowind.esm,p_restore_strength_s,Standard Restore Strength,A small rounded glass vial holds a pale amber liquid sealed with a plain cork stopper.
Morrowind.esm,ingred_diamond_01,Diamond,"A clear, colorless crystalline gemstone with a brilliant faceted octahedral shape and sharp angular faces."
Morrowind.esm,steel staff of war,Steel Staff of War,"A tall steel staff forged with a rounded head and a simple haft, designed for two-handed wielding."
Morrowind.esm,p_frost_shield_c,Cheap Potion of Frost Shield,"A thin, cloudy blue liquid fills this small, cheaply made glass flask with a rough cork stopper."
Morrowind.esm,common_shoes_05,Common Shoes,Sturdy leather shoes with a low heel and plain stitching along the rounded toe.
Bloodmoon.esm,bm bear left gauntlet,Bear Left Gauntlet,"A left hand gauntlet fashioned from thick, shaggy brown bear hide with reinforced leather panels and heavy stitching."
Morrowind.esm,racerbeak,Racerbeak,"A short chitin blade terminates in a sharp, beak-like shape, fitted to a segmented, organic-looking grip."
Morrowind.esm,bookskill_blunt weapon3,Night Falls On Sentinel,"A quarto volume bound in dark leather covers, featuring a worn spine and aged, yellowed pages."
Bloodmoon.esm,silver flameslayer,Silver Flameslayer,A silver two-handed long blade features a slender crossguard and a long double-edged blade intended for sweeping slashes.
Morrowind.esm,key_Ienith_tomb,Key to Ienith tomb,"A small wrought-iron key with a simple toothed bit, intended for unlocking the Ienith tomb."
Morrowind.esm,sc_tranasasspelltrap,Scroll of Tranasa's Spelltrap,A tightly wound parchment scroll features faded ink inscriptions and worn edges bound by a frayed cord.
Morrowind.esm,key_Thelas_chest,Thelas chest key,"A simple brass key with a rectangular bow, a short straight shank, and two cut wards at the bit."
Morrowind.esm,p_restore_willpower_e,Exclusive Restore Willpower,"A slender, tapered glass flask holds a vivid amber liquid sealed with a waxed cork stopper."
Morrowind.esm,witch charm,Witch Charm,A gold band with decorative scrollwork supports a polished gemstone in an ornate prong setting.
Tribunal.esm,bk_playscript,The Horror of Castle Xyr,"A thin octavo-sized book bound in dark covers, its pages filled with the neatly arranged dialogue of a theatrical playscript."
Bloodmoon.esm,misc_de_pot_glass_peach_02,Peach Glass Pot,"A smooth, rounded glass vessel with a wide belly, narrow rim, and a warm peach translucency."
Morrowind.esm,sc_flameguard,Scroll of Flameguard,"A rolled parchment scroll secured with a worn tie, featuring faded ink inscriptions across its yellowed surface."
Morrowind.esm,orcish_bracer_left,Orcish Left Bracer,A curved left forearm bracer of dark iron with raised ridges and heavy angular plates.
Morrowind.esm,common_belt_03,Common Belt,A plain leather belt fastened with a simple rectangular metal buckle and fitted with evenly spaced round eyelets along its strap.
Morrowind.esm,Fury,Fury,A silver two-handed claymore features a long straight blade and an ornate crossguard fitted to an elongated grip.
Morrowind.esm,veloths_tower_shield,Veloth's Tower Shield,"A tall, rectangular tower shield constructed from dark netch leather stretched over a sturdy frame."
Morrowind.esm,ebony_bracer_right_tgeb,Ebony Right Bracer,"A dense, dark ebony right bracer shaped to guard the forearm with polished black metal and angular fluting."
Tribunal.esm,ring_phynaster_unique_x,Ring of Phynaster,A slender golden ring bearing an engraved shield motif sacred to the deity of natural forces.
Morrowind.esm,daedric_gauntlet_right,Daedric Right Gauntlet,"A heavy right gauntlet forged from blackened ebony, featuring jagged shoulder plates and sharp daedric curves."
Morrowind.esm,key_divayth01,Divayth's 678th Key,"A small brass key with a simple bit and a plain bow, showing no ornamentation or visible wear."
Bloodmoon.esm,sc_lycanthropycure,Scroll of the Wolf Ender,"A tightly wound parchment scroll features aged, yellowed surface and worn edges bound by a frayed cord."
Tribunal.esm,bk_Adren,WARNING!!!,"A small, rolled parchment scroll bearing the urgent warning handwritten in dark ink across its creased surface."
Morrowind.esm,mamaea cell key,Crude Bronze Key,"A rough-cast bronze key with a simple bit and a plain, unadorned bow showing the metal's crude workmanship."
Morrowind.esm,bk_poisonsong5,Poison Song V,A bound quarto volume featuring a worn leather cover and coarse parchment pages suited for portable reading.
Morrowind.esm,sanguineringsilverw,Ring of Sanguine Silver Wisdom,An extravagant silver ring crafted with elaborate curves and polished to a bright reflective sheen.
Bloodmoon.esm,BM wolf greaves,Wolf Greaves,Rough leather greaves reinforced with thick gray wolf pelts protect the warrior's lower legs.
Morrowind.esm,wild sparkblade,Wild Sparkblade,A short glass dagger features a slender blade with a greenish translucent hue and a matching crystalline hilt.
Morrowind.esm,corkbulb arrow,Corkbulb Arrow,A slender wooden arrow tipped with a sharpened corkbulb root in place of a conventional metal arrowhead.
Morrowind.esm,key_divayth_fyr,Divayth Fyr's Key,A standard brass key with a plain bow and a simply toothed blade.
Morrowind.esm,bk_formygodsandemperor,For my Gods and Emperor,"A quarto-sized book bound in a dark leather cover, featuring a worn spine and plain unadorned boards."
Morrowind.esm,bookskill_short blade1,Unnamed Book,"A tall, thin folio bound in worn covers, its pages gathered along a stitched spine."
Morrowind.esm,repair_secretmaster_01,Sirollus Saccus' Hammer,"A compact steel hammer with a flat peen and a short leather-wrapped handle, polished to a mirror finish."
Morrowind.esm,misc_dwrv_artifact00,Dwemer Cylinder,"A stout brass-colored metal cylinder of Dwemer make, its seamless surface engraved with geometric bands and faint mechanical seams."
Morrowind.esm,sarandas_shirt_2,Brocade Shirt,A finely woven brocade shirt features elaborate patterned fabric with a tailored cut and ornate stitching along the collared neckline.
Tribunal.esm,misc_dwrv_mug00_uni,Dwemer Mug,"A small cylindrical brass cup with a single curved handle, bearing the angular geometric engravings typical of Dwemer metalwork."
Morrowind.esm,sanguineamuletenterprise,Amulet of Sanguine Enterprise,An ornate circular amulet of polished gold featuring a prominent central gemstone set within delicate metallic filigree.
Morrowind.esm,sc_paper_plain_01_canodia,paper,"A plain, unmarked sheet of pale paper rolled loosely for handling as a simple scroll."
Tribunal.esm,glass dagger_symmachus_unique,Dagger of Symmachus,A translucent green glass dagger with a slender leaf-shaped blade and a hilt wrapped in dark leather.
Tribunal.esm,Ingred_scrib_cabbage_01,Scrib Cabbage,"A small, dense head of thick, tightly overlapping leaves forming a compact, rounded mass of vegetable matter."
Morrowind.esm,ingred_fire_salts_01,Fire Salts,"Crystalline reddish-orange granules gleam with an inner warmth, resembling coarse salt flecked with dark cinders."
Morrowind.esm,expensive_shoes_03,Expensive Shoes,Well-crafted leather shoes with a high vamp and a polished buckle fastening the wide strap across the instep.
Morrowind.esm,key_ahnassi,Ahnassi's key,"A small, plain brass key with a simple rectangular bow, a short shaft, and a single-toothed bit."
Morrowind.esm,redoran_master_helm,Redoran Master Helm,A heavy bonemold helmet shaped with angular winged cheek guards and a prominent face guard.
Tribunal.esm,tenpaceboots_x,Ten Pace Boots,Heavy leather boots with reinforced metal plates and thick soles built for long-distance travel.
Morrowind.esm,Gold_010,Gold,"A small, round golden coin bearing faded relief markings along its smooth, worn edge."
Morrowind.esm,cruel shardarrow,Cruel Shardarrow,"A slender silver arrowhead with a barbed, cruelly tapered silhouette is fitted to a polished wooden shaft."
Bloodmoon.esm,BM riekling sword,Riekling Blade,"A crude one-handed long blade chipped from pale blue ice, its rough hilt wrapped in leather strips for grip."
Morrowind.esm,grey shaft of unraveling,Grey Shaft of Unraveling,A grey steel arrow shaft fitted with a narrow piercing head and fletched for straight flight.
Bloodmoon.esm,misc_hook,Hook,A curved iron hook with a sharply pointed tip and a straight shank ending in a small mounting ring.
Bloodmoon.esm,BM ice dagger,Stalhrim Dagger,"A pale blue crystalline dagger carved from stalhrim, featuring a tapered double-edged blade and a flared hilt."
Bloodmoon.esm,misc_com_wood_fork,Fork,"A carved wooden fork with straight tines and a plain handle, fashioned for eating."
Morrowind.esm,shield of wounds,Shield of Wounds,"A rectangular Dwemer shield of riveted bronze plates mounted on a curved metal frame, bearing deep gouges across its face."
Bloodmoon.esm,BM_wolf_left_gauntlet_snow,Snow Wolf Left Gauntlet,"A pale-furred left gauntlet fashioned from snow wolf hide, featuring reinforced leather panels and curved claw-like fingertips."
Bloodmoon.esm,BM ice war axe,Stalhrim War Axe,A pale crystalline one-handed axe with a broad curved blade carved from translucent blue-white frost.
Morrowind.esm,shield_bolt,FOR SPELL CASTING,A slender wooden shaft fitted with a distinctively shaped broad head designed to resemble a stylized targeting symbol.
Morrowind.esm,bk_stronghold_c_hlaalu,Construction Contract,A rolled parchment scroll bound with a faded cord features densely written contract text across its yellowed surface.
Morrowind.esm,steel firesword,Steel Firesword,"A leaf-bladed steel long sword features a broad, tapering blade with a central ridge and a simple crossguard."
Morrowind.esm,light_de_candle_green_01_64,Bamboo Candlestick,A segmented green bamboo stalk rises from a flat circular base to support a small candle receptacle.
Morrowind.esm,bk_notefromernil,Note From Ernil,"A single sheet of creased, pale parchment folded into a compact rectangular note bearing handwritten text."
Morrowind.esm,bk_contract_ralen,Weapons and Armor Contract,A creased parchment sheet bearing dense text in dark ink across its surface.
Morrowind.esm,slave_bracer_right,Slave's Right Bracer,"A plain right wrist bracer of rough, unadorned metal fashioned for binding a slave's arm."
Bloodmoon.esm,sc_unclesweetshare,The Song of Uncle Sweetshare,"A rolled parchment scroll features aged, yellowed sheets bound by a simple wooden dowel at each end."
Morrowind.esm,ingred_raw_ebony_01,Raw Ebony,"A dense, dark shard of raw ebony exhibiting a glassy black surface with irregular, jagged edges."
Morrowind.esm,misc_dwrv_goblet10_tgcp,Large Dewmer Goblet,"A tall, angular metallic goblet with a wide rim, slender stem, and circular base crafted by the Dwemer."
Morrowind.esm,key_Senim_chest,Key to Senim chest,"A standard brass key with a simple bow, short blade, and squared teeth cut into its working edge."
Morrowind.esm,key_Andavel_tomb,Key to Andavel tomb,"A simple iron key cut with standard wards, sized to fit the lock of Andavel tomb."
Morrowind.esm,misc_lw_platter,Limeware Platter,"A broad, shallow serving platter cast from glossy limeware, its smooth surface displaying a faint pearlescent sheen."
Bloodmoon.esm,misc_com_bottle_01,Bottle,"A round-bodied glass vessel with a narrow neck and small lip, its surface smooth and unadorned."
Morrowind.esm,arrow of wasting shard,Arrow of Wasting Shard,"A steel arrow fitted with a narrow, shard-like head and fletched feathers for stable flight."
Morrowind.esm,bk_red_mountain_map,Map of Red Mountain,A weathered parchment scroll depicting the volcanic terrain and surrounding landscape of Red Mountain.
Morrowind.esm,bk_drenblackmail,Dren's Note,"A rolled parchment scroll secured with a simple tie, featuring handwritten text across its aged surface."
Morrowind.esm,key_balmorag_tong_01,Basement Key,A standard brass key featuring a flat oval bow and a simple toothed blade intended for common locks.
Morrowind.esm,bk_NGastaKvataKvakis_c,N'Gasta! Kvata! Kvakis!,"A thick octavo book bound in worn covers, its pages filled with densely printed lines of strange, unfamiliar script."
Morrowind.esm,ingred_ash_salts_01,Ash Salts,"Crystalline mineral salts gathered from corprus creatures, forming pale, gritty, ash-colored granules with a faintly acrid scent."
Morrowind.esm,shockbite warhammer,Shockbite Warhammer,A massive two-handed warhammer with a thick rectangular metal head and rear spike mounted on a long wooden shaft.
Morrowind.esm,key_jeanne,Jeanne's Key,"A small brass key with a simple rectangular bow and a single-toothed bit, showing moderate tarnish along its edges."
Morrowind.esm,belt of vigor,Belt of Vigor,A common leather belt fastened with a simple metal buckle and displaying no visible ornamentation.
Morrowind.esm,sc_fphyggisgemfeeder,Scroll of Fphyggi's Gem-Feeder,A tightly rolled parchment scroll bound with a worn cord features faded ink script across its yellowed surface.
Morrowind.esm,bonemold_armun-an_pauldron_l,Armun-An Bonemold L Pauldron,A left shoulder pauldron of bonemold shaped into layered chitin plates and stained in the Armun-An style.
Morrowind.esm,key_adibael,Small Key,"A small, plain metal key with a simple rectangular bow, a short shaft, and a basic cut bit."
Morrowind.esm,right leather bracer,Right Leather Bracer,"A right arm bracer formed from stitched tanned leather, shaped to guard the forearm with riveted edges."
Morrowind.esm,key_assarnudslaves_01,Assarnud Slave Key,"A worn brass key with a simple rectangular bow, a short flat shaft, and a single-cut bit."
Morrowind.esm,shard arrow,Shard Arrow,A fragmented steel arrowhead is fitted to a wooden shaft with feather fletching.
Morrowind.esm,p_detect_enchantment_s,Potion of Detect Enchantments,"A fresh potion contained in a small, rounded glass flask with a slender neck and a cork stopper."
Morrowind.esm,ring_denstagmer_unique,Denstagmer's Ring,"A thick metallic band features a prominent central setting flanked by angular, stylized projections."
Morrowind.esm,chitin dagger,Chitin Dagger,A short-bladed dagger carved from laminated chitin segments fitted to a segmented organic hilt.
Bloodmoon.esm,BM_arrow_riekling_uni,Chitin Arrow,A slender chitin-shafted arrow fitted with a pointed chitin head and fletched with short feather vanes.
Morrowind.esm,sc_blackmind,Scroll of Black Mind,"A tightly wound parchment scroll secured with a worn leather tie, featuring faded script on yellowed vellum."
Morrowind.esm,sunder,Sunder,"A heavy one-handed blunt weapon forged from dark metal, featuring a thick angular head and a short wrapped grip."
Morrowind.esm,ring of wizard's fire,Ring of Wizard's Fire,"A thick gold band supports a large, faceted red gemstone secured by prominent metal prongs."
Morrowind.esm,key_tureynul,Dagoth Tureynul's key,A plain brass key fitted with a simple toothed blade and a flat rectangular bow.
Bloodmoon.esm,silver staff of shaming,Silver Staff of Shaming,A tall silver staff features a polished metallic shaft topped with an ornate finial shaped for delivering shaming strikes.
Morrowind.esm,p_fortify_strength_e,Exclusive Fortify Strength,"A tall, slender glass flask with a bulbous base, sealed with a gold-rimmed stopper and filled with a crimson liquid."
Morrowind.esm,probe_journeyman_01,Journeyman's Probe,A folding metal probe with three extendable tines and a worn wooden grip for delicate mechanism work.
Morrowind.esm,key_relien_rirne,Small Key,"A small iron key with a simple rectangular bow, a short shaft, and two projecting teeth at the bit."
Morrowind.esm,key_suranslaves_01,Suran Slave Key,"A simple iron key with a rectangular bow, short shaft, and single-toothed bit for unlocking local restraints."
Morrowind.esm,common_pants_02,Common Pants,"Simple, unadorned trousers of common weave tailored for practical wear, featuring a plain waistband and straight-cut legs."
Morrowind.esm,p_silence_e,Exclusive Potion of Silence,"A slender, ornate glass flask with a narrow neck, fitted with a stopper and containing a dark, opaque liquid."
Morrowind.esm,trollbone_shield,Nordic Trollbone Shield,"A tall tower shield fashioned from rough, pale troll bones lashed together with heavy hide straps."
Morrowind.esm,magickguard robe,Magickguard Robe,"A common long-sleeved robe of plain woven fabric, featuring a tightly laced collar and a full skirt."
Morrowind.esm,mother's ring,Mother's Ring,A simple common ring of plain metal with a modest rounded band and unadorned circular face.
Morrowind.esm,flying viper,Flying Viper,"An iron throwing knife shaped like a striking viper, its broad blade forming the head and tapered tail serving as grip."
Morrowind.esm,key_Sarys_chest,Sarys chest key,"A slender iron key featuring a rectangular bow and a flat, notched blade extending from one end."
Morrowind.esm,sc_daydenespanacea,Scroll of Daydene's Panacea,A rolled parchment scroll bound by a short cord reveals yellowed edges and faded ink script.
Morrowind.esm,misc_dwrv_ark_key00,Key to Lower Arkngthand,"A sturdy brass key cut with complex ward notches, its bow shaped into a geometric Dwemer motif."
Tribunal.esm,centurion_projectile_dart_shock,Dwarven Shock Dart,A spherical dwarven dart of golden metal bears a narrow central band and four protruding shock-discharging fins.
Tribunal.esm,bonemold_boots,Bonemold Boots,"Heavy boots shaped from lacquered bone and resin plates, featuring a reinforced shin guard and dark brown leather strapping."
Morrowind.esm,key_armigers_stronghold,Armigers Stronghold dungeon key,"A plain wrought-iron key with a simple bit and rounded bow, showing dark discoloration from age."
Tribunal.esm,key_Bols,Standard Key,"A plain iron key with a simple rectangular bow, a short straight shaft, and a single rectangular ward bit."
Morrowind.esm,p_night-eye_q,Quality Potion of Night-Eye,"A rounded glass vial sealed with a cork stopper contains a clear, lightly tinted liquid."
Morrowind.esm,key_divayth07,Divayth's 1155th Key,"A small, plain iron key with a simple, notched blade and a rectangular bow."
Morrowind.esm,BookSkill_Short Blade5,"36 Lessons of Vivec, Sermon 30","A thick octavo volume bound in worn brown leather, its spine bearing faded gilt marks and its pages densely inked."
Morrowind.esm,p_fortify_fatigue_q,Quality Fortify Fatigue,"A tall, rounded glass vial with a narrow neck holds a vibrant, energizing liquid sealed by a green stopper."
Morrowind.esm,frostguard robe,Frostguard Robe,"A thick, pale blue robe woven with white frost patterns along the hem and wide hanging sleeves."
Morrowind.esm,common_robe_02_h,Common Robe,"A loose, ankle-length woven robe with wide sleeves and a simple hood, dyed a muted brown hue."
Morrowind.esm,expensive_amulet_01,Expensive Amulet,"A polished metallic disc hangs from a slender chain, displaying a smooth surface and fine craftsmanship."
Tribunal.esm,DarkBrotherhood Boots,Dark Brotherhood Boots,"Sleek black leather boots crafted for silent movement, fitted closely with reinforced soles and dark stitching."
Morrowind.esm,expensive_shirt_01,Expensive Shirt,"A well-tailored cloth shirt featuring a fitted collar, long sleeves, and neat stitching throughout the garment."
Morrowind.esm,bonemold_bracer_left,Bonemold Left Bracer,"A left bracer of bonemold resin shaped over dark fabric, featuring a segmented, angular profile with a rough, bone-like texture."
Tribunal.esm,Indoril_Almalexia_Pauldron_L,Her Hand's Left Pauldron,A golden left pauldron shaped with elaborate curves and decorated with ornate Indoril scrollwork.
Morrowind.esm,key_Tharys_chest,Tharys chest key,"A brass temple key with a curved bow, ornate pronged bit, and a handle shaped like a stylized shrine spire."
Morrowind.esm,key_ienasa,Ienasa Radas's Key,"A simple iron key with a plain bow and a standard cut bit, showing minor dark tarnish along its shaft."
Tribunal.esm,Helsethguard_cuirass,Royal Guard Cuirass,A dark metal cuirass accented with polished gold trim and an ornate royal insignia across the chest.
Tribunal.esm,Helseth's Collar,Helseth's Collar,An extravagant golden collar amulet fashioned with ornate scrollwork and a polished central gemstone.
Morrowind.esm,key_zebabislaves_01,Zebabi Slave Key,"A simple wrought-iron key with a flat, notched blade and a plain looped bow handle."
Tribunal.esm,amulet_salandas,Suldreni's Amulet,"An extravagant gold amulet centered with a polished gemstone, suspended from a delicate ornamental chain."
Morrowind.esm,Expensive_Ring_01_HRDT,Nervion Ancestor Ring,A smooth gold band ring set with a polished red stone in a simple claw mount.
Morrowind.esm,iron_shield,Iron Shield,A round iron shield fitted with a central boss and a sturdy metal grip across its back.
Bloodmoon.esm,sc_bodily_restoration,Scroll of Bodily Restoration,A tightly wound parchment scroll features worn edges and a cylindrical wooden dowel capped by carved knobs.
Tribunal.esm,p_Imperfect_Elixir,Elixir of the Imperfect,A faceted crystalline flask containing a viscous fluid synthesized from metallic fabricant components.
Morrowind.esm,bk_falanaamonote,Note to Falanaamo,"A creased parchment scroll bearing handwritten text, its edges slightly curled and surface yellowed with age."
Morrowind.esm,key_menta_na,Menta Na's Key,"A standard handheld key of plain worked iron, featuring a simple toothed blade and a flat rectangular bow."
Morrowind.esm,templar skirt obj,Imperial Templar Skirt,"A heavy red skirt with gold trim and a wide matching belt, constructed from thick fabric for Imperial Templar wear."
Morrowind.esm,ingred_shalk_resin_01,Shalk Resin,"A rough, amber-colored lump of hardened resin exuded from a shalk beetle, slightly translucent."
Morrowind.esm,sc_golnaraseyemaze,Scroll of Golnara's Eye-Maze,"A tightly wound parchment scroll bearing densely inked, maze-like patterns across its yellowed surface."
Tribunal.esm,Bipolar Blade,BiPolar Blade,A long two-handed blade features a split hilt that divides into two separate parallel steel edges spanning its entire length.
Tribunal.esm,bk_custom_armor,Custom Armor Price List,"A rolled parchment scroll listing custom armor prices, featuring aged, yellowed sheet material and slightly worn edges."
Tribunal.esm,Indoril_Almalexia_Cuirass,Her Hand's Cuirass,A golden cuirass of layered lamellar plates with tall shoulder guards and a prominent central ridge.
Morrowind.esm,misc_dwrv_artifact10,Dwemer Scarab Plans,A rolled parchment of yellowed paper bearing Dwemer mechanical schematics for a scarab automaton.
Tribunal.esm,bk_graspingfortune,Grasping Fortune,A thick octavo book bound in dark leather with a gilt spine and worn corners.
Morrowind.esm,key_Nchuleftingth_chest,Key to Nchuleftingth chest,"A brass key cast with a rectangular bow, a short solid shaft, and a simple bit cut with two squared teeth."
Morrowind.esm,wild flamesword,Wild Flamesword,A short Dwemer blade with a brass-colored metal hilt and a curved guard extends beneath a single-edged blade.
Morrowind.esm,chitin_mask_helm,Chitin Mask Helm,A chitin helmet with a protective face mask crafted from lacquered insect shell segments bound by dark leather straps.
Bloodmoon.esm,BM_NordicMail_PauldronR,Nordic Mail Right Pauldron,"A right shoulder pauldron constructed from interlocking steel rings over a leather backing, featuring a flanged shoulder guard."
Morrowind.esm,bk_fellowshiptemple,Fellowship of the Temple,"A compact octavo-format volume with a simple binding and plain covers, its small size fitting comfortably in hand."
Morrowind.esm,probe_master,Master's Probe,"A slender, straight probe of polished steel with a fine hooked tip and a ribbed brass grip."
Morrowind.esm,staff_hasedoki_unique,Staff of Hasedoki,A tall two-handed wooden staff topped with a carved finial and wrapped with leather grip bands along its shaft.
Bloodmoon.esm,misc_de_bowl_redware_01,Redware Bowl,"A rounded ceramic bowl crafted from reddish-brown clay, featuring a smooth interior and a simple, unadorned rim."
Morrowind.esm,ring_warlock_unique,Warlock's Ring,A thick gold band encircled by raised sigils and centered with a polished crimson stone set in clawed prongs.
Morrowind.esm,bk_a1_2_introtocadiusus,Letter to Senilias Cadiusus,A rolled parchment scroll bearing a handwritten message addressed to Senilias Cadiusus on its aged surface.
Morrowind.esm,Light_De_Lantern_01_177,Paper Lantern,A collapsible paper lantern with thin wooden ribs and a small candle suspended inside.
Morrowind.esm,key_Nchardahrk,Key to Nchardahrk,A simple brass key with a flat notched blade extending from a plain rectangular bow.
Morrowind.esm,bonemold_pauldron_l,Bonemold L Pauldron,"A left shoulder pauldron constructed from bonemold, featuring a molded, angular form designed to protect the joint."
Bloodmoon.esm,Potion_Local_Brew_01,Mazte,"A rough clay jug sealed with a wooden stopper, containing a thick, murky brown liquid."
Morrowind.esm,second barrier ring,Second Barrier Ring,A thick gold band features a raised rectangular bezel flanked by small ornamental ridges along the polished surface.
Tribunal.esm,steel_gauntlet_right,Steel Right Gauntlet,A right-hand gauntlet of silvery-grey steel plates articulated at the knuckles and wrist for flexibility.
Morrowind.esm,lightofday_unique,Light of Day,"A heavy iron mace with a flanged head and a sturdy haft, its dark metal surfaces polished to a reflective sheen."
Morrowind.esm,sc_greyweakness,Scroll of Grey Weakness,"A tightly wound parchment scroll bearing faded grey ink inscriptions across its yellowed, curling edges."
Morrowind.esm,st. sotha's judgement,St. Sotha's Judgement,"A polished golden amulet bearing an engraved religious emblem, suspended from a fine chain."
Morrowind.esm,cruel vipersword,Cruel Vipersword,A slender short blade features a narrow tapering profile and a hilt shaped to evoke a venomous serpent.
Morrowind.esm,warhammer_crusher_unique,Skull Crusher,"A compact one-handed warhammer forged from dark steel, featuring a heavy rectangular head and a reinforced grip."
Morrowind.esm,p_disease_resistance_s,Standard Disease Resistance,A slender glass vial filled with pale liquid and sealed with a simple cork stopper.
Morrowind.esm,bk_sharnslegionsofthedead,Sharn's Legions of the Dead,"A moderately sized octavo-format volume with a rectangular shape, standard binding, and plain unadorned covers."
Tribunal.esm,bk_Anticipations,The Anticipations,"A compact octavo book bound in worn leather covers, its spine stitched with pale thread and pages edged in faded gilt."
Morrowind.esm,key_arobarmanorguard_01,Arobar Manor Guard's Key,"A standard brass key fitted with a simple rectangular bow, a short shaft, and a single-cut bit."
Morrowind.esm,amulet of ashamanu (unique),Amulet of Ashamanu,"An expensive gold amulet centered with a polished green stone, suspended from a slender chain of interlocking links."
Morrowind.esm,common_robe_02_rr,Common Robe,"A simple, loose-fitting robe of rough brown cloth with wide sleeves and a draping hood."
Morrowind.esm,misc_wraithguard_no_equip,Unique Dwemer Artifact,A bulky Dwemer gauntlet of curved golden metal plates fitted with intricate gears and small circular vents.
Morrowind.esm,common_robe_03_b,Common Robe,"A simple, loosely woven robe with wide sleeves and a draping hood, dyed a muted brownish hue."
Tribunal.esm,Mace of Slurring,Mace of Slurring,"A heavy one-handed blunt weapon featuring a flanged metal head mounted on a sturdy haft, its surfaces etched with faint, sinuous patterns."
Bloodmoon.esm,light_com_candle_05_64,Pewter Candlestick,"A plain pewter candlestick formed with a wide circular base, a slender central stem, and a small rimmed candle cup."
Morrowind.esm,common_robe_02_t,Common Robe,"A simple, long-sleeved robe of coarse, unadorned fabric with a plain tied waist sash."
Morrowind.esm,apparatus_g_mortar_01,Grandmaster's Mortar and Pestle,"A heavy, deep bowl and blunt pestle crafted with superior precision for demanding alchemical preparations."
Bloodmoon.esm,misc_com_bottle_15,Bottle,"A rounded glass bottle with a narrow neck and a small flared lip, fitted with a simple cork stopper."
Morrowind.esm,misc_com_plate_06_tgrc,Commemorative Plate,"A smooth ceramic plate bearing a commemorative inscription, its circular rim slightly raised around a flat central face."
Morrowind.esm,Akatosh Ring,Akatosh's Ring,An exquisite circular band of polished golden metal features ornate engravings along its broad outer face.
Morrowind.esm,dwarven mace,Dwarven Mace,"A heavy one-handed mace forged from brass-colored Dwemer metal, featuring a thick flanged head mounted on a short sturdy haft."
Morrowind.esm,first barrier ring,First Barrier Ring,A plain circular band of inexpensive metal forms this simple and unadorned finger ring.
Morrowind.esm,bk_kagrenac'sjournal_excl,Kagrenac's Journal,"A thick octavo volume bound in dark leather, featuring a worn spine and faded gilt lettering across the cover."
Morrowind.esm,p_restore_intelligence_b,Bargain Restore Intelligence,"A small, cheaply made rectangular flask holds a pale liquid sealed with a rough cork stopper."
Morrowind.esm,dwarven axe_soultrap,Dwemer Pneuma-Trap,"A heavy two-handed axe features a bronze Dwemer frame, geometric blade edges, and a thick mechanical haft."
Morrowind.esm,Left_Hand_of_Zenithar,Left Hand of Zenithar,"A fitted left glove of expensive material, tailored with precise stitching and a smooth, unadorned finish."
Tribunal.esm,Helsethguard_pauldron_left,Royal Guard Left Pauldron,"A segmented left pauldron of polished dark metal, fitted with leather straps and bearing the Royal Guard crest."
Morrowind.esm,p_jump_b,Bargain Potion of Jump,"A thin, cheaply made glass vial of pale liquid is sealed with a rough cork and lacks any ornamental detail."
Morrowind.esm,apparatus_m_mortar_01,Master's Mortar and Pestle,A heavy ceramic mortar bowl accompanied by a stout pestle worn smooth from extensive alchemical grinding.
Tribunal.esm,Ingred_lloramor_spines_01,Lloramor Spines,"A cluster of pale, sharp spines radiating from a dark, dried base segment."
Morrowind.esm,p_restore_health_e,Exclusive Restore Health,"A slender, expensive-looking glass vial holds a bright red restorative liquid sealed with a polished stopper."
Tribunal.esm,claymore_chrysamere_unique_x,Chrysamere,A tall two-handed claymore forged from pale steel with a golden crossguard and a large multifaceted gem set into the pommel.
Morrowind.esm,p_frost_resistance_b,Bargain Frost Resistance,"A small, cheaply constructed glass vial with a cork stopper and thin, slightly irregular walls."
Morrowind.esm,sanguineshoesleaping,Shoes of Sanguine Leaping,These extravagant shoes feature a low-cut vamp and slender construction tailored for agile movement.
Morrowind.esm,cruel viper bolt,Cruel Viper Bolt,"A slender silver bolt fitted with a narrow, viper-fanged head and dark fletching for stable flight."
Morrowind.esm,Exquisite_Amulet_Arobar1,Arobar's Amulet,"An exquisite golden amulet suspended from a fine chain, featuring an ornate central setting and delicate filigree."
Morrowind.esm,daedric_terrifying_helm,Daedric Face of Terror,A heavy ebony helmet featuring a snarling demonic visage with swept-back horns and darkly gleaming angular cheek guards.
Morrowind.esm,icecap_unique,The Icecap,"A pale, frost-rimed Nordic fur helmet with a stiff leather crown and a thick, cold-touched fur lining."
Morrowind.esm,belt of nimbleness,Belt of Nimbleness,A common leather belt fitted with a simple metal buckle and reinforced stitching along its length.
Morrowind.esm,p_fortify_agility_e,Exclusive Fortify Agility,"A tall, slender glass vial with a tapered neck contains a vibrant green liquid sealed by a wax stopper."
Morrowind.esm,p_fortify_speed_s,Standard Fortify Speed,A small rounded glass vial holds a pale amber liquid sealed with a simple cork stopper.
Morrowind.esm,cruel shardstar,Cruel Shardstar,A silver throwing star features multiple sharp radiating blades extending from a small central disk.
Morrowind.esm,bookskill_unarmored1,The Wraith's Wedding Dowry,"A quarto-sized book with an open cover revealing aged pages bound within a worn, plain binding."
Morrowind.esm,key_redoran_treasury,Dralor Treasury Key,"A simple wrought-iron key fitted to the Redoran treasury vault, featuring a plain bow and a double-bitted blade."
Bloodmoon.esm,BM_Nordic01_shirt,Common Shirt,A long-sleeved common shirt of thickly woven brown wool with a laced neckline and simple stitching.
Morrowind.esm,bk_Boethiah's Glory_unique,Boethiah's Glory,A thick octavo-bound book featuring a deep red leather cover with faded gold lettering and worn edges.
Bloodmoon.esm,misc_imp_silverware_plate_02,Silverware Plate,"A shallow circular plate fashioned from polished silver, its smooth rim unadorned and reflecting a pale metallic gleam."
Morrowind.esm,bk_a1_2_antabolistocosades,Hasphat's notes for Cosades,"A rolled parchment scroll of pale, slightly yellowed animal skin bears densely penned notes across its surface."
Morrowind.esm,p_shock_resistance_b,Bargain Shock Resistance,"A small, cheaply made glass flask of pale liquid, sealed with a simple cork stopper."
Morrowind.esm,p_restore_fatigue_c,Cheap Restore Fatigue,"A thin, cheaply made glass vial holds a pale, watery liquid sealed with a rough cork stopper."
Bloodmoon.esm,misc_de_pot_mottled_01,Clay Pot,A rounded earthen vessel with a mottled surface and a short flared rim rising from a flat base.
Morrowind.esm,sc_reynosbeastfinder,Scroll of Reynos' Beast Finder,A tightly wound parchment scroll bearing faded ink script along its yellowed surface.
Morrowind.esm,sc_gonarsgoad,Scroll of Gonar's Goad,"A tightly rolled parchment scroll bearing faded ink script along its worn, yellowed edges."
Morrowind.esm,azura's servant,Azura's Servant,A tall Daedric shield shaped from blackened metal with sharp angular edges and a polished crimson face.
Bloodmoon.esm,misc_com_bottle_02,Bottle,"A rounded glass bottle with a narrow neck and a small flared lip, containing a dark reddish liquid."
Morrowind.esm,ingred_scathecraw_01,Scathecraw,"A cluster of dark reddish leaves gathered around a tough central stem, with curling pointed tips."
Morrowind.esm,light_de_candle_red_01,Bamboo Candlestick,A segmented bamboo stem supports a lit red candle atop a simple woven collar.
Morrowind.esm,p_light_c,Cheap Potion of Light,"A thin, cheaply made glass vial of pale golden liquid is sealed with a rough cork stopper."
Morrowind.esm,firebite star,Firebite Star,A chitin throwing star with several sharp blades radiating outward from a central grip.
Morrowind.esm,bookskill_sneak4,Trap,"A worn octavo bound in dark leather, featuring faded gilt lettering on the spine and yellowed pages."
Morrowind.esm,bk_PilgrimsPath,The Pilgrim's Path,A large bound folio with a sturdy cover and numerous pages secured along the spine.
Morrowind.esm,templar boots,Imperial Templar Boots,"Heavy steel boots shaped for imperial legionnaires, featuring articulated plate segments and polished silver-chased edging."
Morrowind.esm,mage_ring,Mage Ring,"A common circular band ring crafted from plain, unadorned metal with a smooth, polished surface."
Morrowind.esm,key_gro-bagrat,Basement Key,"A plain metal key with a round bow, a short shaft, and a single rectangular tooth."
Morrowind.esm,necromancers_amulet_uniq,Necromancer's Amulet,An exquisite circular amulet features ornate golden filigree surrounding a central gemstone set within delicate metalwork.
Morrowind.esm,aryongloveleft,Aryon's Dominator,An expensive left glove of fine tailored fabric featuring elegant embroidered patterns across the back.
Morrowind.esm,ebony_pauldron_right,Ebony Right Pauldron,"A dense right pauldron of polished black ebony, shaped with angular overlapping plates and secured by thick leather straps."
Morrowind.esm,key_tuvesobeleth_01,Tuveso Beleth's Key,"A simple iron key with a flat, notched blade and a plain rectangular bow, showing dark discoloration along its shaft."
Morrowind.esm,imperial skirt_clothing,Imperial Skirt,"A tailored cloth skirt constructed from sturdy red fabric, featuring a wide waistband and a knee-length cut."
Morrowind.esm,key_dralor,Guldrise Dralor's Key,"A simple brass key with a flat, rectangular bit and a plain bow, showing minor tarnish along its edges."
Morrowind.esm,caliginy ring,Caliginy Ring,A thick gold band features a prominent raised setting flanked by ornate scrollwork along the polished shoulders.
Bloodmoon.esm,misc_de_bowl_orange_green_01,Ceramic Bowl,A round ceramic bowl featuring an orange exterior and a green interior glazed finish.
Bloodmoon.esm,silver viperaxe,Silver Viperaxe,A polished silver one-handed axe features a curved viper-head blade mounted on a short metallic haft.
Morrowind.esm,key_Andrethi_chest,Key to Andrethi tomb chest,"A standard iron key with a simple rectangular bow, a short shaft, and a single-toothed bit."
Morrowind.esm,key_FQT,Worn Key,"A small, tarnished iron key with a simple rectangular bow, a short shaft, and a plain two-toothed bit."
Morrowind.esm,chitin throwing star,Chitin Throwing Star,"A flat, star-shaped throwing weapon crafted from pale chitin with sharpened edges radiating from the center."
Morrowind.esm,ring of ironhand,Ring of Ironhand,"A thick iron ring shaped like a clasped hand, bearing darkened crevices across its scratched surface."
Bloodmoon.esm,misc_de_foldedcloth00,Folded Cloth,"A rectangular piece of soft woven cloth folded neatly into a compact, flat bundle."
Morrowind.esm,Misc_Com_Wood_Bowl_01,Bowl,"A shallow wooden bowl with a smooth interior and a flat rim, showing simple lathe-turned construction."
Morrowind.esm,key_Punsabanit,Large Key,"A sizable, standard-shaped metal key featuring a simple bow and a cut bit along its straight blade."
Morrowind.esm,p_fire_shield_e,Exclusive Potion of Fire Shield,A tall crystalline flask with a bulbous base contains a shimmering reddish liquid sealed with a gold stopper.
Morrowind.esm,key_varostorage,Key to Varo Tradehouse Storage,A plain iron key cut with standard wards for opening the Varo Tradehouse storage door.
Morrowind.esm,belt of feet of notorgo,Belt of Iron Will,A common thick leather belt fitted with a plain iron buckle and a sturdy central clasp.
Morrowind.esm,p_reflection_s,Standard Potion of Reflection,A small rounded glass flask containing a swirling silvery liquid and sealed with a plain cork stopper.
Morrowind.esm,bonemold arrow,Bonemold Arrow,"A slender arrowshaft fitted with a carved bone tip and dark fletching, reinforced by hardened resin."
Bloodmoon.esm,silver flameaxe,Silver Flameaxe,A polished silver war axe with a curved blade and a flame-shaped cutout near the haft socket.
Morrowind.esm,p_paralyze_b,Bargain Potion of Paralyze,"A cheap rectangular vial holds a pale, sluggish liquid that barely shifts when tilted."
Morrowind.esm,p_restore_magicka_e,Exclusive Restore Magicka,"A slender, tapered flask of refined glass holds a luminescent blue liquid sealed with a smooth stopper."
Tribunal.esm,key_Indalen,Indalen's Key,"A simple brass key with a flat, notched blade and a small rectangular bow for a keyring."
Morrowind.esm,amulet of shadows,Amulet of Shadows,An extravagant amulet features a large polished gemstone set within an ornate golden pendant suspended from a thick chain.
Morrowind.esm,p_fire_shield_s,Standard Potion of Fire Shield,"A small, round-bellied glass flask with a narrow neck and cork stopper holds the liquid within."
Morrowind.esm,therana's skirt,Therana's Skirt,"A tailored Imperial skirt featuring a fitted waistband and a full, draping hemline reaching to the ankles."
Tribunal.esm,bk_ChroniclesNchuleft,Chronicles of Nchuleft,A thick octavo-bound book featuring a worn cover that encloses pages detailing Dwemer scholarship.
Morrowind.esm,light staff,Light Staff,"A tall two-handed staff carved from chitinous dreugh shell, tapering to a smooth rounded pommel and textured grip."
Morrowind.esm,p_lightning shield_s,Standard Lightning Shield,A small rounded glass vial holds a pale liquid and is sealed with a plain cork stopper.
Morrowind.esm,stormblade,Stormblade,An iron longsword bearing a pitted blade and a simple crossguard mounted on a leather-wrapped grip.
Tribunal.esm,ring_warlock_unique_x,Warlock's Ring,A thick gold band encircles a polished crimson gem set between two curling flanges of darkened metal.
Morrowind.esm,ingred_rat_meat_01,Rat Meat,"A rough slab of raw, reddish meat cut from a rat, bearing irregular edges and visible sinew."
Morrowind.esm,light_de_candle_blue_01_64,Bamboo Candlestick,"A segmented bamboo stem forms this candlestick, which supports a pale blue wax candle upright in its socket."
Morrowind.esm,cruel spark bolt,Cruel Spark Bolt,A slender silver bolt with a narrow pointed tip and two small fins at the wooden shaft's rear end.
Morrowind.esm,key_Indaren,Rusty key into Indaren Tomb,"A corroded iron key with a simple rectangular bow and a single cut bit, covered in reddish-brown rust."
Morrowind.esm,sc_greyfate,Scroll of Grey Fate,"A tightly wound parchment scroll with yellowed edges and a worn central binding, tied by a frayed cord."
Morrowind.esm,bk_ArkayTheEnemy,Arkay the Enemy,"A quarto-sized volume bound in a plain cover, its sheets folded to form four-leaf gatherings."
