topic,aliases,topic_desc,knowledge_class,topic_desc_basic,knowledge_class_basic,tags,category
morrowind,Province of Morrowind,"Morrowind, historically known as Dwemereth, Veloth, and Resdayn, is the northeastern nation of Tamriel and the homeland of the Dunmer. Dominated by the volcanic Red Mountain and the island of Vvardenfell, it also encompasses mainland territory separated by the Inner Sea and bordered by the Sea of Ghosts. The province is governed under the Tribunal Temple's theocracy, with Great Houses holding secular power. Its landscape ranges from the ash-blighted interior to varied coastal and border regions. The island of Solstheim to the northwest remains a theoretical claim. Presently, Morrowind contends with the Blight spreading from Red Mountain and the rising threat of the Sixth House.","scholar, traveler, dunmer","Morrowind is the northeastern province of Tamriel and the homeland of the Dunmer. It consists of the mainland and the great island of Vvardenfell, which is dominated by the ash-spewing Red Mountain. Separated by the Inner Sea and bordered by the Sea of Ghosts, the region is also known historically as Resdayn or Veloth.","common, dunmer","Morrowind, Dunmer, Vvardenfell, Red Mountain, Resdayn, Veloth, Tribunal Temple, Great Houses, Inner Sea, Sea of Ghosts, Blight, Tamriel",regions
vvardenfell,Vvardenfell District,"Vvardenfell, also called the Black Isle, is a large island within Morrowind's Inner Sea, dominated by the great volcano Red Mountain. Named after the Dwemeri term for that peak, meaning City of the Strong Shield, its landscape of arid wastes, rocky highlands, and coastal wetlands undergoes constant renewal from eruptions and ash-fall. Originally home to House Dagoth and a Dwemer kingdom, the entire territory became a Tribunal Temple preserve following the Battle of Red Mountain. Under the Armistice, the Temple restricted settlement and trade. In 3E 414, Vvardenfell was reorganized into an Imperial Provincial District divided into Redoran, Hlaalu, Telvanni, and Temple districts, each administered locally but overseen by Duke Dren and the District Council in Ebonheart. By 3E 427, heavy colonization has reduced native Dunmer to roughly half the population, while Dagoth Ur's spreading Ash Blight increasingly afflicts the island's environment and inhabitants.","traveler, scholar, dunmer, imperial","Vvardenfell is a large island within Morrowind's Inner Sea, dominated by the great volcano Red Mountain. Its landscape of arid wastes, rocky highlands, and coastal wetlands is constantly reshaped by eruptions and ash-fall. Formerly a Tribunal Temple preserve with restricted access, the island was reorganized as an Imperial Provincial District in 3E 414, opening it to increased Great House and outlander colonization.","common, dunmer","island, Red Mountain, Inner Sea, Morrowind, Tribunal Temple, Imperial District, Great Houses, volcano, ashlands, Dwemer, House Dagoth, Armistice",regions
tribunal,"ALMSIVI, Living Gods","The Tribunal—Almalexia, Sotha Sil, and Vivec, collectively Almsivi—are the Living Gods of the Dunmer and the central figures of the native Tribunal Temple faith. For millennia, they have guided and protected Morrowind, their divine authority and sustained power forming the bedrock of Dunmer religious and cultural identity. The Temple itself wields immense authority, controlling sacred sites like Ghostgate and the city of Vivec while maintaining strong ties with the pious Great Houses, particularly Indoril and Redoran. Though the faith accepts outlanders, few join sincerely. Tensions persist with Imperial institutions, as the Temple remains proscribed to adherents of the Imperial cult. The Tribunal's presence defines Morrowind's spiritual landscape.","priest, scholar, tribunal_temple, dunmer","The Tribunal, or Almsivi, are the three Living Gods of the Dunmer: Almalexia, Sotha Sil, and Vivec. They are the central figures of the Tribunal Temple, the native religion of Morrowind, which wields great authority over the province's spiritual and cultural life.","common, tribunal_temple, dunmer","Almsivi, Almalexia, Sotha Sil, Vivec, Living Gods, Tribunal Temple, Dunmer religion, Morrowind faith, Ghostgate, House Indoril, House Redoran",religion
nerevarine,"Nerevar Reborn, Incarnate","The prophesied reincarnation of the Chimeri warlord Indoril Nerevar, whose return is foretold to defeat Dagoth Ur and restore Resdayn. The Nerevarine Cult holds that Nerevar cursed the ring Moon-and-Star so that none but his reincarnate could wear it. The Incarnate must survive corprus, don Moon-and-Star, and be named Hortator and Nerevarine by the Great Houses and Ashlander tribes. Whether the figure is a true soul-rebirth or a destiny-fulfilling individual remains contested between the Dissident Priests and orthodox Temple doctrine.","scholar, esoteric, ashlander, tribunal_temple","A prophesied hero of Ashlander belief, held to be the reincarnation of Indoril Nerevar. The Nerevarine is destined to cast down the false gods, end the Blight, and restore Resdayn. The Temple denounces this doctrine as heresy.","esoteric, ashlander, tribunal_temple","Nerevarine, prophecy, Indoril Nerevar, reincarnation, Ashlander, Moon-and-Star, Hortator, Dagoth Ur, Blight, Resdayn, Dissident Priests, Nerevarine Cult",lore
nerevarine_prophecies,"Seven Visions, Seven Trials","The Nerevarine Prophecies are Ashlander traditions foretelling the reincarnation of Indoril Nerevar. Centered on the Seven Visions and Seven Trials, they predict the Incarnate will unite the Dunmer, cast down the false Tribunal, and drive the Blight from Resdayn. The Tribunal Temple fiercely suppresses these teachings as heresy, though the predicted signs—including the moon-and-star ring and the outsider's arrival—remain central to millennial anticipation.","scholar, esoteric, ashlander, tribunal_temple",Ashlander traditions hold that Indoril Nerevar will be reincarnated to save the Dunmer. The prophecies describe seven trials the Incarnate must overcome to cast down false gods and end the Blight. The Tribunal Temple condemns these teachings as heresy.,"esoteric, ashlander, tribunal_temple","prophecy, Nerevarine, Ashlander, Nerevar, Incarnate, Blight, Tribunal, Vvardenfell, Resdayn, Dunmer, Moon-and-Star, heresy",lore
sixth_house,"House Dagoth, Sixth House and the Tribe Unmourned","The Sixth House, originally House Dagoth, was the sixth Great House of the Chimer. Following the Battle of Red Mountain, its records were destroyed and its surviving members were absorbed into the remaining houses, earning it the epithet 'the Tribe Unmourned.' Unbeknownst to the world, Dagoth Ur survived within Red Mountain, gradually building power and influence. Operating from citadels like Kogoruhn, he commands ash vampires and corrupted dreamers, seeking to overthrow the Tribunal and reshape Morrowind through the power of the Heart of Lorkhan and a new Numidium.","scholar, esoteric, house_dagoth, ashlander, tribunal_temple","The Sixth House, originally House Dagoth, was the defunct sixth Great House of the Chimer. After the Battle of Red Mountain, its records were destroyed and its surviving members were absorbed into other houses. Unbeknownst to the outside world, Dagoth Ur survived within Red Mountain and spent centuries building power, seeking to overthrow the Tribunal and conquer Morrowind.","esoteric, house_dagoth, ashlander","House Dagoth, Sixth House, Dagoth Ur, Red Mountain, Ash Vampire, Tribunal, Ghostfence, Kogoruhn, Chimer, Great Houses, Tribe Unmourned, Heart of Lorkhan",factions
red_mountain,Vvardenfell volcano,"Red Mountain is a massive volcano dominating the island of Vvardenfell in Morrowind. Originally the highest peak in Tamriel, its summit is visible from Mournhold on clear days. The island takes its name from the Dwemeris designation for the mountain, meaning City of the Strong Shield. Red Mountain has erupted catastrophically multiple times, including the Sun's Death event and the Days of Fire. The Tribunal encircled the mountain with the Ghostfence to contain the Ash Blight, restricting physical access primarily to Ghostgate. Within this perimeter lie deep lava ravines called foyada, blighted creatures, and four ancient Dwemer citadels serving as strongholds for Dagoth Ur and his ash vampires. The mountain holds profound mythological significance as the Red Tower, with the Heart of Lorkhan serving as its Stone, anchoring Mundus with variable fate. The Battle of Red Mountain occurred on its slopes, resulting in the Dwemer disappearance and the Tribunal's ascension.","traveler, scholar, red_mountain, ashlander, dwemer","Red Mountain is a vast volcano dominating the island of Vvardenfell. Visible from Mournhold, it is considered the most dangerous region in Morrowind. The Tribunal built the Ghostfence around it to contain the Ash Blight, with Ghostgate serving as the primary entrance. Ash storms and blighted creatures plague the interior, where ancient Dwemer citadels serve as strongholds for Dagoth Ur and his minions.","common, red_mountain, ashlander","volcano, Vvardenfell, Ghostfence, Dagoth Ur, Dwemer, Heart of Lorkhan, Red Tower, foyada, Blight, Tribunal, Morrowind, eruption",locations
battle_of_red_mountain,War of the First Council,"The Battle of Red Mountain is the climactic engagement of the War of the First Council, fought circa 1E 700 between the Chimer under Hortator Nerevar and the Dwemer under King Dumac. The war erupted after Lord Dagoth revealed that High Craftlord Kagrenac was tapping the Heart of Lorkhan to build a new god. Nerevar drew the Dwemer armies out, then infiltrated the Heart Chamber. There, Kagrenac used his Tools upon the Heart, causing the entire Dwemer race to vanish. In the aftermath, Dagoth Ur refused to surrender the Tools, clashing with Nerevar's forces. Nerevar perished, and his counselors later broke their oath to Azura by using the Tools to become the Tribunal, prompting her curse that transformed the Chimer into the Dunmer and prophesied Nerevar's return.","scholar, dunmer, dwemer, ashlander","The Battle of Red Mountain is the climactic clash of the War of the First Council between the Chimer and the Dwemer. Sparked by the Dwemer tapping the Heart of Lorkhan, the battle ends with the entire Dwemer race vanishing. Nerevar dies in the aftermath, and his counselors use the Dwemeri tools to become the Tribunal, prompting Azura to curse the Chimer into the Dunmer.","common, traveler, dunmer, dwemer, ashlander","Red Mountain, First Council, Chimer, Dwemer, Nerevar, Dumac, Kagrenac, Heart of Lorkhan, Tribunal, Dagoth Ur, Azura",history
first_council,Chimer-Dwemer alliance,"The First Council was the governing body of Resdayn, formed in 1E 416 when Indoril Nerevar's Chimer and Dumac Dwarfking's Dwemer allied to drive the Nords from Morrowind. Nerevar and Dumac led the council, and their personal bond sustained an unprecedented cultural flowering despite religious friction. The alliance fractured over Kagrenac's profane enchantments and Azura's intervention, igniting the War of the First Council in 1E 668. The conflict ended with Nerevar and Dumac dead, the Dwemer vanished, and the Tribunal ascending. Vivec later reconstituted this body as the Grand Council of Morrowind.","scholar, dunmer, dwemer","Formed in 1E 416 after the Chimer and Dwemer expelled the Nords from Resdayn, the First Council united both peoples under Indoril Nerevar and Dumac Dwarfking. The alliance collapsed in 1E 668 during the War of the First Council, leading to the Dwemer disappearance and the Tribunal's rise.","common, traveler, dunmer, dwemer","Resdayn, First Era, Chimer, Dwemer, Nerevar, Dumac, Red Mountain, Tribunal, Nordic occupation, War of the First Council, Great Houses",history
chimer,"Changed Ones, Velothi","The Chimer, meaning People of the North, are the Aldmeri dissidents who followed the prophet Veloth from Summerset Isle to settle Morrowind. Rejecting Aedric worship, they embraced the Good Daedra—Boethiah, Azura, and Mephala—whose teachings shaped their dynamic, ambitious culture of fundamentalist ancestor worship. Resembling the Altmer but with paler golden skin, they established the High Velothi culture and raised great temples to their Daedric patrons. Their civilization ended at the Battle of Red Mountain, when Azura's curse transformed them into the Dunmer. A few figures, notably Almalexia and partially Vivec, retained their Chimeri appearance despite this curse.","scholar, dunmer, priest, daedra","The Chimer were Aldmeri clans who followed the prophet Veloth from Summerset to Morrowind, worshipping the Daedra Boethiah, Azura, and Mephala. They built a golden-skinned civilization devoted to ancestor worship before being cursed and transformed into the Dunmer after the Battle of Red Mountain.","common, traveler, dunmer","mer, aldmer, veloth, exodus, morrowind, daedra, boethiah, azura, mephala, tribunal, red mountain, dunmer",cultures
dwemer,"Deep Elves, Dwarves","The Dwemer, commonly called Dwarves or Deep Elves, are a fabled lost race of Mer that vanished in 1E 700. Devoted to reason, science, and the arcane over faith, they built elaborate underground cities and crafted enigmatic mechanical constructs. Their agnostic culture often clashed with the Daedra-worshipping Chimer, though the two united under the First Council to repel Nordic invaders before warring over the profane Heart of Lorkhan. The Rourken clan exiled itself westward to Hammerfell, while other clans established holdings in Skyrim. The entire race mysteriously disappeared during the War of the First Council, leaving behind only their enigmatic ruins, mechanical guardians, and enduring mysteries.","scholar, dwemer, mage, smith","The Dwemer, or Deep Elves, were a reclusive race of Mer known as Dwarves who mysteriously vanished in 1E 700. They were highly skilled engineers and enchanters who built vast underground cities and mechanical guardians across Morrowind, Hammerfell, and Skyrim. Their agnostic society preferred reason over religion, frequently clashing with their Daedra-worshipping Chimer neighbors. Their sudden disappearance left their ruins and artifacts scattered across Tamriel.","common, traveler, dwemer, mage, smith","mer, lost race, dwarves, deep elves, first council, resdayn, dwarven ruins, dwarven constructs, heart of lorkhan, rourken, hammerfell, vvardenfell",races
disappearance_of_the_dwemer,Vanishing of the Dwarves,"The Disappearance of the Dwemer is the profound mystery surrounding the sudden vanishing of the entire Dwemer race from Tamriel around 1E 700, during the War of the First Council. The prevailing theory centers on Chief Tonal Architect Kagrenac's tools and his attempt to tap the divine power of the Heart of Lorkhan beneath Red Mountain. Texts such as Divine Metaphysics outline principles for creating a new god through sorcery, while The Egg of Time argues that linking to a divine source is not inherently dangerous if interrupted. Whether Kagrenac's ritual succeeded in ascending his people, destroyed them, or cast them elsewhere remains fiercely debated. The sole surviving Dwemer, Yagrum Bagarn, was absent in the Outer Realms during the event and can offer only theories, leaving the ultimate fate of his people unresolved.","scholar, esoteric, dwemer, mage","Around 1E 700, the entire Dwemer race vanished without a trace from their cities across Tamriel. This occurred during the War of the First Council against the Chimer. Theories link the disappearance to Kagrenac's attempt to harness the Heart of Lorkhan beneath Red Mountain, but the true fate of the Deep Folk remains one of Tamriel's greatest unsolved mysteries.","esoteric, dwemer","dwemer, chimer, red_mountain, kagrenac, heart_of_lorkhan, resdayn, first_council, yagrum_bagarn, dumac, nerevar, mystery",history
heart_of_lorkhan,Heart of the World,"The Heart of Lorkhan is the divine spark of the dead trickster god Lorkhan. Falling from the heavens as a star-wound, it impacted Vvardenfell and formed Red Mountain. In Tower metaphysics, this First Stone anchors Red Tower and enables Mundus to persist without full divine presence, granting Nirn its variable fate. The Dwemer discovered the Heart and forged tools to harness its power for a brass god, but vanished instead. Later, the Tribunal and Dagoth Ur drew upon it to achieve divinity, visiting annually to renew their power until Dagoth Ur severed their access. Some traditions hold that the Heart creates Heroes to defend the mortal plane, and that the red gem of the Amulet of Kings originated as a drop of its blood.","scholar, esoteric, dwemer, house_dagoth, tribunal_temple, mage","The Heart of Lorkhan is the divine spark of the dead god Lorkhan. Legend holds that it fell from the sky as a meteor, forming Red Mountain in Vvardenfell. The Dwemer discovered it and attempted to harness its power, but mysteriously vanished. Later, the Tribunal and Dagoth Ur used the Heart to become living gods.","esoteric, tribunal_temple, mage","Lorkhan, Red Mountain, Vvardenfell, Tribunal, Dagoth Ur, Dwemer, First Stone, Red Tower, Amulet of Kings, divine spark, Nirn",lore
ghostfence,,"The Great Ghost Fence is an enormous wall encircling the crater of Red Mountain, raised by the Tribunal to contain the Blight and corprus monsters within the Red Mountain region. Its pillars channel the holy energies of Almsivi and the spirits of the deceased, forming an impenetrable shield. Constructed in standard Temple architectural style, it has stood since shortly after the Armistice in the late Second Era and is centuries old. The only conventional entrance lies at the gate citadel of Ghostgate, though a tunnel through Kogoruhn also breaches the barrier. Levitation and cliff racers can pass over the wall. The period around 3E 417 is sometimes called the time of the Ghostfence. Pilgrims following the Seven Graces must pass through the fence to reach the Shrine of Pride.","scholar, traveler, tribunal_temple, red_mountain","The Great Ghost Fence is a vast wall surrounding Red Mountain, sustained by the Tribunal's combined powers to keep the Blight and corprus monsters contained. The only conventional entrance is at Ghostgate. It has stood for centuries since shortly after the Armistice.","common, tribunal_temple, red_mountain","ghostfence, red mountain, blight, corprus, tribunal, ghostgate, kogoruhn, vvardenfell, temple architecture, pilgrimage, shrine of pride, shield",locations
blight,"Blight disease, Blight storms","The Blight is a malignant weather phenomenon originating from Red Mountain, where dense, ruddy ash storms carry supernatural disease across Vvardenfell. Confined behind the Ghostfence, these blight storms spill into the Ashlands, infecting any creature or traveler they touch with one of four debilitating Blight diseases. Afflicted fauna grow stronger, grotesque, and highly aggressive; infected mortals may similarly twist into shambling, violent husks. Dagoth Ur is widely believed to be the source of the Blight. Because the affliction silently degrades physical attributes and cannot be prevented by curing carriers beforehand, restoration magic—such as Vivec's Touch—is essential for survival and treating infected companions in blighted regions.","scholar, healer, ashlander, red_mountain","The Blight is a deadly red ash storm that spreads from Red Mountain, carrying supernatural disease across Vvardenfell. It infects people and animals, making creatures stronger and more aggressive while twisting victims into violent husks. The Ghostfence holds most of it back, but blight storms still leak into the Ashlands. Healers and travelers rely on cure spells to treat its debilitating effects.","common, healer, ashlander, red_mountain","disease, Red Mountain, Ghostfence, ash storm, Dagoth Ur, Vvardenfell, Ashlands, corprus",diseases
corprus,Divine Disease,"Corprus, meaning 'skin blight' in Ald Chimeris, encompasses various skin ailments afflicting the Dunmer. Ranging from mild blemishes to lethal plagues, these maladies stem from natural causes like poor hygiene and parasites, or unnatural alchemical and magical origins. However, the term is most notoriously applied to the Divine Disease, a horrific supernatural blight created by Dagoth Ur. This corprus twists victims into grotesque, agonized mutants, eroding their minds while unnaturally bolstering their physical resilience, ultimately reducing them to shambling corprus beasts or mindless servants of the Sixth House.","scholar, esoteric, healer, house_dagoth, tribunal_temple","Corprus, meaning 'skin blight' in Ald Chimeris, refers to various skin ailments common among the Dunmer. These range from natural blemishes caused by poor hygiene to severe magical plagues. Most notoriously, the term describes the Divine Disease, a horrific supernatural blight created by Dagoth Ur that twists victims into grotesque, mindless mutants.","esoteric, healer","disease, blight, Dagoth Ur, Sixth House, Divine Disease, Ald Chimeris, corprus beast, Tribunal Temple, Vvardenfell, skin blight",diseases
ashlanders,"Ashland tribes, Velothi nomads","Ashlanders are Dunmeri nomads dwelling in Morrowind's harshest wildernesses, preserving the ancestor-worshipping tribal culture abandoned by the Great Houses. Calling themselves the Velothi people, they reject the Tribunal as betrayers of Lord Nerevar who sustain themselves through necromantic arts. Each clan is led by an Ashkhan in temporal matters and a Wise Woman in spiritual affairs; the Wise Women interpret prophetic dreams and guard ancient verses. The four Vvardenfell clans—Ahemmusa, Erabenimsun, Urshilaku, and Zainab—frequently feud. Proud and xenophobic, Ashlanders observe strict codes of honor, gift-giving, and courtesy among themselves, but are deeply hostile toward outlanders, whom they shun unless named Clanfriend. The small Nerevarine Cult persists within their tradition, awaiting a foreigner foretold to right ancient wrongs.","traveler, scholar, ashlander, dunmer","Ashlanders are Dunmer nomads inhabiting Morrowind's wastelands who preserve the ancient ancestor-worshipping culture the Great Houses abandoned. They reject the Tribunal, believing its members betrayed Lord Nerevar. Organized into four Vvardenfell clans led by Ashkhans and Wise Women, they are proud, xenophobic, and deeply hostile to outlanders, though one who aids a clan may be named Clanfriend.","common, ashlander, dunmer","Dunmer, nomads, Vvardenfell, ancestor worship, Nerevarine Cult, Wise Women, Ashkhans, Tribunal opposition, tribes, Velothi",cultures
urshilaku_tribe,Urshilaku Ashlanders,"The Urshilaku are one of the four Ashlander tribes of Vvardenfell, dwelling along the northern coast where the West Gash meets the Ashlands. As the second-most populated tribe, they serve as the foremost lore-keepers and mystics among the Ashlanders. They are the strict guardians of the Nerevarine Prophecies and host the Nerevarine Cult, which venerates Indoril Nerevar and awaits his reincarnation. Despite their rigid traditionalism, the Urshilaku uniquely grant outsiders the title of Clanfriend and are reportedly willing to accept reinterpretations of the prophecies should the Nerevarine prove an outlander. They retain ancestral practices such as keeping guar bones for spiritual guidance and maintain burial caverns east of Bthungthumz.","scholar, ashlander","The Urshilaku are one of the four Ashlander tribes of Vvardenfell, living along the northern coast. Renowned as lore-keepers and mystics, they fiercely guard the Nerevarine Prophecies and host the Nerevarine Cult, which awaits the reincarnation of Indoril Nerevar. Despite their traditionalism, they uniquely welcome outsiders as Clanfriends.","common, traveler, ashlander","Ashlanders, Vvardenfell, Urshilaku, Nerevarine Cult, Ashlander tribes, Nerevarine Prophecies, Dissident Priests, Urshilaku Camp, traditionalists, Indoril Nerevar",factions
ahemmusa_tribe,Ahemmusa Ashlanders,"One of the four Ashlander tribes of Vvardenfell, the Ahemmusa are traditionally reclusive and peaceful hunters, herders, and fishermen who favor coastal encampments. Their distinctive garb incorporates seashells, scales, and netting, and they employ the rare Ashen Fern to mask their scent while hunting. Currently encamped in Vvardenfell's northeastern reaches, the tribe faces existential crisis. Blight storms, corprus monsters, and maddened beasts have devastated their food supplies and herds, while ash storms render traditional hunting arduous. Many Ahemmusa have perished, including their Ashkhan, who left no successor. In his absence, Wise Woman Sinnammu Mirpal governs the tribe, seeking a safe haven for migration. A second Wise Woman, Urshamusa Rapli, and the healer Mamaea serve the survivors. The Ahemmusa subsist largely by barter, possessing little gold amid their ongoing struggle for survival.","scholar, ashlander","One of the four Ashlander tribes of Vvardenfell, the Ahemmusa are peaceful, reclusive fishermen and hunters who favor coastal camps. Their clothing features seashells and netting. Currently, the tribe suffers terribly from Blight storms and maddened beasts that devastate their food supply. With their Ashkhan dead and no successor, Wise Woman Sinnammu Mirpal leads the survivors and seeks a safe new home for migration.","common, traveler, ashlander","Ashlanders, Vvardenfell, Ahemmusa, tribe, fishermen, Blight, Sinnammu Mirpal, nomads, Wise Women, Ashkhan",factions
erabenimsun_tribe,Erabenimsun Ashlanders,"One of the four Ashlander tribes of Vvardenfell, the Erabenimsun dwell in the harsh volcanic wastes of Molag Amur from their permanent camp deep in the region's hills. Renowned as warriors who prize strength above all, they are fiercely xenophobic, tolerating neither outlanders nor often other Ashlanders, and have little regard for Imperial concerns or the Nerevarine prophecies. The tribe is divided between a dominant warlike faction favoring raiding and a smaller sect of peace-loving hunters who live off the land. Imperial encroachment, including the theft of their guar herds for hides, has only deepened their hostility toward outsiders.","scholar, ashlander","One of the four Ashlander tribes of Vvardenfell, the Erabenimsun inhabit the volcanic wastes of Molag Amur from their permanent hillside camp. Fierce warriors who esteem strength, they are known for deep distrust of outlanders and even other Ashlanders, and have little patience for foreign ways or prophecies.","common, traveler, ashlander","ashlander, tribe, vvardenfell, molag-amur, warriors, xenophobic, dunmer, camp",factions
zainab_tribe,Zainab Ashlanders,"The Zainab are the largest and most prosperous of the four Ashlander tribes of Vvardenfell. Camped in the Grazelands near Vos and Nchuleft, they uniquely balance traditional nomadic customs with extensive trade, even operating an ebony mine. Though superficially xenophobic, they maintain significant relations with House Hlaalu and House Telvanni, welcoming outside commerce and news. Unlike isolationist tribes, the Zainab currently feel little concern regarding the Blight or Nerevarine prophecies, prioritizing mercantile wealth and regional exchange. They harvest kwama queen wax for crafts and ceremonies and respect martial service to the tribe.","scholar, ashlander","The Zainab are the largest and most prosperous of Vvardenfell's four Ashlander tribes. Camped in the Grazelands near Vos, they are unusually open to trade with Outlanders and Great Houses, even operating an ebony mine. They currently dismiss the Nerevarine prophecies, prioritizing commerce instead.","common, traveler, ashlander","Ashlanders, Zainab, Vvardenfell, Grazelands, Vos, ebony, House Hlaalu, House Telvanni, kwama, trade",factions
vivec,"Lord Vivec, Warrior-Poet, Vehk","Vivec, known as the Warrior-Poet, is the Guardian God-King of Vvardenfell and a member of the Tribunal alongside Almalexia and Sotha Sil. He embodies the spirit and duality of the Dunmer people, reflected in his half-Chimer, half-Dunmer aspect. Before apotheosis, he served as Hortator Indoril Nerevar's general, though accounts of his mortal origins range from a netchiman's son to a divine egg-image associated with the Daedric Prince Mephala. A prolific writer, his cryptic 36 Lessons serve as a guide for the prophesied Nerevarine. He resides in his palace at the summit of Vivec City, the holy canton capital of Vvardenfell, guarding the land from the dark gods of Red Mountain. His legendary spear is Muatra.","priest, scholar, tribunal_temple, dunmer","Lord Vivec, the Warrior-Poet, is one of the three Living Gods of the Tribunal and the Guardian God-King of Vvardenfell. He embodies Dunmer duality and is renowned for both martial prowess and cryptic poetry. He resides within his palace in Vivec City, ever vigilant against the forces of Red Mountain.","common, tribunal_temple, dunmer","Tribunal, god, Dunmer, Chimer, Vvardenfell, Muatra, Almsivi, Nerevarine, poet, Mephala",figures
almalexia,"Lady Almalexia, Mother Morrowind, Ayem","Almalexia, known as Ayem, the Warden, and the Lover, is one of the three God-Kings of the Tribunal, representing Alm in the Almsivi. Formerly the mortal wife of Indoril Nerevar, she and her fellow Tribunes broke their oath to Azura following Nerevar's death at Red Mountain, using Kagrenac's Tools on the Heart of Lorkhan to steal divine essence. This act transformed the Chimer into the Dunmer. The Temple's orthodox Heirographa conceals this, attributing their godhood to supernatural virtue. Almalexia is revered as the Healing Mother and patron of the poor, residing in the temple city of Mournhold. She is closely associated with House Indoril and known for walking among her followers. Her power waned during the Third Era struggle with Dagoth Ur, and accounts of her final fate remain deeply disputed.","priest, scholar, tribunal_temple, dunmer, mournhold","Almalexia is one of the three God-Kings of the Tribunal, revered by the Dunmer as the Healing Mother and Lady of Mercy. She resides in Mournhold and serves as the patron of teachers and healers. Formerly the mortal wife of Lord Nerevar, she ascended to godhood alongside Vivec and Sotha Sil after the Battle of Red Mountain, becoming an immortal protector of Morrowind.","common, tribunal_temple, dunmer, mournhold","Tribunal, Almsivi, God-King, Dunmer, Mournhold, House Indoril, Nerevar, Red Mountain, Healer, Chimer",figures
sotha_sil,"Lord Sotha Sil, Seht, Clockwork God","Sotha Sil, or Seht, is the wizard-mystic god of the Dunmer and the most reclusive member of the Tribunal. Known as the Mainspring Ever-Wound and the Clockwork God, he is the patron of artificers and wizards. He brokered the Coldharbour Compact with eight Daedric Princes to restrict their direct interference in mortal affairs. He dwells within his Clockwork City, a mechanical realm served by fabricants and Clockwork Apostles devoted to achieving Tamriel Final. To free himself from the burden of emotion, he extracted his memories into the Mnemonic Planisphere. He does not believe in free will or his own divinity, viewing himself as bound to his creations and burdened by absolute certainty, coveting the word 'maybe' above all others.","priest, scholar, tribunal_temple, dunmer, mage","Sotha Sil, called Seht, is the reclusive wizard-mystic god of the Dunmer and a member of the Tribunal. Known as the Clockwork God and patron of artificers, he negotiated the Coldharbour Compact limiting Daedric interference in mortal affairs. He resides within his Clockwork City, endlessly creating mechanical wonders, and rarely appears among his followers.","common, tribunal_temple, dunmer, mage","Tribunal, AlmSiVi, Dunmer, Clockwork City, Coldharbour Compact, Daedra, Mnemonic Planisphere, Clockwork Apostles, Gods, Chimer",figures
dagoth_ur,"Voryn Dagoth, Sharmat","Once Voryn Dagoth, Lord High Councilor of House Dagoth and companion of Hortator Indoril Nerevar, he reported the Dwemer's profane discovery of the Heart of Lorkhan, inadvertently sparking the Battle of Red Mountain. Accounts of his actions during the conflict fiercely diverge, but the aftermath saw his house condemned as traitors and his name demonized by the Tribunal Temple as the Sharmat and the Devil. Surviving his apparent death, he slept beneath Red Mountain for millennia. Upon reawakening, he stole divine power from the Tribunal, spread the Blight and corprus across Morrowind, and sought to build Akulakhan to conquer Tamriel.","scholar, esoteric, house_dagoth, ashlander, tribunal_temple","Known to the Tribunal Temple as the Sharmat and the Devil, Dagoth Ur is the immortal enemy of the Dunmer people. Once the lord of the extinct House Dagoth, he slept beneath Red Mountain for ages before reawakening. He spreads the Blight and corprus disease from his stronghold, seeking to conquer all of Morrowind.","esoteric, tribunal_temple","House Dagoth, Sharmat, Red Mountain, Heart of Lorkhan, Tribunal, Akulakhan, Blight, Corprus, Nerevarine, Sixth House, Dunmer",figures
indoril_nerevar,"Lord Nerevar, Nerevar Moon-and-Star, Saint Nerevar","Indoril Nerevar, the Chimer Hortator and King of Resdayn, forged the First Council with the Dwemer in 1E 416. He died following the Battle of Red Mountain circa 1E 700 under fiercely disputed circumstances. The Tribunal Temple venerates him as Saint Nerevar, patron of warriors and House Redoran, while Ashlander cults await his prophesied return as the Nerevarine to cast down false gods and restore the ancestral promises.","scholar, dunmer, ashlander, tribunal_temple","Indoril Nerevar is the ancient Chimer king and Hortator who united his people against the Dwemer at the Battle of Red Mountain. He died under disputed circumstances shortly after this victory. The Tribunal Temple honors him as Saint Nerevar, while Ashlanders revere him as a prophet and await his reincarnation as the Nerevarine.","common, traveler, dunmer, ashlander, tribunal_temple","Chimer, Hortator, Resdayn, Red Mountain, First Council, Dwemer, Nerevarine, Azura, Almalexia, House Indoril, Tribunal",figures
saint_veloth,Prophet Veloth,"Saint Veloth, the Prophet and patron of outcasts, led the Chimer exodus from Summerset to Resdayn after receiving visions. He defined the distinction between good and evil Daedra, negotiated arrangements with the good Daedric Princes, and laid the religious and cultural foundations that transformed the Chimer into the Dunmer. Numerous holy relics are attributed to him, including the warhammer Veloth's Judgment, which cleanses corrupted souls, the frozen Tear of Saint Veloth, and his venerated bones housed in a Deshaan reliquary. The Tribunal Temple and Ashlander tribes both revere him, though their interpretations of his teachings differ.","priest, scholar, tribunal_temple, dunmer, ashlander","Saint Veloth was the prophet who led the Chimer exodus from Summerset to their new homeland of Resdayn. He established the core religious traditions of the Dunmer people, distinguishing between good and evil Daedra. He is revered by both the Tribunal Temple and the Ashlanders.","common, tribunal_temple, dunmer, ashlander","saint, prophet, chimer, dunmer, exodus, daedra, tribunal_temple, ashlander, resdayn, relics",figures
azura,"Queen of Dawn and Dusk, Lady of Twilight","Azura, called the Queen of Dawn and Dusk, is a Daedric Prince whose sphere encompasses the liminal transitions of twilight, alongside mystery, magic, fate, and prophecy. She maintains a distinctly female image and commands an exceptionally devoted following, as she desires the love of her mortal subjects above all else. To the Dunmer, she is revered as one of the good Daedra and recognized as the Anticipation of Sotha Sil. The Ashlander tribes particularly uphold her ancient veneration, acknowledging her as cruel but wise. The Khajiit know her as Azurah, crediting her with introducing moon sugar to their kind. Her Oblivion realm is Moonshadow, and her summoning day is Hogithum, the 21st of First Seed.","priest, scholar, daedra, ashlander","Azura is a Daedric Prince of dawn and dusk, mystery, and prophecy. Known as the Queen of Dawn and Dusk, she is one of the few Daedra perceived as benevolent toward mortals, demanding their love and devotion. The Dunmer revere her as one of the good Daedra and the Anticipation of Sotha Sil, with the Ashlander tribes maintaining particularly strong veneration of her ancient traditions.","common, daedra, priest, ashlander","Daedric Prince, Dawn and Dusk, Twilight, Prophecy, Anticipation of Sotha Sil, Good Daedra, Ashlanders, Azurah, Moonshadow, Hogithum, Dunmer",figures
boethiah,Prince of Plots,"Boethiah, the Prince of Plots, is a Daedric Prince governing deceit, conspiracy, treason, and unlawful overthrow. Revered by the Tribunal Temple as one of the three Good Daedra and the Anticipation of Almalexia, Boethiah holds a central place in orthodox Dunmer cosmology, contrasting with the Temple's condemnation of the House of Troubles. The Prince is an eternal foe of Molag Bal. Often depicted as a caped warrior, Boethiah manifests through deceptive avatars of shifting gender and race to test mortals and orchestrate ruinous plots. The Hunger, a gaunt and foul Daedra, is associated with Boethiah's sphere. Devotees honor the Dark Warrior through bloody mortal combat, as only spilled blood commands Boethiah's regard. Boethiah rules from the realm of Attribution's Share and can be summoned on the 2nd of Sun's Dusk.","priest, scholar, daedra, dunmer","Boethiah, the Prince of Plots, is a Daedric Prince of deceit, conspiracy, and destruction. The Tribunal Temple reveres Boethiah as one of the three Good Daedra and the Anticipation of Almalexia. Often depicted as a caped warrior, the Prince tests mortals through deceptive avatars and demands bloody combat from worshippers. Boethiah is the eternal foe of Molag Bal.","common, daedra, dunmer","daedric prince, good daedra, anticipation, almalexia, deceit, conspiracy, destruction, tribunal temple, molag bal, attribution's share, hunger, gauntlet",figures
mephala,Webspinner,"Mephala, the Webspinner, is a Daedric Prince whose obscured sphere encompasses murder, lies, deception, sex, and secrets. She views mortal affairs as an interconnected web, pulling threads to unravel or reshape outcomes for her own amusement. Unlike Hermaeus Mora, who collects all knowledge, Mephala values only hidden and forbidden lore. She takes great pleasure in strife, sowing discord and treachery among mortals. In Morrowind, she is the patron of the Morag Tong, guiding the guild through whispered secrets. Mephala is also recognized as one of the strongest recognizable spirits to emerge after Akatosh formed and time began.","priest, scholar, daedra, morag_tong","Mephala, the Webspinner, is a Daedric Prince of murder, lies, sex, and secrets. She views mortal affairs as an intricate web, weaving discord and treachery for her own amusement. In Morrowind, she is the patron of the Morag Tong, whispering hidden lore to her followers.","common, daedra, priest, morag_tong","Daedric Prince, Webspinner, Morag Tong, Deception, Secrets, Murder, Spider, Anticipation, Daedra, Tribunal Temple",figures
barenziah,Queen Barenziah,"Barenziah is one of the most famous figures of the Third Era, serving as the first Queen of Morrowind under Imperial vassalage alongside her consort, the general Symmachus. Popular with the Dunmer yet largely ceremonial, she supported the Empire against Uriel Septim III during the War of the Red Diamond. Following Symmachus's death in a riot circa 3E 391, she abdicated and went into exile. She later played a crucial role in toppling the impostor Jagar Tharn and ending the Imperial Simulacrum, subsequently marrying King Eadwyre of Wayrest. Following the Miracle of Peace and Eadwyre's death, she returned to Morrowind as Queen Mother when her son Helseth claimed the throne. Her life remains subject to rumor and disputed biographical accounts.","scholar, dunmer, imperial, mournhold","Barenziah was the first Queen of Morrowind under Imperial vassalage. After her consort Symmachus was killed and she was forced to abdicate, she went into exile. She later helped overthrow the impostor Jagar Tharn, ending the Imperial Simulacrum, and subsequently married King Eadwyre of Wayrest. She eventually returned to Morrowind to serve as Queen Mother when her son Helseth became King.","common, traveler, dunmer, imperial, mournhold","Queen of Morrowind, Symmachus, Imperial Simulacrum, Jagar Tharn, Wayrest, Eadwyre, Helseth, Morgiah, War of the Red Diamond, Miracle of Peace, Queen Mother",figures
king_helseth,"Hlaalu Helseth, Helseth","Hlaalu Helseth is the Dunmer King of Morrowind, having assumed the throne in Mournhold after the suspicious deaths of his grand uncle King Athyn Llethan and the presumed heir Talen Vandas. Rumored to have poisoned his predecessors, Helseth is a pro-Imperial outlander who crops his elven ears to appear more Imperial. He wears an ancient Chimer crown symbolizing five houses under one king. Known for ruthless political maneuvering, he employs the Dark Brotherhood to eliminate rivals and consolidate power, though such tactics breed widespread suspicion.","scholar, traveler, house_hlaalu, mournhold, imperial","King Hlaalu Helseth rules Morrowind from Mournhold. An outlander with pro-Imperial sympathies, he inherited the throne after his grand uncle King Athyn Llethan died under suspicious circumstances, prompting rumors of poisoning.",common,"Dunmer, King, Mournhold, House Hlaalu, Barenziah, Athyn Llethan, Dark Brotherhood, Imperial, Monarchy, Assassination",figures
divayth_fyr,Lord Fyr,"Divayth Fyr is an ancient Dunmer sorcerer of Great House Telvanni, estimated at four thousand years old. Though he holds no seat on the Telvanni Council, he serves as an advisor and upholds their directives. A former Psijic Order member, he is compared to mages like Shalidor and Vanus Galerion. He resides in Tel Fyr on Vvardenfell, where he maintains the Corprusarium—a sanctuary for corprus victims, including the last living Dwarf, Yagrum Bagarn. He lives alongside four female clones he calls his daughters.","scholar, house_telvanni, mage","Divayth Fyr is a four-thousand-year-old Dunmer sorcerer of Great House Telvanni. He resides in his tower of Tel Fyr on Vvardenfell, where he maintains the Corprusarium, a sanctuary for those afflicted with corprus disease. There, he cares for Yagrum Bagarn, the last living Dwarf. Fyr lives alongside four female clones of himself whom he calls his daughters.","common, traveler, house_telvanni, mage, scholar","Dunmer, Telvanni, Tel Fyr, Corprusarium, Yagrum Bagarn, Psijic Order, Daedric armor, sorcerer, ancient, clones",figures
yagrum_bagarn,Last Living Dwarf,"Yagrum Bagarn is the last known living Dwemer, surviving the mysterious disappearance of his people. Formerly a Master Crafter in service to Lord Kagrenac, the chief Tonal Architect, he was absent during the calamity at Red Mountain. Upon returning to find his race vanished, he searched extensively for answers but contracted Corprus disease. Bloated and afflicted, he resides in the Corprusarium beneath Tel Fyr under the care of Divayth Fyr, who restored his sanity but failed to cure his body. A learned scholar, Yagrum studies theories of the disappearance and provides insight into Kagrenac's tools and texts such as Divine Metaphysics and The Egg of Time.","scholar, esoteric, dwemer, mage","Yagrum Bagarn is the last known living Dwemer. Bloated and afflicted with Corprus disease, he resides in the Corprusarium beneath Tel Fyr, cared for by the ancient wizard Divayth Fyr. He is a rare living source of knowledge on the Dwemer and their mysterious disappearance.","esoteric, dwemer","dwemer, dwarf, corprus, tel fyr, divayth fyr, kagrenac, tonal architect, red mountain, disappearance of the dwarves, divine metaphysics, egg of time",figures
caius_cosades,Caius,"Caius Cosades is the Imperial Grand Spymaster of the Blades operating in Vvardenfell. Stationed in Balmora, he poses as a skooma-addicted layabout, though his tolerance and sharp instincts betray his true nature. As the ranking Blades agent in the district, he directs intelligence efforts concerning the Sixth House and the Nerevarine prophecies. His superiors eventually recall him to the Imperial City amid concerns regarding his genuine addiction to moon sugar.","scholar, blades, imperial","Caius Cosades is the Imperial Grand Spymaster of the Blades in Vvardenfell. Operating from Balmora, he maintains a cover as a skooma-addicted old man while directing the Empire's intelligence network regarding the Sixth House threat.","common, traveler, imperial","Blades, Imperial, Balmora, Spymaster, Skooma, Nerevarine, Sixth House, Vvardenfell, Intelligence, Moon Sugar, Spy, Cyrodiil",figures
tribunal_temple,"Temple, Almsivi Temple","The Tribunal Temple is the native religion of the Dunmer, venerating the living gods Almalexia, Sotha Sil, and Vivec—collectively Almsivi. Under the Armistice, Vvardenfell remains a Temple preserve encompassing the city of Vivec, Ghostgate, and all sacred sites within the Ghostfence. The Temple holds strong bonds with the pious Houses Indoril and Redoran, and maintains amicable ties with Dres and Hlaalu. Relations with Imperial guilds are strained; the Temple sits on the Empire's Proscribed List of Hostile Cults, forbidding courtesy membership to adherents of the Imperial Citizenship Cult. While outlanders may join, most do so for services rather than faith. The Temple guards orthodoxy fiercely, suppressing dissenting cults and protecting Morrowind from the Blight emanating from Red Mountain.","priest, scholar, tribunal_temple, dunmer","The Tribunal Temple is the native religion of the Dunmer, worshipping the living gods Almalexia, Sotha Sil, and Vivec, known as Almsivi. It controls the Vvardenfell district as a Temple preserve under the Armistice. The Temple maintains strong ties with Houses Indoril and Redoran, but strained relations with Imperial organizations.","common, tribunal_temple, dunmer","Almsivi, Tribunal, Dunmer, Morrowind, Vivec, Ghostgate, Ghostfence, Indoril, Redoran, Armistice, religion, orthodoxy",factions
imperial_cult,"Nine Divines, Imperial religion","The Imperial Cult is the missionary arm of the Empire's primary religion, bringing divine inspiration and consolation to remote provinces. It combines veneration of the Nine Divines—the Aedra Akatosh, Dibella, Arkay, Zenithar, Mara, Stendarr, Kynareth, and Julianos—with the Talos Cult venerating the divine god-hero Tiber Septim. Headquartered in Ebonheart, the Cult operates shrines across Vvardenfell, primarily within Imperial forts. It maintains cordial relations with the Imperial Legion, Fighters Guild, and House Hlaalu, but endures friction with the Tribunal Temple, whose theology directly conflicts with its teachings.","priest, scholar, imperial_cult, imperial","The Imperial Cult is the missionary arm of the Empire's primary religion in Morrowind. It worships the Nine Divines—Akatosh, Dibella, Arkay, Zenithar, Mara, Stendarr, Kynareth, and Julianos—alongside the god-hero Tiber Septim. Operating shrines from Imperial forts, it provides spiritual guidance and charity to Imperial citizens and converts.","common, imperial_cult, imperial","Imperial Cult, Nine Divines, Tiber Septim, Talos, Akatosh, Ebonheart, Aedra, religion, missionary, Imperial Legion, Tribunal Temple",factions
morag_tong,Foresters Guild,"The Morag Tong is an ancient guild of assassins headquartered in Morrowind, operating in the name of Mephala. Active since at least the First Era, the Tong holds a unique sanctioned status under the Morrowind government, legally performing executions bound by contracts known as writs. Extralegal gray writs are also rumored to exist. The Great Houses frequently employ the Tong to eliminate rivals, providing a preferred alternative to open warfare. The Tong's doctrine holds that Mephala grows stronger with every murder in her name, but certain killings please her more; murders born of hate surpass those driven by greed, and the slaying of great figures outweighs the deaths of unknowns. This philosophy originates from the guild's first leader, the original Night Mother.","scholar, morag_tong, dunmer, thief","The Morag Tong is an ancient guild of assassins operating in Morrowind in the name of Mephala. Uniquely sanctioned by the Morrowind government, the guild performs legal executions under contracts called writs, though extralegal gray writs are rumored. The Great Houses frequently employ the Tong to settle disputes and eliminate rivals without open conflict.","common, traveler, morag_tong, dunmer, thief","assassins, Mephala, Morrowind, writs, Great Houses, Night Mother, First Era, legal execution, gray writs, Dunmer, guild",factions
mages_guild,Guild of Mages,"Founded by Vanus Galerion circa 2E 230, the Mages Guild is a professional organization dedicated to the study and application of magicka and alchemy. Headquartered at the Arcane University in the Imperial City under an Arch-Mage and Council of Mages, the Guild codified magical instruction and made spellcasting services accessible to the public. On Vvardenfell, the Guild maintains five halls offering Guild Guide transport, led from Vivec by Arch-Mage Trebonius Artorius. The Guild enjoys favorable relations with Imperial factions but harbors deep hostility toward House Telvanni, whose rival magical traditions and independent mage-lords directly conflict with Guild principles.","scholar, mages_guild, mage","Founded by Vanus Galerion, the Mages Guild dedicates itself to studying magicka and alchemy. It provides public magical services and training across Tamriel. On Vvardenfell, the Guild operates five halls with Guild Guide transport, led from Vivec by Arch-Mage Trebonius Artorius. It remains hostile toward House Telvanni.","common, traveler, mages_guild, mage","Vanus Galerion, Arcane University, Guild Guide, Trebonius Artorius, Vvardenfell, House Telvanni, Imperial, magicka, alchemy, spellmaking",factions
fighters_guild,Guild of Fighters,"The Fighters Guild is an Imperial professional organization chartered by the Emperor to regulate the hiring and training of mercenaries, protect commerce, and capture beasts. Founded in 2E 320 as the Akaviri Syffim, it now operates across most of Tamriel. In Morrowind, the Guild maintains halls in Ald'ruhn, Balmora, Wolverine Hall, and Vivec. Guild Stewards dispense contracts and manage memberships. Currently, the Morrowind chapter is internally divided: Guildmaster Sjoring Hard-Heart and many upper ranks are secretly entangled with the Camonna Tong, while former leader Percius Mercius opposes this corruption. This factional strain leaves the Guild's direction uncertain, with some members exploiting the rivalry against the Thieves Guild and others seeking to purge the criminal influence.","scholar, fighters_guild, warrior","The Fighters Guild is an Imperial organization chartered to train and employ mercenaries and protect commerce. In Morrowind, it maintains halls in Ald'ruhn, Balmora, Wolverine Hall, and Vivec, where Stewards dispense contracts. The Guild is friendly with the Imperial Legion and Mages Guild, though its current Morrowind leadership is rumored to be corrupt.","common, traveler, fighters_guild, warrior","Imperial guild, mercenaries, Sjoring Hard-Heart, Percius Mercius, Camonna Tong, Balmora, Vivec, Ald'ruhn, Imperial charter, Syffim",factions
thieves_guild,,"The Thieves Guild, also called the Children of the Shadows and the Fingers of the Fox, is a professional syndicate of burglars, robbers, pickpockets, and smugglers. Considered a distinctly Imperial entity, it traces its modern origins to the Interregnum-era guild of Abah's Landing. Authorities across Tamriel tolerate it as a crime regulator: it forbids members from robbing each other, killing on the job, or stealing from the poor, while bribing officials and maintaining a black market. In Vvardenfell, the guild operates from cornerclubs in Ald'ruhn, Balmora, and Sadrith Mora, with its leader based in Vivec. It maintains slight tolerance with the Mages Guild and Imperial Cult, but is locked in a bitter feud with the native Camonna Tong.","scholar, thieves_guild, thief","The Thieves Guild is a professional syndicate of burglars, robbers, pickpockets, and smugglers. Considered a distinctly Imperial organization, it regulates crime by forbidding members from robbing each other, killing while thieving, or stealing from the poor. In Vvardenfell, the guild gathers in cornerclubs and is locked in a bitter rivalry with the native Camonna Tong.","common, traveler, thieves_guild, thief","factions, thieves, crime, smuggling, Camonna Tong, Vvardenfell, Imperial, black market, syndicate",factions
imperial_legion,Legion,"The Imperial Legion, also called the Imperial Army or the Ruby Ranks, is the primary military force of the Empire of Tamriel. Operating under the Emperor's authority, it preserves peace and enforces the law across the provinces. In peacetime, it garrisons forts and patrols roads; in war, it serves as an overwhelming occupying force. The Legion recruits from all races, valuing discipline and numerical superiority.","scholar, imperial_legion, imperial, guard","The Imperial Legion is the Empire of Tamriel's primary military force. Operating directly under the Emperor's authority, it enforces provincial law, garrisons forts, and patrols roads. Renowned for its strict discipline and vast numbers, the Legion recruits from all races to maintain order across the provinces.","common, traveler, imperial_legion, imperial, guard","military, empire, cyrodiil, legion, army, imperial, garrison, law enforcement, fort, discipline, war",factions
east_empire_company,EEC,"The East Empire Company is an Imperial trading monopoly commissioned by the Emperor, wielding immense economic and political influence across the province. The Company controls exclusive trade rights for raw ebony, raw glass, Stalhrim, Dwemer artifacts, and flin, while dominating Vvardenfell's import and export of kwama eggs, marshmerrow pulp, saltrice, and bug musk. Its appointed leadership and vast wealth allow it to sway even the Duke of Vvardenfell's administration. The Company maintains offices in Ebonheart and Fort Frostmoth, staffing them with shrewd, eloquent merchants trained in long blades and medium armor to endure hostile environments. Its far-reaching authority ensures Imperial economic dominance.","scholar, east_empire_company, merchant, imperial","The East Empire Company is an Imperial trading monopoly commissioned by the Emperor. It holds exclusive rights over lucrative goods like raw ebony, raw glass, Stalhrim, and Dwemer artifacts, while dominating Vvardenfell's import and export markets. Its vast wealth and Imperial connections grant it significant political influence, and it maintains major offices in Ebonheart and Fort Frostmoth.","common, traveler, east_empire_company, merchant, imperial","trade, economy, monopoly, ebony, Dwemer, Stalhrim, Vvardenfell, Ebonheart, Solstheim, Imperial",factions
house_hlaalu,Hlaalu,"Great House Hlaalu is one of the five traditional Great Houses of the settled Dunmer, governing the Hlaalu District of western-central Morrowind from its ancient capital of Narsis. On Vvardenfell, its council seat resides in Balmora, with additional holdings in Suran, Hla Oad, and Gnaar Mok. Distinguished by its adaptability and opportunism, the house prioritizes business and diplomacy, valuing a good reputation alongside profit. Its willingness to embrace foreign cultures and Imperial trade sets it apart from more xenophobic Dunmer houses. This Imperial favor brings political and economic dominance, yet also invites corruption; many Hlaalu leaders and retainers are notoriously bribable, employing theft, blackmail, and espionage as readily as honest commerce. The house maintains positive ties with the Empire, the Tribunal Temple, and the Camonna Tong, while facing animosity from Houses Redoran, Telvanni, and Indoril. Its heraldry is the Golden Scales, and its patron saint is Veloth the Pilgrim.","scholar, house_hlaalu, dunmer, merchant","Great House Hlaalu is an adaptable and opportunistic Dunmer Great House that dominates trade and maintains close ties with the Empire. Governed from its Balmora council seat on Vvardenfell, the house values profit, diplomacy, and foreign tolerance, setting it apart from more xenophobic Dunmer factions. Its retainers are skilled merchants and spies, though notoriously bribable.","common, traveler, house_hlaalu, dunmer, merchant","Great House, Dunmer, Hlaalu, Balmora, merchant, trade, Imperial, Camonna Tong, Golden Scales, Vvardenfell, Morrowind",factions
house_redoran,Redoran,"Great House Redoran is one of the five remaining Great Houses of the Dunmer, governing the northwestern Redoran District from Blacklight. Steeped in tradition and piety, it champions the way of the warrior, long serving as Morrowind's de facto military. The Tribunal Temple is its natural ally, supplying many Buoyant Armigers, while Saint Nerevar the Captain serves as its patron. Redoran respects martial strength, holding the Fighters Guild and Imperial Legion in higher esteem than other Imperial institutions. It maintains strained relations with House Hlaalu, House Telvanni, the Morag Tong, and Ashlander tribes, but respects House Indoril and will fight alongside House Dres. On Vvardenfell, its council convenes in Ald'ruhn-under-Skar, within a colossal emperor crab shell.","scholar, house_redoran, dunmer, warrior, tribunal_temple","Great House Redoran is one of the five Great Houses of the Dunmer. Focused on martial skill and ancient tradition, it often serves as the military backbone of the Dunmer people and the Tribunal Temple. Distrustful of most Imperial institutions, Redoran respects only martial strength. Its Vvardenfell council seat is in Ald'ruhn-under-Skar.","common, traveler, dunmer, warrior","great house, dunmer, morrowind, warrior, tradition, ald'ruhn, blacklight, tribunal temple, vvardenfell, buoyant armigers, martial, duty",factions
house_telvanni,Telvanni,"Great House Telvanni is one of the Great Houses of Morrowind, governing the Telvanni District of the northeast and the eastern reaches of Vvardenfell from its council seat in Sadrith Mora. Comprised primarily of reclusive, egocentric wizard-lords, the House prizes arcane mastery, knowledge, and the forceful expression of individual will. Its members traditionally isolate themselves within towering fungal strongholds, pursuing solitary research and shunning outside politics. A minority of ambitious mages compete ruthlessly for Vvardenfell's resources, though the House publicly denies supporting these rogue factions. Advancement within Telvanni is notoriously ruthless; members often rise by eliminating or indisposing rivals. The Telvanni fiercely reject external authority, particularly that of the Mages Guild, and maintain a notorious tolerance of vampires. They are careless in observance of Tribunal doctrine, favoring ancestor worship instead.","scholar, house_telvanni, dunmer, mage","Great House Telvanni is a Great House of Morrowind dominated by reclusive wizard-lords. Governing the northeast and eastern Vvardenfell from Sadrith Mora, its members pursue arcane mastery within towering fungal strongholds. Telvanni society is ruthless and isolationist; mages advance by eliminating rivals, reject outside authority like the Mages Guild, and uniquely tolerate vampires.","common, traveler, house_telvanni, dunmer, mage","Great Houses, Morrowind, Dunmer, wizards, Sadrith Mora, isolationist, Mages Guild, vampires, Telvanni Council, fungal towers",factions
camonna_tong,,"The Camonna Tong is a ruthless Dunmer criminal syndicate operating throughout Morrowind, notorious for violent xenophobia and fierce opposition to foreign presence. Members regard outlanders as fit only for slavery and take pride in historical Dunmer dominance over other races. The Tong engages in smuggling, the skooma trade, kidnapping, and torture to eliminate perceived outlander threats. Despite their hatred of foreigners, they occasionally collaborate when profit outweighs prejudice. Through Orvas Dren, the Tong exerts significant covert control over House Hlaalu, ensuring the seemingly Imperial-friendly Great House cannot make major decisions without syndicate approval. Dren's documented sympathies for House Dagoth further underscore the Tong's dangerous nativist alignments.","scholar, camonna_tong, house_hlaalu, thief","The Camonna Tong is a powerful Dunmer crime syndicate notorious for fierce xenophobia and violent opposition to foreign presence in Morrowind. Members view outlanders as fit only for slavery. The Tong engages in smuggling, kidnapping, and the skooma trade, though profit occasionally overrides their hatred of foreigners. They wield significant covert influence over House Hlaalu's decisions.","common, traveler, camonna_tong, house_hlaalu, thief","crime syndicate, Dunmer, xenophobia, House Hlaalu, Orvas Dren, smuggling, skooma, Vvardenfell, slavery, House Dagoth, nativism, organized crime",factions
twin_lamps,,"The Twin Lamps is a secretive abolitionist network operating within Morrowind, dedicated to freeing slaves—predominantly Argonians and Khajiit—and smuggling them to safety. Though small, the society commands agents across Vvardenfell, including influential figures like Im-Kilaya of the Argonian Mission in Ebonheart and Jobasha, a bookseller in Vivec. Its leader is Ilmeni Dren, a Dunmer and House Hlaalu member who is also the daughter of Duke Vedam Dren, a connection that affords the organization unspoken protection despite its illegality. The Dunmer majority views abolitionism as an unwelcome Imperial imposition, making the Lamps' work perilous. Members identify one another through a covert exchange: asking, 'Have you seen the Twin Lamps?' and receiving the reply, 'They light the way to freedom.'","scholar, esoteric, twin_lamps, argonian, khajiit, camonna_tong","The Twin Lamps is a secret society of abolitionists working to free Argonian and Khajiit slaves in Morrowind. Deeply unpopular among traditional Dunmer, who view the movement as an Imperial imposition, the organization operates covertly. Members identify each other using the passphrase: 'Have you seen the Twin Lamps?' answered by 'They light the way to freedom.'","esoteric, twin_lamps, argonian, khajiit","abolitionists, slavery, secret society, Morrowind, Vvardenfell, Ilmeni Dren, Argonian Mission, Jobasha, House Hlaalu, resistance, passphrase",factions
blades,Imperial Intelligence,"The Blades are an elite Imperial order descended from the Akaviri Dragonguard, historically dedicated to serving and protecting the Dragonborn emperors of Tamriel. While a select few serve openly as bodyguards or diplomats, the vast majority operate covertly as the Empire's intelligence network, serving as the Emperor's eyes and ears across the provinces. In Vvardenfell, Blades agents operate under deep cover, reporting to Spymaster Caius Cosades in Balmora to monitor Dunmer dissidents and investigate the Nerevarine prophecies on Uriel Septim VII's direct command.","scholar, esoteric, blades, imperial","The Blades are an elite order serving the Emperor as bodyguards, diplomats, and spies. While some serve openly, most conceal their identities and act as the Empire's hidden eyes and ears. In Vvardenfell, they operate under deep cover, monitoring threats and investigating the Nerevarine prophecies.","esoteric, imperial","blades, imperial, intelligence, espionage, dragonguard, akaviri, septim, dragonborn, spies, bodyguard, vvardenfell, balmora",factions
dunmer,Dark Elves,"The Dunmer, commonly called Dark Elves in the Empire, are the grey-skinned, red-eyed elven peoples of Morrowind. Embracing their reputation as ill-favored by fate, they are generally grim and aloof, combining powerful intellects with strong physiques to produce renowned warriors and sorcerers. Their culture revolves around the veneration of ancestors; spirits are bound by duty to aid their living bloodlines through family shrines and ghost fences. While foreign cultures mistakenly conflate these practices with necromancy—an abhorrent abomination to the Dunmer when performed upon elven remains—spirits of other races are afforded no such protection. The Great Ghost Fence, built by the Tribunal, has largely supplanted traditional clan fences, absorbing the remains of countless heroes to hold back the Blight.","scholar, traveler, dunmer","The Dunmer, or Dark Elves, are the grey-skinned, red-eyed elven natives of Morrowind. Fierce and reserved, they are renowned warriors and sorcerers who integrate the sword, bow, and destruction magic in battle. Their society centers on ancestor veneration, maintaining family shrines and ghost fences to commune with the dead—a practice outsiders often mistakenly condemn as necromancy.","common, dunmer","dunmer, dark elves, morrowind, elves, mer, ancestor worship, tribunal, great houses, destruction magic, ghost fence, necrom",races
argonians,Saxhleel,"The Argonians, who call themselves the Saxhleel, are the reptilian natives of Black Marsh. Unlike other Tamrielic peoples, they worship neither Aedra nor Daedra, possessing no prayers, priests, or temples. Instead, they venerate the Hist, the ancient sentient trees of their homeland, and Sithis, the primordial chaos preceding the gods. Argonians do not regard Sithis as evil; those born under the Shadow sign are presented to the Dark Brotherhood, an institution integrated into their society. Their alien mindset and deep connection to their swamps make them poorly understood by outsiders.","scholar, traveler, argonian","The Argonians, or Saxhleel, are the reptilian natives of Black Marsh. They possess no conventional religion, instead venerating the ancient Hist trees and Sithis, the primordial chaos. Those born under the Shadow sign are given to the Dark Brotherhood.","common, argonian","argonians, saxhleel, black marsh, hist, sithis, beast races, dark brotherhood, shadow birthsign",races
khajiit,,"The Khajiit are a cat-like beast race native to Elsweyr, counted among Tamriel's so-called beast races alongside Argonians and Imga. Their anatomy diverges sharply from that of men and mer, featuring fur, tails, distinct metabolism, and natural claws. Uniquely, their morphology is determined by the phases of the moons at birth, producing furstocks ranging from nearly Elven Ohmes to great Senche-Tigers. The Suthay-raht is the breed most commonly encountered in Morrowind. Khajiiti culture reveres the moons, practices meditative Claw-Dances, and speaks Ta'agra. Despite frequent racial discrimination and a widespread reputation as thieves, acrobats, and skooma addicts, Khajiit are intelligent, agile, and fearsome warriors who disdain full armor and prefer their natural claws.","scholar, traveler, khajiit","Khajiit are cat-like people from Elsweyr whose appearance is determined by the moons at birth, producing breeds ranging from nearly Elven to great tiger-like forms. The Suthay-raht is the breed most commonly seen in Morrowind. Known for high intelligence and agility, they make excellent thieves and acrobats, though many disdain weapons in favor of their natural claws. They are frequent targets of racial discrimination.","common, khajiit","Elsweyr, beast race, Suthay-raht, furstocks, Ta'agra, Claw-Dances, skooma, moons, discrimination, acrobatics",races
nords,,"The Nords are a race of Men who descended from Atmoran settlers and forged Skyrim into their homeland. Renowned as fierce warriors, they built the First Empire of the Nords under King Vrage circa 1E 240, conquering vast territories across High Rock, Morrowind, and Cyrodiil before their empire shattered in 1E 420 after the War of Succession. Their culture venerates Kyne, Shor, and a distinct pantheon featuring Alduin as a grim world-eater rather than the Imperial Akatosh. The ancient Dragon Cult is long outlawed. Nords remain fiercely independent, clinging to their traditions and their legendary Thu'um.","scholar, traveler, nord","The Nords are a race of Men who settled Skyrim from Atmora. Renowned as fierce warriors, they once ruled a vast First Empire before it shattered in the First Era. Their culture reveres Kyne, Shor, and a distinct pantheon viewing Alduin as the world-eater.","common, nord","Nords, Men, Skyrim, Atmora, First Empire, Kyne, Shor, Alduin, Thu'um, Vrage, War of Succession",races
imperials,,"The Imperials, also known as Cyrodiils or Cyrodilics, are the natives of the cosmopolitan province of Cyrodiil. Though physically less imposing than other races, they are renowned for their discipline, respect for the rule of law, and skill as light infantry. Their true power lies in shrewd diplomacy and trade, traits that enabled them to subdue other nations and erect the Glorious Empire. Imperial hegemony has waxed and waned across three distinct Empires, each epoch's end reshaping Tamrielic history. The term Cyrodiil applies broadly to the people, land, capital, and ruler, reflecting an ancient king-is-the-land tradition predating human rule.","scholar, traveler, imperial","Imperials, or Cyrodiils, are the natives of civilized Cyrodiil. Though less physically imposing than other races, their discipline, respect for law, and shrewd diplomacy have allowed them to build and sustain the Glorious Empire through trade and skilled light infantry.","common, imperial","Imperials, Cyrodiils, Cyrodiil, races, Empire, diplomacy, infantry, law",races
slavery_in_morrowind,Morrowind slavery,"Slavery is a legally protected institution in Morrowind, sustained by the Armistice of 2E 896, which exempted the province from the Empire's general abolition. The Dunmer consider slave ownership an ancient right, primarily raiding Black Marsh and Elsweyr for Argonian and Khajiit captives. Enslaved individuals are restrained by magical bracers and held in plantations, mines, and Telvanni markets. Abolitionist movements, notably the Twin Lamps, actively oppose the practice, aiding escapees and operating through safe havens like the Argonian Mission in Ebonheart. The tension between Imperial law and Dunmer tradition makes slavery a deeply divisive issue across Vvardenfell.","scholar, dunmer, argonian, khajiit, twin_lamps","Slavery is legally protected in Morrowind under the Armistice, though it is outlawed elsewhere in the Empire. The Dunmer primarily enslave Argonians and Khajiit, holding them in plantations and mines using magical bracers. Abolitionist groups like the Twin Lamps resist this practice and help escaped slaves find refuge.","common, traveler, dunmer, argonian, khajiit, twin_lamps","slavery, Morrowind, Dunmer, Argonian, Khajiit, Twin Lamps, abolitionism, Armistice, Imperial law, Ebonheart, plantations",cultures
ancestral_worship,"Ancestor worship, Ghosts and ancestors","Dunmer ancestor worship venerates the spirits of the dead, drawing upon their knowledge and power to benefit living bloodlines. The Prophet Veloth instituted this practice among the Chimer as a return to the pure Old Ways, rejecting the Altmer shift toward worshipping only the ancestors of the social elite. The bond between the living and the immortal dead is maintained through blood, ritual, and will. The Tribunal Temple incorporates this veneration alongside worship of Almsivi, though House Dunmer traditionally emphasize private family ancestors and shrines. In contrast, Ashlander tribes preserve older customs, revering ancestor spirits and the Daedra as powerful forebears. Summoning ancestors for guidance or protection is common, though restless spirits may require appeasement.","priest, scholar, dunmer, tribunal_temple, ashlander","Dunmer ancestor worship involves venerating the spirits of deceased forebears for guidance and protection. The Prophet Veloth established this practice among the Chimer as a return to ancient traditions. House Dunmer maintain private family shrines, while Ashlander tribes preserve older customs alongside Daedra veneration.","common, dunmer, tribunal_temple","Dunmer, ancestors, Tribunal Temple, Ashlanders, Veloth, Chimer, religion, spirits, House Dunmer, Daedra",religion
good_daedra,Anticipations,"The Good Daedra—Azura, Boethiah, and Mephala—are the Daedric Princes traditionally venerated by the Dunmer as ancient ancestors and cultural founders. Before the Tribunal's apotheosis, the Chimer worshipped them as gods. Boethiah illuminated the elves with Lorkhan's truth and defeated Trinimac, Mephala taught secret murder and organized the Great Houses, and Azura taught the Chimer to differ from the Altmer. Following the Tribunal's ascension, the Temple redefined these three as the Anticipations—foreshadowings of Almalexia, Vivec, and Sotha Sil—and subordinated their veneration. Most settled Dunmer now honor the Tribunal, though the Ashlanders and certain Great Houses maintain the old reverence.","priest, scholar, dunmer, ashlander","The Good Daedra—Azura, Boethiah, and Mephala—are the Daedric Princes the Dunmer revere as ancient ancestors. They guided the early Chimer, teaching them philosophy, secret murder, and distinction from the Altmer. The Tribunal Temple now calls them the Anticipations of the three Tribunes, but Ashlanders still worship them directly.","common, dunmer, ashlander, priest","Daedra, Azura, Boethiah, Mephala, Anticipations, Tribunal Temple, Ashlanders, Chimer, Dunmer religion, House of Troubles",religion
house_of_troubles,Four Corners of the House of Troubles,"The House of Troubles, also called the Four Corners or the Bad Daedra, comprises the Daedra Lords Mehrunes Dagon, Molag Bal, Malacath, and Sheogorath. These rebel spirits opposed the Tribunal's counsel, bringing kinstrife and confusion to the Great Houses. Within Temple doctrine, they serve as the Adversaries and Testing Gods: Malacath tests physical weakness, Sheogorath tempts mental frailty and treachery, Molag Bal seeks to corrupt bloodlines, and Mehrunes Dagon embodies the perilous land and destructive forces that test Dunmer will to persevere. Their worship is strictly forbidden by both Temple and Imperial law, and Ordinators and Buoyant Armigers destroy any covens discovered in the wilderness ruins.","priest, scholar, tribunal_temple","The House of Troubles, or Four Corners, are the four Bad Daedra who oppose the Tribunal: Mehrunes Dagon, Molag Bal, Malacath, and Sheogorath. Temple doctrine holds that these rebel spirits serve as obstacles during the Testing, probing the Dunmer for physical, mental, and spiritual weakness. Their worship is outlawed, and Temple and Imperial forces actively hunt their followers.","common, tribunal_temple","Tribunal Temple, Daedra, Mehrunes Dagon, Molag Bal, Malacath, Sheogorath, Testing, Dunmer, Adversaries, Forbidden Worship",religion
seyda_neen,,"Seyda Neen is a House Hlaalu port village in the southern Bitter Coast, bordering the Ascadian Isles. Known as the Gateway to Vvardenfell, it serves as a vital waypoint for Imperial travelers entering or leaving the island. The Empire maintains a Coastguard station and Census and Excise Office at the harbor, processing arrivals and restocking Imperial cutters that patrol against smugglers. The Grand Pharos, a renowned lighthouse at the harbor mouth, guides mariners throughout the Inner Sea. Over the centuries, the village has absorbed Imperial, Nordic, and Dunmeri architectural elements. Silt striders offer overland transport to Balmora, Gnisis, Suran, and Vivec.","traveler, scholar, bitter_coast","Seyda Neen is a small House Hlaalu port village in the southern Bitter Coast, widely known as the Gateway to Vvardenfell. Imperial travelers are processed through its Census and Excise Office, and the Grand Pharos lighthouse guides mariners navigating the Inner Sea. Silt striders provide transport to major destinations across the island.","common, bitter_coast","port, village, Bitter Coast, House Hlaalu, Imperial Legion, Census and Excise, Grand Pharos, silt strider, Vvardenfell, Ascadian Isles, seaport",settlements
balmora,,"Balmora, meaning Stonewood in the Dunmeri tongue, is the district seat of House Hlaalu and Vvardenfell's second largest settlement after Vivec. Situated at the southern edge of the West Gash, it commands a strategic crossroads where the Ashlands, Bitter Coast marshes, and Ascadian Isles plantations converge. The Odai River divides the city into four districts: High Town on the eastern bluffs, the Commercial District, Labor Town to the west, and the Imperial Moonmoth Legion Fort just north. Though originally a Redoran stronghold, Hlaalu acquired the city through shrewd business and architectural maneuvering, transforming it into a prosperous mercantile hub reflecting their cosmopolitan values.","traveler, scholar, house_hlaalu, west_gash","Balmora is the district seat of House Hlaalu and Vvardenfell's second largest settlement. Located in the West Gash along the Odai River, it serves as a major mercantile hub. The city is divided into High Town, the Commercial District, Labor Town, and Moonmoth Legion Fort.",common,"Balmora, House Hlaalu, West Gash, Odai River, Moonmoth Legion Fort, High Town, Commercial District, Labor Town, Vvardenfell, Stonewood",settlements
vivec_city,City of Vivec,"Vivec City, the largest settlement on Vvardenfell, serves as the holy seat of the Tribunal Temple on the island. Named for the Warrior-Poet Vivec, who resides within its boundaries, the city is also called the City of Swords for the laws that cut citizens into better shape. Constructed across nine artificial cantons in Norvayn Bay on Vvardenfell's southern coast, each island-canton is a massive multi-tiered structure the size of a small town, connected by bridges and walkways over seawater canals. The cantons are organized into Underworks, Canalworks, Waistworks, and Plaza tiers. Ordinators, the Temple's militant order, police the city, though they avoid the Underworks. The Ministry of Truth, a celestial body suspended above the city by Vivec, looms as both a monument and a threat.","traveler, scholar, ascadian_isles, tribunal_temple","Vivec City is the largest city in Vvardenfell, situated on the southern coast. Named after the god Vivec, it is the holy seat of the Tribunal Temple on the island. The city consists of nine artificial cantons—massive multi-tiered buildings connected by bridges and walkways over water. Ordinators of the Temple serve as its guards. The Ministry of Truth floats above the city.","common, ascadian_isles, tribunal_temple","Vvardenfell, Ascadian Isles, Tribunal Temple, canton, Ordinators, Ministry of Truth, Norvayn Bay, Warrior-Poet, Baar Dau, artificial island",settlements
aldruhn,,"Ald'ruhn, meaning Elder Home in Dunmeri, is a major Vvardenfell district seat and the council seat of House Redoran, situated against the southwest slopes of Red Mountain just outside the Ghostfence. Daily ash storms bring the Blight to its doorstep. The manor district, Under-Skar, is built inside the hollowed shell of Skar, an ancient Emperor Crab slain by united Ashlander tribes and a forgotten hero. Before Redoran occupation, the site served as neutral meeting ground for the four Ashlander tribes. The Third Empire maintains Buckmoth Legion Fort at the city's southern edge, occasionally Imperializing the name as Old Run. Redoran councilors maintain expansive mansions within Skar, while high guard towers overlook the dusty settlement and its Bonemold-clad guards.","traveler, scholar, house_redoran, ashlands","Ald'ruhn is a major settlement on Vvardenfell and the council seat of House Redoran, located near Red Mountain and the Ghostfence. Its manor district, Under-Skar, is built inside the hollowed shell of an ancient Emperor Crab. The site formerly served as neutral meeting ground for Ashlander tribes. The Third Empire maintains Buckmoth Legion Fort nearby.","common, house_redoran, ashlands","Vvardenfell, House Redoran, Ashlands, Skar, Emperor Crab, Ghostfence, Red Mountain, Buckmoth Legion Fort, Ashlanders, Bonemold",settlements
sadrith_mora,,"Sadrith Mora, meaning ""Mushroom Forest,"" is the district seat of House Telvanni on a remote island in Zafirbel Bay. Accessible primarily by sea or teleportation, the settlement is built in distinctive Telvanni style: giant, magically-grown mushrooms forming dwellings, shops, and inns, all curving around the central tower of Tel Naga, home of Councilor Neloth. The Telvanni Council House sits to the north beyond the Great Market. By law, visitors require hospitality papers from the Gateway Inn to enter the town proper, though enforcement is lax. The Empire maintains a presence at Wolverine Hall to the south, housing local guilds and offering services to outlanders who might otherwise be unwelcome in Telvanni territory.","traveler, scholar, house_telvanni, azuras_coast","Sadrith Mora is the district seat of House Telvanni, located on an island in Zafirbel Bay. Accessible mainly by sea, its distinctive mushroom towers surround the central spire of Tel Naga. Visitors are technically required to obtain hospitality papers at the Gateway Inn before entering town. The Empire maintains a presence at the nearby Wolverine Hall fort.",common,"Sadrith Mora, House Telvanni, Tel Naga, Wolverine Hall, Zafirbel Bay, Vvardenfell, mushroom towers, Gateway Inn, Azura's Coast, Telvanni Council, Neloth, Imperial Fort",settlements
gnisis,,"Gnisis is the largest settlement in Vvardenfell's northwest, a kwama-mining and trading village built over the River Samsi along the sea bluffs of the West Gash. Under House Redoran jurisdiction, it features cave dwellings and Redoran architecture. The village centers on its Tribunal Temple, which houses the Ash Mask of Vivec and serves as the Shrine of Justice—a stop on the Pilgrimages of the Seven Graces commemorating Vivec saving refugees buried in gray ash. The Velothi tower of Arvs-Drelen crowns the cliff above the western gate. The Imperial Legion maintains Fort Darius, the northernmost Imperial fort on Vvardenfell, garrisoning the Orc and Imperial Deathshead Legion under General Darius, though much Legion business operates from rented Redoran quarters and the local tavern.","traveler, scholar, west_gash, imperial_legion, tribunal_temple","Gnisis is a kwama-mining and trading village in Vvardenfell's northwestern West Gash, built over the River Samsi. Under House Redoran's jurisdiction, it centers on a Tribunal Temple housing the Ash Mask of Vivec and serving as a stop on the Pilgrimages of the Seven Graces. The Imperial Legion garrisons the northernmost fort on Vvardenfell here, commanded by General Darius.","common, west_gash, imperial_legion","Vvardenfell, West Gash, House Redoran, Imperial Legion, Tribunal Temple, kwama mining, Fort Darius, Ash Mask of Vivec, Pilgrimages of the Seven Graces, Shrine of Justice, Deathshead Legion, River Samsi",settlements
caldera,,"Caldera is an Imperial charter town north of Balmora, built to service the nearby ebony mine. The settlement provides miners with homes, entertainment, and trade, featuring Imperial and Nordic architecture arranged in an inverse L-shape between two guard towers. The Caldera Mining Company fortress administers the town. Dunmer presence is minimal, but a large Orc contingent resides in Ghorak Manor. The mine operates on land claimed by House Redoran yet administered by House Hlaalu through the East Empire Company, causing significant inter-house friction. Local institutions include a Mages Guild branch, an Imperial Cult altar, and a clothier.","traveler, scholar, west_gash, east_empire_company","Caldera is an Imperial charter town north of Balmora, built to service the nearby ebony mine. It features Imperial and Nordic architecture and is administered by the Caldera Mining Company. A notable Orc population resides in Ghorak Manor. The town includes a Mages Guild branch, an Imperial Cult altar, and various merchants.","common, west_gash, east_empire_company","Caldera, Imperial charter town, ebony mine, Caldera Mining Company, House Hlaalu, House Redoran, Ghorak Manor, West Gash, East Empire Company, Orcs",settlements
ebonheart,,"Ebonheart is the seat of Imperial authority on Vvardenfell, governed by Duke Vedam Dren and the Grand Council from Castle Ebonheart. The Hawkmoth Legion and Imperial Guard garrison the fortress, while the East Empire Company operates adjacent docks and warehouses. Skyrim and Black Marsh maintain diplomatic missions here, the latter advocating for its enslaved citizens. The settlement occupies a strategic position in the Ascadian Isles, its administration deeply entwined with House Hlaalu, as the Duke serves as its Grandmaster. The name also belongs to the ancient mainland Dunmer city, ancestral seat of the Ra'athim Clan and historical rival to Mournhold, which lent its name to the Second Era's Ebonheart Pact.","traveler, scholar, imperial, ascadian_isles","Ebonheart is the seat of Imperial authority on Vvardenfell, where Duke Vedam Dren and the Grand Council govern the district from Castle Ebonheart. The Imperial garrison and East Empire Company operate here, and foreign diplomatic missions represent Skyrim and Black Marsh. The name also refers to an ancient mainland Dunmer city.","common, imperial, ascadian_isles","Ebonheart, Castle Ebonheart, Vvardenfell, Ascadian Isles, Imperial administration, Duke Vedam Dren, Grand Council, East Empire Company, Hawkmoth Legion, House Hlaalu, Ra'athim Clan, Old Ebonheart",settlements
mournhold,City of Light and Magic,"Mournhold, also called Mourning Hold, the City of Light and Magic, the City of Gems, and the City of Love and Charity, is a major mainland Morrowind city in the Deshaan region. As the district seat of Great House Indoril and the epicenter of the Tribunal Temple, it draws pilgrims and priests to Mournhold Temple, the palace of the god-king Almalexia. Both the city and its surrounding metropolis share her name. Built atop the underground ruins of Old Mournhold, it is perhaps the largest and oldest settlement in the province, renowned for its grand, majestic architecture despite a brooding reputation. It has long served as the capital of Morrowind.","traveler, scholar, mournhold, tribunal_temple","Mournhold is a major city in mainland Morrowind's Deshaan region. Known as the City of Light and Magic, it is the district seat of House Indoril and the epicenter of the Tribunal Temple. Pilgrims travel to Mournhold Temple, the palace of the god-king Almalexia. The city and its surrounding metropolis are also called Almalexia.","common, mournhold, tribunal_temple","Morrowind, Deshaan, House Indoril, Tribunal Temple, Almalexia, Mournhold Temple, Old Mournhold, pilgrimage, capital, mainland",settlements
solstheim,,"Solstheim, meaning Sun's Home, is a large island in the Sea of Ghosts north of Tamriel. The Snow Elves were its first inhabitants, building grand settlements that outlasted their mainland holdings. Nordic influence has traditionally dominated the island, which is home to the Skaal, a reclusive tribe maintaining ancient traditions. Southern Solstheim suffers from continuous ash deposits blown from Red Mountain on Vvardenfell, devastating once-fertile pine forests and settlements, while the northern reaches retain their harsh, frozen character.","traveler, scholar, solstheim, nord, skaal","Solstheim is a large, frigid island in the Sea of Ghosts north of Tamriel. Snow Elves were its first inhabitants, though Nordic influence has traditionally dominated. The Skaal tribe resides here, and ash from Red Mountain continually afflicts the island's southern half.","common, solstheim, nord, skaal","Solstheim, Sea of Ghosts, Nord, Skaal, Snow Elves, Red Mountain, Ashlands, Island, Northern Tamriel",regions
skaal,Skaal Tribe,"The Skaal are an isolated tribe of Nords inhabiting a village along Solstheim's Felsaad Coast, near Lake Fjalding. According to their oral traditions, they descend from Dragon Cult loyalists who survived a cataclysmic battle that severed Solstheim from the Skyrim mainland. This heritage and profound isolation fostered a distinct culture centered on the worship of the All-Maker. Unlike mainstream Nords, the Skaal strive to live in harmony with nature, relying entirely on the land for their needs and rarely accepting coin from travelers. Their settlement, the northernmost in Tamriel, consists of sturdy wooden homes arranged around a central Greathall. While they can be hospitable, Skaal Honor Guards clad in traditional Nordic mail vigilantly protect the village from intruders.","traveler, scholar, skaal, nord, solstheim","The Skaal are an isolated tribe of Nords dwelling in a village on Solstheim's Felsaad Coast. They diverge from mainstream Nordic culture by striving to live in harmony with nature, guided by their worship of the All-Maker. Their settlement, the northernmost in Tamriel, is defended by vigilant Honor Guards.","common, nord, solstheim","Skaal, Nords, Solstheim, Felsaad Coast, All-Maker, Dragon Cult, Lake Fjalding, tribe, isolated culture",cultures
raven_rock,,"Raven Rock is an East Empire Company mining colony founded in 3E 427 on the southern coast of Solstheim, within the Hirstaang Forest. Its establishment followed the discovery of a rich ebony deposit, and the settlement's economy depends entirely on extracting and shipping this ore to Windhelm. Construction took several months, and the population has grown to over thirty inhabitants, primarily Imperials and Nords drawn by the mine's wealth. A small contingent of Imperial soldiers remains to protect the valuable site from bandits. As a relatively new and remote outpost, Raven Rock's fortunes are tied directly to the Company's enterprise and the continued yield of the ebony mine.","traveler, scholar, raven_rock, east_empire_company, solstheim","Raven Rock is an East Empire Company mining colony founded in 3E 427 on the southern coast of Solstheim. The settlement exists primarily to extract ebony from a nearby rich mine, shipping the ore to Windhelm. Its small population consists mostly of Imperials and Nords drawn by the mining operation.","common, raven_rock, east_empire_company, solstheim","Solstheim, East Empire Company, ebony, mining, colony, Hirstaang Forest, Imperial, ebony mine, Windhelm, Morrowind, settlement",settlements
bitter_coast,,"The Bitter Coast is the humid, swampy southwestern shore of Vvardenfell, named for its salt marshes and lying nearest to the Morrowind mainland. Bounded by the West Gash mountains and the Inner Sea, it stretches from Khartag Point past the fishing village of Hla Oad and the Imperial outpost of Seyda Neen toward Vivec. Giant bull netch drift over stagnant pools and ragged trees, while divers brave slaughterfish and dreugh for kollops bearing pearls. The region is also known as the Smuggler's Coast; its secluded coves, hidden caves, and persistent fog provide ideal cover for smuggling operations tolerated by locals resentful of Imperial liquor taxes. Herbalists harvest abundant fungi and ampoule pods from the murky marshes.","traveler, scholar, bitter_coast","The Bitter Coast is a humid, largely uninhabited region of salt marshes and swamps along Vvardenfell's southwestern shore. It stretches from Khartag Point past Hla Oad and Seyda Neen toward Vivec. Known as the Smuggler's Coast for its hidden coves and fog cover, the region hosts bull netch, diverse fungi, and coastal dreugh.","common, bitter_coast","Vvardenfell, swamp, salt marsh, Seyda Neen, Hla Oad, Gnaar Mok, smuggling, West Gash, Inner Sea, netch, dreugh",regions
ascadian_isles,,"The Ascadian Isles are fertile, lush agricultural lowlands in southwestern Vvardenfell, predominantly governed by House Hlaalu. Benefiting from a temperate climate and moderate rainfall, the nutrient-rich region hosts numerous farms and plantations, including the Dren Plantation, where Hlaalu councilors exploit the soil and breed netch for leather. The scattered islands offer easy transit, save for Lake Amaya. Major settlements include Vivec, Castle Ebonheart, Suran, and Pelagiad, featuring a blend of Hlaalu, Velothi, and Imperial architecture. The region spans from Ebonheart north to the Ashlands past the Fields of Kummu, bordered by the Foyada Mamaea and the Daedric shrine of Ald Sotha.","traveler, scholar, ascadian_isles","The Ascadian Isles are fertile, temperate lowlands in southwestern Vvardenfell primarily controlled by House Hlaalu. Rich soil sustains numerous farms and plantations. Major settlements include Vivec, Castle Ebonheart, Suran, and Pelagiad, displaying mixed Hlaalu, Velothi, and Imperial architecture.","common, ascadian_isles","Vvardenfell, House Hlaalu, agriculture, plantations, Vivec, Ebonheart, Suran, Pelagiad, Lake Amaya, Dren Plantation, lowlands",regions
ashlands,,"The Ashlands form the largest contiguous region of Vvardenfell, a dry, inhospitable wasteland defined by stone obelisks, bubbling ash mires, and sparse, highly adapted flora like trama and fire fern. Frequent ash storms spread the Blight across the interior, which remains largely devoid of permanent settlements due to scarce water and vegetation. House Redoran holds the western margin around Ald'ruhn, while the Temple maintains the pilgrimage shrine at Maar Gan. The Urshilaku Ashlanders range the far northwest, and Ghostgate stands as the major fortified exception in the interior. Rogue Telvanni, bandits, and vampires encroach upon the remaining wastes, and scattered Dwemer and Daedric ruins dot the landscape.","traveler, scholar, ashlands, ashlander","The Ashlands are the largest region of Vvardenfell, a dry, inhospitable wasteland of stone obelisks, ash mires, and sparse vegetation. Frequent ash storms spread the Blight. House Redoran controls the western edge, the Urshilaku Ashlanders roam the northwest, and the interior is largely empty except for Ghostgate and scattered ruins.","common, ashlands, ashlander","Vvardenfell, Ashlands, Ashlander, Urshilaku, Redoran, Ghostgate, Maar Gan, Blight, Red Mountain, wasteland",regions
grazelands,,"The Grazelands, known as Sunna Guradan, are the pastoral plains of northeastern Vvardenfell, stretching from Falensarano north to the coast above Tel Vos and east to Zafirbel Bay, bounded by the Ashlands mountains to the west. Wickwheat and stoneflower dominate the flora, with hackle-lo shrubs flourishing in the south. Wild guar, alit, and shalk roam the grasslands, and Daedra including golden saints and ogrim wander the sparsely populated open. Most of the region falls under Temple authority. Nomadic Ashlanders form the primary population, anchored by the Ahemmusa and Zainab camps. House Telvanni maintains a growing presence through Tel Vos, Master Aryon's tower, and the settlement of Vos, positioning the House to make future claims. Significant ruins are few, limited to the Dwemer site of Nchuleft, the Daedric shrine Kushtashpi, and the strongholds Falensarano and Indoranyon.","traveler, scholar, grazelands, ashlander","The Grazelands, or Sunna Guradan, are the pastoral plains of northeastern Vvardenfell, bounded by the Ashlands to the west and Zafirbel Bay to the east. Wickwheat and stoneflower dominate the landscape. Sparsely populated, the region falls under Temple authority and is primarily inhabited by nomadic Ashlanders of the Ahemmusa and Zainab camps. House Telvanni maintains a growing presence through Tel Vos and Vos.","common, grazelands, ashlander","Vvardenfell, plains, Ashlanders, Ahemmusa, Zainab, House Telvanni, Tel Vos, wickwheat, Temple, Zafirbel Bay, Falensarano, Daedra",regions
molag_amur,,"Molag Amur is a vast, arid volcanic region forming the southern expanse of Vvardenfell's Ashlands, distinguished from the north by its surface lava rivers and pools. Its dark rock and ash overlays support sparse flora like trama root and fire petal, while hosting kagouti, alit, and frequent Daedra including atronachs and scamps. Foyadas serve as primary routes toward pilgrim sites at Mount Assarnibibi and Mount Kand. No Great House dominates; inhabitants are largely renegade mages, though House Telvanni claims a foothold at Tel Uvirith and the Erabenimsun Ashlander tribe occupies the east. Tribunal mythology holds the region was home to monsters born of Molag Bal and Vivec.","traveler, scholar, molag_amur, ashlander","Molag Amur is a vast, harsh volcanic region in southern Vvardenfell, distinguished from the northern Ashlands by its surface lava flows. The arid, ash-covered land hosts sparse vegetation, hostile wildlife, and frequent Daedra. Foyadas provide travel routes to important Tribunal pilgrim sites. No Great House controls the region, though Ashlanders of the Erabenimsun tribe dwell in its eastern reaches.","common, molag_amur, ashlander","volcanic, lava, foyada, ashlands, Vvardenfell, pilgrimage, Daedra, Erabenimsun, Mount Kand, Mount Assarnibibi, Arkngthand, Molag Mar",regions
azuras_coast,,"Azura's Coast encompasses the numerous islands south and east of Vvardenfell, stretching from the southern isles east of Ald Sotha northward along the eastern coast and Zafirbel Bay, including three southeastern peninsulas where a shrine to Azura stands. The region is also called the Telvanni Coast, reflecting House Telvanni's firm hold over its desolate, rocky terrain. Tel Mora, Tel Aruhn, Sadrith Mora, Tel Fyr, and Tel Branora are its principal settlements. Wizards, sorcerers, necromancers, and Ashlander Mabrigashes occupy Velothi ruins and caves throughout, while ancient Telvanni lords—often millennia old—treat the Tribunal as peers rather than gods. Imperial and Temple authority barely extends beyond Sadrith Mora. Ancestral tombs and Daedric shrines dot the islands, and bandits plague travelers despite regular rainfall and hardy flora.","traveler, scholar, azuras_coast","Azura's Coast is the island-dotted region south and east of Vvardenfell, named for a shrine to the Daedric Prince on its southeastern peninsulas. House Telvanni claims most of this desolate coast, where wizard towers, ancestral tombs, and Daedric ruins stand among rocky shores and scattered Ashlander camps.",common,"islands, Vvardenfell, House Telvanni, Zafirbel Bay, Daedric shrine, Ashlander, ancestral tombs, Sadrith Mora, eastern coast, rocky terrain",regions
sheogorad,Sheogorad Region,"Sheogorad is a wild maritime archipelago of approximately 28 islands in the Sea of Ghosts off Vvardenfell's northern coast. The region is defined by high pillar-like menhirs and treacherous submerged rocks that make marine navigation nearly impossible. Largely hostile and uninhabited, it experiences a colder climate than the Vvardenfell mainland. The sole accessible port, Dagon Fel, sits on the main island and can only be reached by skirting the region and approaching from the north.","traveler, scholar, sheogorad","Sheogorad is a rugged archipelago of roughly 28 islands in the Sea of Ghosts off northern Vvardenfell. Treacherous rocks and menhirs make sailing here extremely dangerous. The cold, largely uninhabited region is accessible only through Dagon Fel, its sole port on the main island.","common, sheogorad","archipelago, Sea of Ghosts, Vvardenfell, Dagon Fel, menhirs, islands, northern coast, maritime",regions
west_gash,,"The West Gash forms the western highlands of Vvardenfell, a vast corridor of rocky scrubland stretching from Balmora and the Odai River north to the Sea of Ghosts at Khuul. Bounded by the Bitter Coast to the west and the Ashlands to the east, its terrain features natural rock bridges and arches inland, transitioning to sparse northern highland forest. House Redoran holds traditional jurisdiction, with councilors governing its northern, western, and southern districts, though House Hlaalu's control of Balmora and the Imperial-chartered Caldera—whose mining company holds an ebony monopoly—creates persistent factional tension. Imperial presence is anchored by Fort Moonmoth and Fort Darius. Blighted creatures occasionally threaten travelers, while ruined Daedric shrines attract Orcish worshippers.","traveler, scholar, west_gash","The West Gash comprises the western highlands of Vvardenfell, stretching from Balmora north to the Sea of Ghosts. This rocky scrubland, marked by natural rock bridges, separates the Bitter Coast from the Ashlands. Notable settlements include Balmora, Caldera, Gnisis, and Khuul, with Imperial garrisons and ebony mining operations alongside traditional Redoran governance.","common, west_gash","Vvardenfell, West Gash, highlands, House Redoran, House Hlaalu, Caldera, Balmora, ebony, Imperial Legion, Daedric shrines, Gnisis, Khuul",regions
clockwork_city,Clockwork Realm,"The Clockwork City, also called the Brass-Throat, is the eponymous realm of Sotha Sil, crafted to replicate the mythic structures of Nirn in metallic miniature. Existing as a metaphysical plane within a seemingly mundane clockwork globe, its interior is an expansive mechanical world. It is regarded as an incomprehensibly powerful world-shaping device; altering the City may alter Tamriel itself. Accessible only via extraordinary magic—such as Barilzar's Mazed Band—the City is tended by Clockwork Apostles who seek to forge a perfected Second Nirn, free of Daedric influence. Its tunnels, filled with Dwemer-inspired machinery and Fabricants, represent the living god's ongoing endeavor to reshape the flawed Aedric creation.","scholar, esoteric, mage, tribunal_temple, mournhold","The Clockwork City is a legendary mechanical realm created by the god Sotha Sil. Hidden beneath Mournhold and accessible only by powerful teleportation magic, it is said to be a metallic simulacrum of Nirn. The Tribunal Temple guards knowledge of its existence, though its true purpose and inner workings remain a mystery to all but Sotha Sil's devoted followers.","esoteric, tribunal_temple, mournhold","Sotha Sil, Tribunal, Mournhold, Fabricants, Clockwork Apostles, Dwemer, metaphysical plane, Barilzar's Mazed Band, Nirn-Ensuing, Brass-Throat",locations
necrom,City of the Dead,"Necrom is one of the eight major mainland cities of Morrowind, perched on the Padomaic Ocean along the eastern edge of the Padomaic Crest. As the center of ancestor worship, it bears the moniker City of the Dead, yet it remains a teeming, bustling metropolis for commerce, pilgrims, and the mournful throughout day and night. While modern Dunmer have left many ancient customs behind, Necrom helps them reconnect with that lost part of their history and ancestry. The city is traditionally ruled by the Keepers of the Dead, a monastic order serving as caretakers of both the city and its vast necropolis. The Keepers answer to the authority of the Tribunal Temple, and the surrounding eastern coast falls under the domain of House Indoril. The city's cemeteries are known to harbor malevolent beings, requiring the faithful to bury their dead by daylight and depart before nightfall.","scholar, dunmer, tribunal_temple","Necrom is a major mainland city on Morrowind's eastern coast, renowned as the center of ancestor worship and called the City of the Dead. Despite its name, it bustles with commerce and pilgrims. The monastic Keepers of the Dead govern the city and its vast necropolis under the Tribunal Temple's authority, while House Indoril holds sway over the surrounding region.","common, traveler, dunmer, tribunal_temple","city, mainland, Padomaic-Ocean, Padomaic-Crest, ancestor-worship, necropolis, Keepers-of-the-Dead, House-Indoril, pilgrimage, cemetery, eastern-Morrowind",settlements
scrib,,"Scribs are the larval stage of the kwama, large insects native to Morrowind whose colonies form the basis of the Dunmer egg mining economy. Though not aggressive, scribs defend themselves by secreting a substance that induces paralysis. Scrib jelly is harvested as a common food and alchemical ingredient. The scrib's image appears on banners throughout Vvardenfell to denote nearby taverns, reflecting its deep cultural familiarity among the Dunmer.","traveler, scholar, hunter, dunmer","Scribs are the larval form of the kwama, large insects kept in colonies for their eggs. Though unaggressive, they can paralyze attackers. Scrib jelly is a common Dunmer food, and the scrib image marks tavern banners across Vvardenfell.",common,"kwama, larva, insect, Morrowind, Dunmer, paralysis, scrib jelly, tavern, egg mine, Vvardenfell",creatures
silt_strider,,"Silt Striders are giant arthropods native to Morrowind, towering up to sixty feet high. Their tough carapaces allow them to endure Vvardenfell's harsh environments and survive the Ash Blight that exterminated many native species. Domesticated by the Dunmer, they serve as the primary civilian transport across an elaborate network connecting the island's cities. Caravaners steer the creatures by directly manipulating exposed organs and tissues using specialized hooks. Since the arthropods lack natural cavities, passenger and cargo compartments are hollowed directly into their chitinous shells. Cities like Gnisis and Molag Mar maintain dedicated docks to facilitate trade shipments. Desiccated remains frequently dot the Ashlands, testament to the creatures' enduring presence in the region.","scholar, traveler, dunmer","Silt Striders are towering giant arthropods native to Morrowind, commonly used as the primary means of civilian transport across Vvardenfell. Dunmer caravaners steer them by manipulating exposed organs with specialized hooks. Passengers and cargo ride in compartments hollowed directly into the creatures' chitinous shells.",common,"arthropod, transport, Vvardenfell, caravaner, domesticated, Morrowind, Ashlands, travel",creatures
nix_hound,,"Nix-hounds are bloodsucking insectoid pack-hunters native to Morrowind, classified as arthropods related to kwama and nix-oxen. They use a proboscis to drain prey, leaving meat-husks for scavengers. Aggressive and fast, they ambush victims in the wild but can be tamed into loyal pets, trackers, and watch-hounds by skilled handlers. Their corrosive saliva demands caution, and they are vulnerable to ash mites and blight. Dunmer utilize nix-hound meat for food and chili, their eyes for trade, and their parts in tribal customs. House Hlaalu bred the Coldspring variant for foreign climates, while rogue nix-hounds present a larger, deadlier threat.","traveler, scholar, hunter, dunmer","Nix-hounds are bloodsucking insectoid pack-hunters native to Morrowind. Known for their speed and ambush tactics, they drain prey using a proboscis. Though dangerous in the wild, they can be tamed as loyal pets and trackers. Dunmer commonly use their sweet meat for food and their parts in various customs.","common, hunter, dunmer","creatures, arthropod, predator, pack-hunter, Morrowind, Dunmer, pet, blight, Ashlander, Hlaalu",creatures
kwama,"Kwama colony, Egg mine","Kwama are large insectoids native to Morrowind that live in underground communal colonies. Each colony centers on a single immobile queen, who produces all the nest's eggs, and is attended by workers who dig tunnels and maintain the brood. Foragers, aggressive worm-like scouts, search for new nesting sites and prey, while warriors protect the colony from invaders. The scrib is the larval form, capable of paralyzing threats. Dunmer operate egg mines to harvest kwama eggs as a dietary staple, making the creatures economically vital. Kwama are distant relatives of nix-hounds and susceptible to blight diseases, which increase their aggression.","traveler, scholar, hunter, merchant, dunmer","Kwama are large insectoids native to Morrowind that live in underground colonies. They have a rigid caste system: a queen produces eggs, workers dig tunnels, foragers scout, and warriors defend the nest. Scribs are their larval form. Dunmer heavily rely on egg mines to harvest kwama eggs for food.","common, hunter, merchant, dunmer","insectoid, Morrowind, colony, egg mine, caste, scrib, queen, worker, forager, warrior, blight",creatures
netch,"Bull netch, Betty netch","Netch are large, generally peaceful creatures native to Morrowind that float through the air supported by internal sacks of magical gases, resembling airborne jellyfish. Males, called bull netches, are larger than the more easily provoked females, known as betty netches. Their tentacles bear barbs with active nematocysts, making them deadly when threatened. During breeding season, threatened betty netches and calves secrete pheromone oils that drive bull netches into aggression. Netch feed on fungi using a chitinous beak. They are hunted by Dunmer for their leather and other materials. Whether netch descended from the smaller Swamp Jellies of Black Marsh or originated independently remains debated among scholars.","traveler, scholar, hunter, dunmer","Large floating creatures native to Morrowind, netch resemble airborne jellyfish buoyed by internal gas sacks. Dunmer hunt them for their valuable leather. The larger males are called bull netches, while the smaller, more easily provoked females are known as betty netches. Though generally peaceful, their tentacle barbs can be deadly.",common,"creatures, Morrowind, airborne, jellyfish, cattle, leather, hunting, gas, tentacles, betty, bull",creatures
guar,,"Guar are large bipedal omnivorous reptiles native to Morrowind and Black Marsh, serving as the primary domesticated herd animals of these provinces. Characterized by endurance and intelligence, they are essential as pack beasts and mounts for Velothi ranchers and Ashland nomads, and are raised for their hides, meat, and eggs. Though usually docile, wild guar can be territorial. They are kin to the alit and kagouti, and numerous breeds exist, from the common freckled guar to the rare albino white guar, which features prominently in Ashlander prophecies. Dunmer traditionally employ Saxhleel slaves as guar-herds, though whether the species originated in Black Marsh or Morrowind remains disputed.","scholar, traveler, hunter, merchant, dunmer","Guar are large bipedal reptiles native to Morrowind and Black Marsh. They are the primary domesticated herd animal of these regions, widely used as pack beasts and mounts. Dunmer raise them for hides, meat, and eggs. Usually docile, wild guar can become aggressive. Rare white guar hold significance in Ashlander prophecies.",common,"guar, reptile, beast of burden, pack animal, mount, livestock, Morrowind, Black Marsh, Ashlander, white guar, breed",creatures
cliff_racer,,"Cliff racers are large, legless flying reptiles that dominate the skies of Morrowind. Recognizable by the prominent vertical sails along their spines and their lengthy tails, they include species such as the long-tailed and girdle-tailed varieties. Closely related to cliff striders and cliff darters, these creatures are notorious for their aggressive disposition and keen vision. They often detect travelers from great distances, descending in relentless swarms upon the unwary. Their pervasive presence makes them a constant hazard for hunters and Dunmeri travelers alike, earning them a widespread and bitter notoriety across the province.","scholar, traveler, hunter, dunmer","Cliff racers are large, aggressive flying reptiles ubiquitous across Morrowind. Distinguished by their legless bodies, long tails, and prominent vertical sails, they are a constant menace to travelers. With keen eyesight, they detect intruders from afar and attack in relentless swarms, making any journey through the province perilous.",common,"cliff racers, flying reptiles, Morrowind wildlife, pests, cliff striders, aggressive creatures",creatures
ash_vampires,Dagoth Ash Vampires,"Ash Vampires are powerful, high-ranking servants of Dagoth Ur, transformed through deep communion with his divine power and Corprus. Unlike lesser ash creatures, they retain considerable intelligence and arcane capability, serving as generals and lieutenants within House Dagoth. They are most commonly encountered within the Ghostfence and Red Mountain citadels, where they guard their master's strongholds and enact his will. Their distorted physiology reflects their profound connection to the Heart of Lorkhan.","scholar, esoteric, house_dagoth, red_mountain","Ash Vampires are powerful, corrupted servants of Dagoth Ur. Transformed by his power and the Corprus disease, they serve as elite guardians and leaders within House Dagoth, primarily found in the Red Mountain region.","esoteric, house_dagoth, red_mountain","ash vampire, dagoth ur, house dagoth, red mountain, corprus, sixth house, ash creature, blight",creatures
werewolves,Lycanthropes,"Werewolves are individuals afflicted with Sanies Lupinus, a contagious disease that transforms them into powerful, bloodthirsty beasts. During transformation, the subject's anatomy radically shifts: the heart swells first, followed by significant lengthening of the arms and feet, and the development of formidable claws. They exhibit severe bloodlust and stand notably taller than an Orc. Silver weapons are highly effective against them, while wolfsbane and belladonna prove toxic. The condition is widely feared across Tamriel, with active populations documented in regions like Skyrim and Morrowind, particularly on the island of Solstheim, where the Skaal have long contended with their presence.","scholar, hunter, skaal, solstheim","Werewolves are fearsome beasts afflicted with the contagious disease Sanies Lupinus. They stand taller than an Orc and possess immense strength, lethal claws, and a severe bloodlust. Silver weapons are notably effective against them, while wolfsbane and belladonna act as potent toxins. They are especially prevalent in Skyrim and on the island of Solstheim.","common, hunter, skaal, solstheim","beasts, lycanthropy, sanies lupinus, hircine, solstheim, skaal, silver, disease, werewolf, bloodlust",creatures
magicka,Magic,"Magicka is the raw arcane energy flowing from Aetherius into Mundus through the sun and stars, remnants of Magnus and the Magna Ge's departure from creation. Described as an aspect of the soul and the very sinews holding the planes together, it accumulates within mortals and is channeled to cast spells, enchant, and practice alchemy. A spellcaster's total magicka reserve is governed by their intelligence and racial or astrological affinities. Despite millennia of study by the Psijic Order and other scholars, fundamental mysteries regarding its generation and flow remain unresolved, and certain rare effects and artifacts can negate or silence its use entirely.","scholar, traveler, mage","Magicka is the raw energy used to cast spells and practice the arcane arts. It flows into Mundus from Aetherius through the sun and stars, and resides within all living souls. A spellcaster's available magicka is determined by their intelligence, and it naturally replenishes with rest.",common,"magic, magicka, aetherius, magnus, spellcasting, energy, arcane, mana, enchanting, alchemy",magic
enchanting,Enchantment,"Enchanting is the discipline of imbuing physical objects with magical properties, typically by trapping souls within soul gems to power the effect. Raven Direnni formalized the art in the First Era with her Rules of Eldritch Binding, dramatically reducing prior failure rates, though earlier grand enchanters like Ahzidal preceded her. The Ayleids extensively enchanted their possessions, and such durable artifacts remain highly prized. Vanus Galerion later standardized enchanting tools for public use, though he restricted their automation after laymen created dangerous objects. Today, the Mages Guild limits enchanting practice to higher-ranking members due to the temptation of Black Soul Gems. The craft overlaps with smithing, particularly in imbuing ebony with Daedric essences to forge Daedric gear. A skilled enchanter acts as a catalyst, drawing far greater power from an item than a novice could.","scholar, mage, smith","Enchanting imbues objects with magical effects, usually by trapping souls in soul gems to power them. The Mages Guild restricts the practice to trusted members due to the dangerous temptation of Black Soul Gems. Skilled enchanters draw far greater power from an item than novices, and Ayleid enchanted artifacts remain highly prized possessions.","common, mage","magic, enchanting, soul gems, enchantments, Raven Direnni, Ayleid, Mages Guild, Vanus Galerion, Battlespire, Daedric, Sigil Stones",magic
alchemy,,"Alchemy is the art and science of identifying the magical properties inherent in ingredients and combining them to produce potions with diverse temporary or permanent effects, such as healing, curing disease, water-walking, magical shielding, and fortifying bodily attributes. A practitioner's skill determines the range of properties they can discern in a given substance, the likelihood of successfully brewing a potion, and the resulting magnitude and duration of its effects. The potency of crafted concoctions is further influenced by the quality of the apparatus employed—such as retorts, calcinators, alembics, and mortars—and the practitioner's intelligence and luck. It remains a potentially powerful discipline for those who master its intricacies.","scholar, alchemist, healer, mage","Alchemy is the practice of identifying the magical properties within ingredients and brewing them into potions. These concoctions can produce various effects, such as healing, curing disease, or fortifying attributes. A practitioner's skill determines how many properties they can discern in an ingredient and the potency of the resulting mixture.",common,"alchemy, potions, ingredients, apparatus, magic, healing, crafting, disciplines",alchemy
soul_gems,Soul gem,"Soul gems are morpholiths used to bind souls at the moment of death, providing the vital energy required for enchanting, recharging magical items, animating constructs, or fueling destructive spells. Conventional gems shatter upon use, their capacity consumed by the binding. Lore holds that Molag Bal invested a portion of his power in their creation, and black variants are said to be refined in Coldharbour for greater efficiency. Azura's Star is a unique, indestructible relic that functions as a reusable vessel. The value of a filled gem corresponds to the trapped entity's power multiplied by the empty gem's base worth.","scholar, mage","Soul gems are specialized morpholiths used to trap the souls of creatures at the moment of death. The captured vital energy is essential for enchanting, recharging magical items, and animating constructs. Standard gems are consumed upon use, though the legendary Azura's Star serves as a reusable vessel.","common, mage","enchanting, soul trapping, morpholiths, Molag Bal, Azura's Star, conjuration, necromancy, magical foci",magic
divine_intervention,,"Divine Intervention is a Mysticism spell that instantly transports the caster to the nearest Imperial Cult shrine, typically located within an Imperial Legion fort. It serves as both an emergency escape and a rapid transit method across Morrowind, connecting sites such as Buckmoth, Moonmoth, and Ebonheart forts, Fort Pelagiad, Wolverine Hall, and the garrisons at Gnisis and Fort Frostmoth. The spell's alignment with the Imperial Cult reflects the syncretic religious framework established under the Empire, providing faithful and travelers alike with divine safeguard and swift passage to consecrated ground.","priest, scholar, imperial_cult","Divine Intervention is a Mysticism spell that instantly transports the caster to the nearest Imperial Cult shrine, usually within an Imperial Legion fort. It provides swift travel or escape to consecrated ground at forts across Morrowind, including Ebonheart, Buckmoth, Moonmoth, Pelagiad, Wolverine Hall, and frontier garrisons.","common, imperial_cult, priest","magic, spells, imperial_cult, intervention, teleportation, mysticism, shrines, imperial_legion, travel",magic
almsivi_intervention,,"Almsivi Intervention is a mysticism spell of great significance to the Tribunal Temple, invoking the power of the Almsivi to instantly transport the caster to the nearest Tribunal sanctuary. Devotees employ this miracle both as a desperate escape from peril and as a swift conveyance along pilgrimage routes, arriving directly at temple grounds in settlements such as Vivec, Balmora, Ald'ruhn, Gnisis, Molag Mar, and Mournhold. The spell's existence reflects the Temple's doctrine of the Tribunal's guardianship, providing the faithful with a tangible manifestation of divine protection and a practical link to their holy sites across Vvardenfell and beyond.","priest, scholar, tribunal_temple","Almsivi Intervention is a mysticism spell that instantly transports the caster to the nearest Tribunal Temple. Devout followers of the Almsivi use this miracle for swift travel or to escape danger, arriving safely at sanctuaries in major settlements like Vivec, Balmora, Ald'ruhn, Gnisis, Molag Mar, and Mournhold.","common, tribunal_temple, priest","magic, spell, intervention, ALMSIVI, Tribunal, Tribunal Temple, teleportation, mysticism, shrine, pilgrimage",magic
mark_and_recall,"Mark spell, Recall spell","Mark and Recall form a paired system of Mysticism spells enabling instantaneous long-distance transport. The Mark spell anchors a single locational reference point, visible on local maps, while Recall teleports the caster back to that fixed point from any range. Only one Mark can be sustained at a time; recasting it overrides the previous anchor. Without an established Mark, Recall produces no effect. This paired magic is highly valued by mages and travelers for rapid transit and emergency escape, representing a practical application of the school's principles governing spatial manipulation and teleportation.","scholar, mage, traveler","Mark and Recall are paired Mysticism spells for instantaneous travel. Mark places a single stationary anchor at the caster's location, while Recall teleports the caster back to that anchor from any distance. Only one Mark can exist at a time, and Recall fails without a prior anchor.","common, mage, traveler","magic, Mysticism, teleportation, travel, spells, Mark, Recall, intervention",magic
propylon_chambers,"Propylon Indexes, Dunmer stronghold travel","The Propylon Chambers are ancient teleportation devices housed within the ten Dunmer strongholds of Vvardenfell. Each chamber connects to neighboring strongholds through a network of magical pathways, enabling instantaneous transit across considerable distances. The system requires a Propylon Index—a specialized focusing crystal keyed to a specific destination—to activate transit to that stronghold. Without the appropriate index, the propylon remains inert. The indices are rare and scattered, their locations often unknown or guarded. The network stands as a testament to Dunmer architectural and arcane achievement, though much of its operational knowledge has been lost over the centuries, leaving the chambers largely dormant and their full potential unrealized.","scholar, esoteric, mage, dunmer","Ancient teleportation chambers built within the Dunmer strongholds of Vvardenfell. The propylon network permits instantaneous travel between strongholds, though each destination requires its corresponding Propylon Index to activate. Most chambers now lie dormant, their indices lost or scattered.","esoteric, scholar, dunmer","teleportation, Dunmer strongholds, Vvardenfell, Propylon Indices, ancient magic, travel network, Dunmer architecture, focusing crystals, strongholds, arcane devices",magic
kagrenacs_tools,"Tools of Kagrenac, Kagrenac's profane tools","Kagrenac's Tools are three legendary Dwemer artifacts—Wraithguard, Keening, and Sunder—forged by Lord Kagrenac to tap the divine power of Lorkhan's Heart. Wraithguard is a protective gauntlet, Sunder a hammer to strike the heart and draw power, and Keening a blade to flay and focus that power. Kagrenac's use of these tools during the Battle of Red Mountain coincided with the complete disappearance of the Dwemer. Recovered by Lord Nerevar and Voryn Dagoth, the tools became the center of a fatal dispute. The Tribunal later broke their oath and used them to attain godhood, while Dagoth Ur's unguarded exposure fused him to the Heart. The Dissident Priests consider these artifacts cursed, arguing that their corrupting influence has doomed both the Tribunal and Dagoth Ur.","scholar, esoteric, dwemer, mage, house_dagoth, tribunal_temple","Kagrenac's Tools are three Dwemer artifacts—Wraithguard, Keening, and Sunder—created to draw upon the divine power of Lorkhan's Heart. Their use at the Battle of Red Mountain coincided with the disappearance of the Dwemer. The Tribunal later used them to attain godhood, though many consider the tools cursed and inherently corrupting.","esoteric, dwemer, tribunal_temple","artifact, dwemer, lorkhan, heart, tribunal, dagoth_ur, wraithguard, keening, sunder, red_mountain, kagrenac",artifacts
keening,Kagrenac's dagger,"Keening is a legendary Dwemer short blade forged by Lord Kagrenac, Tonal Architect of the lost Dwemer race. Alongside Sunder and Wraithguard, it forms the essential toolset required to tap the mythic power of the Heart of Lorkhan. Following the Battle of Red Mountain, the Tribunal claimed the tools, though Keening and Sunder were eventually lost during a Third Era pilgrimage to the Heart. The blade now rests within the Odrosal citadel, deep within the Red Mountain region. Keening channels profound tonal resonances; to wield it barehanded is to suffer immediate mortal devastation, necessitating Wraithguard's protective enchantment to safely harness its power.","scholar, esoteric, dwemer, mage, house_dagoth","Keening is a legendary Dwemer dagger forged by Lord Kagrenac. Together with Sunder and Wraithguard, it is one of the three tools required to handle the Heart of Lorkhan. The Tribunal once possessed these artifacts after the Battle of Red Mountain, but Keening was later lost and remains hidden within the Red Mountain region.","esoteric, dwemer","artifact, Dwemer, Kagrenac, Tonal Architecture, Heart of Lorkhan, Keening, Sunder, Wraithguard, Red Mountain, House Dagoth, Odrosal, Almsivi",artifacts
sunder,Kagrenac's hammer,"Sunder is a legendary Dwemer hammer crafted by Lord Kagrenac, Tonal Architect of the Dwemer. Alongside Keening and Wraithguard, it forms the toolset necessary to manipulate the Heart of Lorkhan. Following the Battle of Red Mountain, the Almsivi claimed all three tools, though Sunder and Keening were eventually lost during a Third Era pilgrimage to the Heart. The hammer currently resides within Vemynal, held by Dagoth Vemyn of the Sixth House. Without the protective ward of Wraithguard, handling Sunder inflicts a lethal mortal wound upon the wielder.","scholar, esoteric, dwemer, mage, house_dagoth","Sunder is a legendary Dwemer hammer crafted by Lord Kagrenac to manipulate the Heart of Lorkhan. Alongside Keening and Wraithguard, it is essential for tapping the Heart's divine power. Following the Battle of Red Mountain, the Almsivi acquired the tools, but Sunder was later lost and fell into the hands of House Dagoth. It cannot be safely wielded without Wraithguard.","esoteric, dwemer, house_dagoth","artifact, Dwemer, Kagrenac, Tonal Architecture, Heart of Lorkhan, Keening, Wraithguard, House Dagoth, Dagoth Vemyn, Red Mountain, hammer",artifacts
wraithguard,Kagrenac's gauntlet,"Wraithguard is a legendary Dwemer gauntlet crafted by Lord Kagrenac, the Tonal Architect of the Dwemer. Designed to safely handle the profane tools Keening and Sunder, it is essential for any mortal seeking to tap the mythopoeic energies of the Heart of Lorkhan. Vivec holds the functioning right-hand version, offering it to the Nerevarine for the assault on Red Mountain. Should Vivec perish before bestowing it, the inactive artifact can be recovered and brought to the last living Dwarf, Yagrum Bagarn, who can harmonize it using Kagrenac's journal and planbook; however, activating this jury-rigged version without divine safeguards inflicts severe and permanent harm upon the wielder.","scholar, esoteric, dwemer, mage, house_dagoth, tribunal_temple","Wraithguard is a legendary Dwemer gauntlet created by Lord Kagrenac. It allows mortals to safely handle Keening and Sunder, the tools required to manipulate the Heart of Lorkhan. Vivec possesses the functioning right-hand gauntlet and grants it to the Nerevarine.","esoteric, dwemer, tribunal_temple","Dwemer artifact, Kagrenac, Heart of Lorkhan, Keening, Sunder, Vivec, Yagrum Bagarn, Tonal Architecture, mythopoeic enchantments, gauntlet, Red Mountain",artifacts
moon_and_star,Nerevar's ring,"Moon-and-Star, formally the great Ring of the Ancestors One-Clan-Under-Moon-and-Star, is a Dwarven ring belonging to the Chimer hero Nerevar. Forged by a smith of the Dwemer Sorcerer-priest Kagrenac and blessed by the Daedric Goddess Azura, it grants its wearer supernatural powers of persuasion. It also serves as indisputable proof of identity, as any unauthorized person who attempts to wear it is killed instantly. Through this artifact, Nerevar united the warring Chimer clans and forged the First Council alongside the Dwemer. In the context of the Nerevarine Prophecies, the ring is the decisive test of identity; only the true reincarnation of Nerevar can wear it and live, providing the authority to again unite the Great Houses and Ashlander clans against Dagoth Ur.","scholar, esoteric, ashlander, tribunal_temple, dunmer","Moon-and-Star is the legendary Dwarven ring of the Chimer hero Nerevar. Blessed by Azura, it grants supernatural powers of persuasion but kills any wearer who is not Nerevar. Ashlander traditions hold that only Nerevar's reincarnation can safely don the ring, making it the ultimate proof of identity in the Nerevarine Prophecies.","esoteric, ashlander, tribunal_temple, dunmer","Azura, Chimer, Dwarven artifact, Kagrenac, Nerevar, Nerevarine Prophecies, One-Clan-Under-Moon-and-Star, Ring, First Council, Great Houses, Ashlanders, Dagoth Ur",artifacts
azuras_star,Star of Azura,"Azura's Star is a Daedric artifact created by the Daedric Prince Azura, serving as her prominent symbol. Sometimes called the Twilight Star, it appears as an intricately designed gemstone with eight star-like prongs. In the right hands, it functions as a reusable soul gem of almost unlimited capacity, capturing white souls. Upon use, the trapped soul is freed to journey to Oblivion, emptying the vessel for reuse. This legendary power makes the Star highly sought by mages and assassins. Some believe it can turn living creatures into statues. Mortals once corrupted it to trap black souls, creating the Black Star. Those who wield the artifact are known to Azura's faithful as Star-Bearer.","priest, scholar, daedra, mage","Azura's Star is a legendary Daedric artifact and symbol of the Daedric Prince Azura. It functions as a reusable soul gem of almost unlimited capacity, making it highly prized by enchanters. The faithful call its wielder the Star-Bearer.","common, daedra, priest","Daedric artifact, Azura, soul gem, enchanting, Twilight Star, Star-Bearer, Daedra worship, magic",artifacts
trueflame,Flame of Nerevar,"Trueflame, the Blade of Nerevar, is a legendary one-handed Dwemer sword from the early First Era. Crafted alongside its twin Hopesfire, the blades represented the pinnacle of Dwemer smithing and bore unearthly fire enchantments. The Dwemer King Dumac presented them as wedding gifts to Lord Indoril Nerevar and Almalexia. Trueflame was shattered during the Battle of Red Mountain circa 1E 700, and its fragments were subsequently lost to history. Tribunal doctrine holds that the weapon possesses the capacity to slay a god, provided it is wielded by one of noble intent. Despite its destruction, the shattered blade remains a potent symbol of Nerevar's legacy and the First Council era.","scholar, esoteric, dunmer, tribunal_temple, mournhold, smith, dwemer","Trueflame, the Blade of Nerevar, is a legendary Dwemer sword bearing powerful fire enchantments. Given as a wedding gift to Lord Indoril Nerevar and Almalexia by the Dwemer King Dumac, it was shattered during the Battle of Red Mountain circa 1E 700. Its fragments remain lost, though Temple doctrine holds that one of noble intent could use the blade to slay a god.","esoteric, dunmer, tribunal_temple","artifact, sword, Dwemer, Nerevar, Almalexia, Dumac, Hopesfire, Red Mountain, flame, one-handed, legendary weapon",artifacts
hopesfire,Blade of Almalexia,"Hopesfire, also called the Blade of Almalexia, is a one-handed Dwemeri sword from the early First Era. Forged alongside its twin Trueflame, it represents the pinnacle of Dwemer craftsmanship and bears an unearthly fire enchantment. The Dwemer King Dumac presented the blade to Almalexia as a wedding gift upon her union with Lord Indoril Nerevar. While Trueflame belonged to Nerevar, Hopesfire became the iconic weapon of the Goddess of Mercy herself, serving as a symbol of her enduring authority and divine stewardship over Morrowind.","scholar, esoteric, tribunal_temple, mournhold, smith","Hopesfire is a legendary Dwemeri blade bearing a powerful fire enchantment. Created in the early First Era alongside its twin, Trueflame, the sword was given to Almalexia as a wedding gift from the Dwemer King Dumac. It remains closely associated with the goddess.","esoteric, tribunal_temple, mournhold","Hopesfire, Blade of Almalexia, Trueflame, Dwemer, Almalexia, Nerevar, Dumac, artifact, sword, First Era",artifacts
umbra,Umbra Sword,"Umbra is a renowned enchanted longsword of considerable power, currently wielded by a weary Orc warrior who has taken the weapon's name as his own. The blade is infamous for its devastating enchantments, which some attribute to Daedric origins. The Orc, found in the Molag Amur hills near Suran, claims to have grown world-weary after a lifetime of killing. He now seeks a worthy adversary to grant him a warrior's death in combat. Whether the sword's nature contributes to its bearer's existential despair remains a matter of speculation, though such cursed blades are not unknown in Tamrielic lore.","scholar, esoteric, daedra, warrior, mage","Umbra is a powerful enchanted sword wielded by an Orc warrior of the same name. The weary swordsman dwells in the hills near Suran, seeking a warrior's death in combat. The blade itself is feared for its devastating power in battle.","esoteric, warrior","artifact, sword, Umbra, Orc, Suran, Molag Amur, enchanted weapon, Daedric, cursed blade, longsword",artifacts
chrysamere,Paladin's Blade,"Chrysamere, the Paladin's Blade, is an ancient adamantium claymore renowned as one of Tamriel's most powerful artifacts. Forged in the late Merethic Era by the Breton swordsmith Asterie Bedel, it synthesizes the craft of man and mer, bearing her maker's mark—a mage's knot—within its heart. Unlike weapons of pure destruction, Chrysamere's enchantments are profoundly defensive, healing its wielder, granting fire resistance, and reflecting hostile spells. The blade does not favor a single champion for long, instead passing between worthy hands. Revered as a holy weapon, it has accumulated many titles, including the Sword of Heroes, the Sword of Kings, and the Blade of Blades.","scholar, warrior, smith","Chrysamere, the Paladin's Blade, is an ancient adamantium claymore and a revered holy weapon. Forged by the Breton swordsmith Asterie Bedel, it is famed for its powerful defensive enchantments, which heal the wielder, resist fire, and reflect spells rather than merely dealing destruction.","common, traveler, warrior, scholar","artifact, claymore, adamantium, Breton, Asterie Bedel, paladin, defensive magic, healing, spell reflection, holy weapon, Merethic Era",artifacts
ebony_mail,Mail of Boethiah,"The Ebony Mail, also called the Mail of Boethiah, is a legendary Daedric cuirass and sacred relic of the Tribunal Temple. According to Temple doctrine, it rests at the shrine atop Mount Assarnibibi, a site where Molag Bal oversaw the ninety-nine lovers of Boethiah who gave birth to Almalexia. The artifact is deeply intertwined with both Daedric and Tribunal veneration. Only Temple members who have completed the Pilgrimages of the Four Corners and attained Master rank are directed to undertake this final pilgrimage by the Archcanon. Upon activating the mountain's shrine, the Mail is bestowed directly to the pilgrim, a profound honor traditionally culminating in elevation to Patriarch.","priest, scholar, daedra, warrior","The Ebony Mail, or Mail of Boethiah, is a legendary Daedric cuirass venerated as a sacred relic by the Tribunal Temple. It is believed to rest at the shrine atop Mount Assarnibibi, a holy site tied to Boethiah and the birth of Almalexia. The Temple restricts pilgrimage for the Mail to those of high rank who have completed the Four Corners pilgrimages.","common, daedra, priest","artifact, Boethiah, Daedric, armor, Tribunal Temple, Mount Assarnibibi, ebony, cuirass, Almalexia, pilgrimage, relic",artifacts
spear_of_bitter_mercy,Bitter Mercy,"The Spear of Bitter Mercy, also called the Huntsman's Spear or the Spear with Five Points, is a Daedric artifact of enigmatic origin. Though forged by Mehrunes Dagon for the Ritual of the Innocent Quarry, it is now closely associated with Hircine, who wields it as Alrabeg the Hunter. Imbued with maleficent energies that can instantly slay all but the highest Daedra Lords, its use is strictly bound by the rules of the Great Hunt. Sheogorath currently possesses the weapon, though how he acquired it remains unknown. The spear grants its wielder a magical shield and the ability to summon storm atronachs.","scholar, esoteric, daedra, hunter, warrior","The Spear of Bitter Mercy is a legendary Daedric artifact associated with the Great Hunt. Forged by Mehrunes Dagon but most closely linked to Hircine, it possesses lethal enchantments and can summon storm atronachs. Its use is bound by strict rules, and it is currently in Sheogorath's possession.","esoteric, daedra, hunter, warrior","artifact, spear, daedric, Hircine, Mehrunes Dagon, Sheogorath, Great Hunt, weapon, Daedric Prince, enchantment",artifacts
daedric_crescent,Crescent Blade,"The Daedric Crescent Blade is a Daedric artifact created by Mehrunes Dagon. During the Imperial Simulacrum, numerous Crescents were wielded by his forces to capture the Battlespire; one, the Sword of the Moon Reiver, was used to banish Dagon from his own realm. When the Empire reclaimed the ruined academy, the Crescents were gathered and destroyed—all but one. Unknown to the Empire, this sole surviving blade remains hidden in Magas Volar, carried by the Dremora Lord Dregas Volar. The weapon slows its target, paralyzes victims, and heavily degrades armor, while occasionally manifesting unexplained green energy.","scholar, esoteric, daedra, warrior","The Daedric Crescent Blade is a Daedric artifact created by Mehrunes Dagon. Though many such blades were used during the fall of the Battlespire and later destroyed by the Empire, one is rumored to survive, hidden and carried by a Dremora Lord. It inflicts paralysis, slows targets, and heavily degrades armor.","esoteric, daedra, warrior, scholar","Mehrunes Dagon, Daedric artifact, Battlespire, Dregas Volar, Magas Volar, weapon, Moon Reiver, Daedric Crescent, Imperial Simulacrum, enchantment",artifacts
mazed_band,Barilzar's Mazed Band,"The Mazed Band is a cursed ring of immense power created by the Clockwork Apostle Barilzar in the mid-Second Era. Designed to teleport multiple individuals across dimensions, its capabilities far exceeded its creator's intent, proving capable of opening rifts in time and space and breaching the gates of Oblivion. To prevent this catastrophic potential, the ring was cursed and stripped of its power so that only a god could safely wield it without being destroyed. This curse presumably killed Barilzar, though he endured as an undead lich, sealed within an abandoned crypt in Old Mournhold alongside his creation. The Tribunal Temple remains aware of the artifact's dangerous existence.","scholar, esoteric, mage, tribunal_temple, mournhold","The Mazed Band is a cursed ring of immense power created by the mage Barilzar in the Second Era. Originally designed to teleport groups across dimensions, it could also tear rifts in space and open Oblivion gates. Cursed so only a god can use it safely, the ring is sealed with its undead creator in Old Mournhold.","esoteric, mage, tribunal_temple, mournhold","artifact, ring, Barilzar, Mournhold, teleportation, Oblivion, cursed, Clockwork Apostles, Tribunal Temple, Old Mournhold, lich",artifacts
mace_of_aevar_stone_singer,Aevar's Mace,"The Mace of Aevar Stone-Singer is a revered Skaal artifact forged of stalhrim. Skaal legend holds that the hero Aevar wielded it to amplify the Song of the Earth, restoring the Gift of the Earth and making Solstheim fertile once more. The weapon inflicts severe frost damage upon foes but is extraordinarily heavy. Traditionally, it is bestowed only upon those who complete the Ritual of the Gifts, a sacred pilgrimage across Solstheim. No outsider is known to have received it.","scholar, esoteric, skaal, nord, solstheim","A revered Skaal artifact of stalhrim, the Mace of Aevar Stone-Singer is traditionally awarded to those who complete the Ritual of the Gifts, a sacred Solstheim pilgrimage. Legend says the hero Aevar used it to restore the land's fertility.","esoteric, nord, solstheim","Skaal, Nord, Solstheim, Stalhrim, Artifact, Aevar Stone-Singer, Ritual of the Gifts, Frost Magic, Weapon, Legend",artifacts
dark_brotherhood,,"The Dark Brotherhood is a secretive guild of assassins operating across Tamriel, considered a schismatic offcast of the Morag Tong since a rebellion in the Second Era. The two organizations remain bitter enemies. The Brotherhood reveres the Dread Father Sithis, the personification of chaos and the Void, and accepts both brothers and sisters as equals. Their rumored headquarters is the Nightside Asylum. On Vvardenfell, the Brotherhood has expanded through an alliance with Dagonites—cultists of Mehrunes Dagon—who provide them strongholds. Their local leader is Night Mother Severa Magia, operating from Ald Sotha. The Brotherhood previously stole the Threads of the Webspinner from the Morag Tong. Contacts like the enchanter Miun-Gei and agents like Tsrazami facilitate their operations against the Tong.",scholar,"The Dark Brotherhood is a notorious guild of assassins active across Tamriel. They broke from the Morag Tong during the Second Era, and the two factions have been bitter rivals ever since. The Brotherhood worships Sithis, the Void, and operates from hidden sanctuaries to conduct their illegal trade across the continent.","common, traveler","assassins, Morag Tong, Sithis, Mehrunes Dagon, Night Mother, Dagonites, Vvardenfell, Mournhold, Tsrazami, Miun-Gei, Nightside Asylum",factions
great_houses,"Dunmer Great Houses, Houses of Morrowind","The Great Houses are the dominant political factions of Morrowind, functioning as parties rooted in ancient Dunmer tribal clans. Five Houses currently rule through the Grand Council: Hlaalu, Redoran, Telvanni, Indoril, and Dres. Each possesses distinct cultural values; Redoran honors martial duty and piety, Hlaalu embraces Imperial trade, Telvanni pursues arcane mastery in isolation, Indoril fiercely defends Temple orthodoxy, and Dres relies on agrarian slave labor. Membership is typically determined by birth or marriage, though outlanders may become oath-bonded retainers and later seek adoption with a councilor's sponsorship. Only Redoran, Hlaalu, and Telvanni maintain territorial holdings on Vvardenfell, identified by their traditional colors of red, yellow, and brown respectively. Rivalry between the Houses is intense, often involving theft, assassination, and open raids.",scholar,"Five Great Houses govern Morrowind as political parties derived from ancient Dunmer clans: Hlaalu, Redoran, Telvanni, Indoril, and Dres. Membership is generally hereditary, though outlanders may be adopted. Only Redoran, Hlaalu, and Telvanni hold territory on Vvardenfell.","common, traveler","Dunmer, Morrowind, politics, Hlaalu, Redoran, Telvanni, Indoril, Dres, clans, Vvardenfell",factions
dwemer_artifacts,"Dwarven artifacts, Dwemer relics","Dwemer artifacts encompass the weapons, armor, housewares, coins, and mechanical constructs left behind by the vanished Dwemer. Scholars prize these relics for the insight they offer into a civilization that denied both phenomena and noumena, famously creating Animunculi guardians that combine incompatible principles. Imperial law declares all newly discovered Dwemer artifacts property of the Crown, forbidding their trade and making smuggling a treasonous offense. Despite this, the high value placed on these relics by antiquarians ensures a thriving black market, with smugglers risking execution for such profitable crime. Active Animunculi still patrol many Vvardenfell ruins, complicating the recovery of these items.","scholar, esoteric","Dwemer artifacts are weapons, armor, housewares, and other items found in Dwemer ruins. They are highly prized by scholars and collectors. The Emperor has declared all newly discovered Dwemer artifacts property of the Crown, forbidding their sale. Smuggling these valuable relics is treason, but the potential profit ensures many risk execution to trade them.",esoteric,"Dwemer, artifacts, relics, Animunculi, smuggling, Imperial law, antiquities, Crown property, Vvardenfell, ruins",artifacts
staff_of_magnus,,"The Staff of Magnus is an ancient artifact attributed to Magnus, the god of magic and architect of Mundus's schematics. Legend holds that the staff absorbs magical energy and vitality from those it strikes, and it is counted among Tamriel's oldest and most prized relics. Accounts of its location vary, though it has recently been rumored to rest in the cave of Assu on the slopes of Mount Kand, northwest of Molag Mar. The Mages Guild has shown interest in recovering the staff, and curators of notable artifact collections have recognized it as a centerpiece worthy of substantial investment.","scholar, esoteric","The Staff of Magnus is an ancient artifact attributed to Magnus, the god of magic. It drains magical energy and vitality from those it strikes and is considered one of Tamriel's oldest and most prized relics. The staff is rumored to lie in the cave of Assu on Mount Kand.",esoteric,"artifact, Magnus, magic, staff, Mages Guild, Assu, Mount Kand, enchantment, Tamriel, drain",artifacts
auriel_s_bow,Bow of Auriel,"Auriel's Bow is a revered artifact of the elven god Auri-El, said to have been wielded by the deity in the Dawn Era before being passed to mortal hands. Crafted from ebony, the weapon carries potent enchantments suited to its divine origin. Its present location is a matter of some confusion: the eccentric Telvanni Councilor Therana insists the bow carries a distinct scent of ash yams and claims it resides near Ghostgate in the possession of a Bosmer named Ralyn Othravel, though whether this is the true artifact or a lesser imitation remains uncertain. The weapon also appears among the recognized relics catalogued by Torasa Aram's Museum of Artifacts in Mournhold, suggesting its cultural and historical significance is widely acknowledged among Tamrielic scholars.","scholar, esoteric","Auriel's Bow is a sacred artifact associated with the merish god Auri-El. Forged from ebony, it serves as a symbol of divine authority and elven heritage. Its present whereabouts are debated, though it is recognized as a significant relic by Tamrielic scholars and museums.","esoteric, common","Auriel, bow, artifact, elf, Tribunal, Ghostgate, Therana, Morrowind",artifacts
boots_of_blinding_speed,,"The Boots of Blinding Speed are a pair of netch leather boots bearing a powerful and notoriously conflicting enchantment. They drastically fortify the wearer's speed but simultaneously inflict total blindness. This crippling visual impairment can be circumvented through the application of Resist Magicka effects, which prevent the blinding curse from taking hold while preserving the augmentation of swiftness. Alternatively, Night Eye spells can partially mitigate the darkness. The boots are currently in the possession of a Redguard trader named Pemenie, who is encountered on the road northwest of Caldera. Despite her claim of being an honest merchant, local sources indicate she is a wanted felon with a bounty on her head. She has offered the boots in exchange for safe escort to Gnaar Mok. The Royal Museum in Mournhold has also expressed interest in acquiring the curious artifact for its collection, recognizing it as an amusing and unusual piece.","scholar, esoteric",The Boots of Blinding Speed are enchanted netch leather boots that greatly increase the wearer's speed while completely blinding them. The blinding effect can be negated by Resist Magicka spells or partially countered by Night Eye enchantments. A Redguard trader named Pemenie currently carries these boots.,esoteric,"artifact, boots, enchanted armor, speed, blindness, netch leather, Morrowind, Pemenie",artifacts
akatosh,"Dragon God of Time, Auri-El, Alkosh, Bormahu","Akatosh, the Dragon God of Time, is the chief deity of the Nine Divines and the ultimate god of the Cyrodilic Empire, embodying endurance, invincibility, and everlasting legitimacy. Widely considered the first spirit to form in the Beginning Place, his establishment enabled the emergence of other divine pantheons. He is known as Auri-El to the Mer and Alkosh to the Khajiit. Akatosh's blood was mystically joined with Empress Alessia and her heirs through the Amulet of Kings, forging a covenant that maintains the liminal barrier between Mundus and the Planes of Oblivion. Dragon Breaks, such as the Middle Dawn, are believed to result from his temporary loss of control over time's flow.",scholar,"Akatosh is the Dragon God of Time and chief deity of the Nine Divines. Revered as the ultimate god of the Cyrodilic Empire, he embodies endurance and everlasting legitimacy. Considered the first spirit to form in the Beginning Place, his establishment allowed other divine pantheons to emerge.","common, traveler","Akatosh, Nine Divines, Dragon God, Time, Cyrodilic Empire, Auri-El, Alkosh, Aedra, Amulet of Kings, Alessia, Dragon Break",figures
tiber_septim,"Talos, Talos Stormcrown, Hjalti Early-Beard, Ysmir, Dragon of the North, Tiberius Imperator","Tiber Septim, also known as Talos Stormcrown, Hjalti Early-Beard, and Ysmir, is the founder of the Third Empire and the Septim Dynasty. Born in the Second Era, he served under King Cuhlecain as General Talos before taking the Imperial throne following Cuhlecain's assassination. He conquered all of Tamriel by 2E 896, ushering in the Third Era. Revered as the greatest emperor in history, he is worshipped as the god Talos, the Dragonborn, and the patron of just rulership and civil society. Conflicting accounts exist regarding his origins; orthodox tradition claims he was born in Atmora, while the Arcturian Heresy asserts he was Hjalti Early-Beard of Alcaire.",scholar,"Tiber Septim, also known as Talos, conquered all of Tamriel and founded the Third Empire and the Third Era. He is the greatest hero-god of Mankind, revered as the Dragonborn and the patron of just rulership and civil society.","common, traveler","Tiber Septim, Talos, Ysmir, Third Empire, Cyrodiil, Nine Divines, Dragonborn, Septim Dynasty, Cuhlecain, Imperial, history",figures
altmer,"High Elves, High Elf, Cultured People","The Altmer, or High Elves, are the tall, golden-skinned Elven peoples of the Summerset Isles who consider themselves the direct descendants of the Aedra and the purest heirs of the ancient Aldmer. Their deeply hierarchical, tradition-bound society venerates lineage and pursues cultural perfection, preserving ancestral knowledge through institutions like the Sapiarchs. Altmer possess exceptional innate aptitude for magic, natural resistance to disease, and lifespans spanning centuries. They regard Tamriel's common tongue, derived from their speech and writing, and the Empire's arts, crafts, and sciences, rooted in Altmeri traditions, as proof of their supreme civilization. Other cultures often perceive them as proud, aloof, or arrogant—a reputation reinforced by centuries of insularity and their conviction that mortality is a curse inflicted by Lorkhan rather than a divine gift.","scholar, traveler, common","The Altmer, commonly called High Elves, are the tall, golden-skinned Elven peoples of the Summerset Isles. They consider themselves the purest descendants of the ancient Aldmer and Tamriel's most civilized culture. Renowned for their magical aptitude and natural resistance to disease, they are widely perceived as proud and aloof.",common,"Altmer, High Elves, Summerset Isles, Aldmer, mer, elves, magic, Sapiarchs, Aedra, Tamrielic",races
tel_vos,,"Tel Vos is the tower of Master Aryon, the youngest Telvanni councilor, situated in the north-central Grazelands near the village of Vos. Uniquely among Telvanni seats, it stands on the mainland rather than an island. The tower is an ambitious architectural experiment blending traditional Telvanni fungal growth with Western stone construction reminiscent of Imperial forts. The experiment met with mixed results; the living mushroom interpenetrates the stonework, rendering the fusion incomplete. Rumors suggest the land was taken forcibly, testing the resolve of Houses Hlaalu and Redoran against Imperial settlement charters. Tel Vos serves as the primary regional center for the Grazelands, extending Telvanni influence into the area. Its amenities include a Dwemer museum, a library, and a services tower providing enchanting, trading, apothecary, and spellcrafting facilities.","traveler, scholar","Tel Vos is the tower of Master Aryon, a Telvanni councilor, located in the north-central Grazelands near Vos village. It is a unique blend of Telvanni mushroom architecture and Western stone design, though the living fungal growth interpenetrates the stonework. It serves as the primary regional center for the Grazelands.",common,"Tel Vos, Master Aryon, House Telvanni, Grazelands, Vos, Vvardenfell, Telvanni architecture, Imperial architecture, Dwemer museum, settlement",settlements
morrowind_history,"Resdayn history, Dunmer history, History of Morrowind","Morrowind's history spans from the exodus led by the prophet Veloth, when the ancestors of the Dunmer departed Summerset Isle, through eras of conflict with Nord sea raiders. The scattered tribes eventually consolidated into the predecessors of the modern Great Houses, expelling the Nord oppressors. Ancestral worship was superseded by the Tribunal Temple theocracy, forging the nation of Resdayn. Uniquely never successfully invaded, Resdayn was peacefully incorporated into the Empire by treaty under Tiber Septim. Nearly four centuries later, the province remains occupied by Imperial legions under a figurehead King, while the Ruling Councils of the Great Houses retain most traditional governance. In 3E 414, Vvardenfell Territory was reorganized from a Temple preserve into an Imperial Provincial District, sparking rapid colonization by Great House Dunmer and Imperial colonists, alongside escalating threats from blight storms and internal factional struggles.",scholar,"The ancestors of the Dunmer followed the prophet Veloth to Morrowind, enduring Nord raids before consolidating into Great Houses and expelling the invaders. The Tribunal Temple theocracy then formed the nation of Resdayn. Never successfully invaded, Resdayn joined the Empire by treaty under Tiber Septim. Today, Imperial legions occupy the province alongside traditional Great House rule.","common, traveler","Morrowind, Resdayn, Dunmer, Veloth, Tribunal, Tiber Septim, Great Houses, Imperial Province, Vvardenfell, history",history
nchuleftingth,,"Nchuleftingth is a major Dwemer ruin situated along the Foyada Nadanat in Molag Amur on Vvardenfell. Constructed during the later period of Dwemer habitation, it ranks among the island's largest Dwarven sites alongside Mzuleft, though its specific research purpose remains unknown. An Imperial expedition led by Senilias Cadiusus currently operates within the ruins, seeking a text theorized to be a Dwemer translation key. The site is divided into upper and lower halls and an area known as the Test of Pattern. It can be reached by traveling northeast from Suran or northwest from Molag Mar around Mount Kand.","traveler, scholar","Nchuleftingth is a large Dwemer ruin in Molag Amur on Vvardenfell, accessible via the Foyada Nadanat. Built for unknown research purposes during the later years of Dwemer activity, it is one of the island's two greatest Dwarven sites. An Imperial expedition is currently excavating the ruins.",common,"Dwemer, ruins, Molag Amur, Vvardenfell, Foyada Nadanat, research, expedition, Mages Guild",locations
blessings_of_almalexia,,"The blessings of Almalexia are spiritual benedictions bestowed by the Lady of Mercy upon the faithful who donate to the Tribunal Temple. Almalexia is revered as guardian of the sick, needy, and poor—Her children—though She has made no public appearance in years. The Temple now administers Her blessings and charitable works in Her stead, collecting offerings that fund care for the less fortunate. Devotees are taught that wealth perishes with the body while good deeds endure, encouraging generosity in exchange for the Goddess's mercy.","priest, scholar, common","The blessings of Almalexia are spiritual gifts from the Lady of Mercy, granted to those who donate to the Tribunal Temple. Almalexia watches over the sick, needy, and poor, and the Temple distributes Her blessings and charitable aid on Her behalf, as She has not appeared publicly in years.",common,"Almalexia, Tribunal Temple, donations, charity, Lady of Mercy, blessings, Tribunal, faith",religion
geography_of_vvardenfell,Vvardenfell island,"Vvardenfell District comprises the island of Vvardenfell, situated within the Inland Sea in northeast Morrowind. The titanic volcano Red Mountain and its associated ash wastelands dominate the interior, surrounded by hostile desert wastes, arid grasslands, and volcanic badlands thinly populated by nomadic Ashlander tribes. Only recently opened to Imperial settlement and trade, most of the island's population remains confined to the relatively hospitable west and southwest coasts. This settled region centers on the ancient city of Vivec and the old Great House district seats at Balmora, Ald'ruhn, and Sadrith Mora.","traveler, scholar","Vvardenfell is a large island district within Morrowland's Inland Sea, dominated by the titanic volcano Red Mountain and its surrounding ash wastes. Most of the island consists of hostile desert and volcanic badlands sparsely populated by Ashlander tribes. Settlement and trade, only recently permitted, are concentrated in the southwest around Vivec, Balmora, Ald'ruhn, and Sadrith Mora.",common,"Vvardenfell, Red Mountain, Inland Sea, Vivec, Balmora, Ald'ruhn, Sadrith Mora, Ashlanders, Morrowind, volcano, ash wastes",regions
chimarvamidium,"Nchmarthurnidamz, Hope of the Chimer, Ancient Tales of the Dwemer Part VI","Chimarvamidium is the sixth volume of Marobar Sul's Ancient Tales of the Dwemer, notable as one of the few stories traceable to actual Dwemer origins. The tale recounts the Chimer warlord Karenithil Barif receiving a supposed Dwemer golem as a peace offering, only to discover it is the armorer Jnaggo wearing full plate armor. The publisher's note suggests the original Dwemer name is Nchmarthurnidamz, found in armor and animunculi plans, and is almost certainly not the Chimer translation 'Hope of the Chimer.' The story illustrates the Dwemer's early mastery of heavy armor and references the Calling, a silent, magickal communication among the Dwemer that some historians cite to explain their disappearance.","scholar, esoteric","Chimarvamidium is the sixth volume of Marobar Sul's Ancient Tales of the Dwemer. It tells of a supposed Dwemer golem given to the Chimer that was actually a Dwemer armorer wearing full plate armor. Scholars note it is one of the few tales with genuine Dwemer origins, illustrating their early use of heavy armor.",esoteric,"Dwemer, Chimer, Marobar Sul, heavy armor, golem, animunculi, the Calling, Ancient Tales, Aldmeris, Jnaggo",artifacts
anumidium,"Anumidium Plans, Numidium","Anumidium, also called Numidium, is the colossal brass construct of Dwemer origin whose activation at the Battle of Red Mountain remains historically disputed. Tiber Septim later employed a copy of this god-killing device to subjugate Tamriel and establish the Third Empire. The original's plans are believed to rest somewhere within Red Mountain, a matter of intense interest to the Imperial court given the Empire's present instabilities. The construct's terrible power renders its very schematics a strategic concern of the highest order.",scholar,"Anumidium, or Numidium, is a legendary Dwemer brass construct. Tiber Septim used a mere copy of this device to conquer all of Tamriel. The original plans are rumored to lie somewhere within Red Mountain.","common, traveler","Anumidium, Numidium, Tiber Septim, Dwemer, conquest, Empire, Red Mountain, brass tower, Dagoth Ur",history
arkay,"Lord of the Wheel of Life, God of the Cycle of Birth and Death, Light of Lights, Bringer of Light, Lord of the Seasons, Mortals' God, Forsaker","Arkay, the God of the Cycle of Life and Death, is a Divine associated with burials, funeral rites, and the progression of the seasons. Often called the Mortals' God, he is considered the son of Akatosh. His priests staunchly oppose necromancy and the undead, bestowing blessings that protect properly interred corpses from being raised, a safeguard known as Arkay's Law. Consequently, necromancers view him as their ultimate enemy. The vampires of the Lamae Bal cult know him as the Forsaker. His origins are disputed: one legend claims he was a mortal shopkeeper who, after deciphering a book of life and death, was elevated by Mara to godhood to maintain cosmic balance. Another theory posits he was among the first spirits to crystallize after time began. The planet Arkay marks the Thief constellation's eye.","priest, scholar","Arkay is a Divine God of the Cycle of Life and Death, associated with burials, funeral rites, and the changing seasons. His priests fiercely oppose necromancy and the undead, performing rites that protect mortal remains from being raised. Because of this, necromancers consider him their greatest enemy.",common,"Divines, burials, funeral rites, seasons, necromancy, undead, Akatosh, Mara, Arkay's Law, planet, Thief constellation",religion
bloodmoon_prophecy,"Skaal Bloodmoon Prophecy, Hunter's Game, Great Hunt Prophecy","The Bloodmoon Prophecy is an ancient Skaal legend foretelling a recurring event each era when the Daedric Prince Hircine walks Nirn to conduct the Great Hunt. His coming is preceded by four signs: the arrival of werewolves (the Hounds), a pillar of fire upon Lake Fjalding, a mass horker die-off washing along the northern coast, and finally the Bloodmoon itself, when Secunda turns crimson. The ensuing Hunter's Game varies, sometimes targeting an entire tribe or a single champion. After the hunt concludes, Hircine returns to his realm until the next era.",scholar,"An ancient Skaal legend foretelling a recurring event each era when the Daedric Prince Hircine walks the land with his Hounds to conduct the Great Hunt. His coming is preceded by several signs, including the arrival of werewolves and the moon Secunda turning crimson with blood.","common, traveler","Skaal, Solstheim, Hircine, prophecy, werewolves, Bloodmoon, Great Hunt, Secunda, Lake Fjalding, horkers",history
dibella,"Lady of Love, Passion Dancer, Our Blessed Lady, Queen of Heaven, Goddess of Beauty","Dibella, also known as the Passion Dancer and Lady of Love, is the Divine of Beauty, Art, Affection, and Music. She teaches mortals to seek truth through beauty and open their hearts to love's mysteries, blessing those who propagate harmony with charm and grace. Her worship in Cyrodiil is notably diverse, comprising nearly a dozen varied cults devoted to women, aesthetics, or erotic instruction. Dibella is also venerated by the Forebears of Hammerfell and throughout High Rock, where her temples, called Houses of Dibella, are often allied with the Benevolence of Mara. Her celestial body orbits Mara in the night sky, reflecting her mythological proximity to the motherly goddess.","priest, scholar","Dibella, the Goddess of Beauty and Love, is among the Nine Divines. She teaches mortals to seek truth through beauty and cherish love's mysteries. Her worship is widespread, particularly in Cyrodiil, where numerous cults are devoted to women, artistry, or erotic instruction.",common,"Divines, Aedra, Beauty, Love, Art, Cyrodiil, Hammerfell, High Rock",religion
factions,,"Observers of Vvardenfell's politics recognize eleven main factions, divided between Imperial and native Dunmer interests. The primary Imperial factions are the Imperial cult, the Imperial legions, and the Fighters, Mages, and Thieves Guilds. The primary native Dunmer factions are the three Great Houses—Redoran, Hlaalu, and Telvanni—the Tribunal Temple, and the Morag Tong. The Ashlander barbarians are also native Dunmer, but stand opposed to both the Empire and the settled Dunmer. Cross-cultural tensions frequently strain relations between these groups, particularly along Imperial and native lines, though individuals may navigate these divides with care.",scholar,"Vvardenfell's politics feature eleven main factions. Imperial interests include the Imperial cult, legions, and the Fighters, Mages, and Thieves Guilds. Native Dunmer interests include the three Great Houses, the Temple, and the Morag Tong. The Ashlanders oppose both groups.","common, traveler","factions, Vvardenfell, Imperial, Dunmer, Great Houses, Guilds, Tribunal Temple, Morag Tong, Ashlanders, politics",factions
julianos,"Jhunal, God of Wisdom and Logic, Aedra Julianos","Julianos is the Aedric God of Wisdom and Logic and one of the Cyrodilic Divines, governing literature, law, history, and contradiction. He is associated with sorcery, alchemy, and enchantment, and is particularly venerated by wizards, Imperials, and Bretons. Scholars identify him with Jhunal, the Nordic father of language and mathematics who fell from favor in the northern pantheon. Monastic orders founded by Tiber Septim and dedicated to Julianos once served as keepers of the Elder Scrolls. In the heavens, the planet Julianos marks the eye of the Mage constellation and is orbited by Stendarr; Vivec names it the third-pole-star existing only in the ether. His symbol is a triangle.","priest, scholar","Julianos is the Aedric God of Wisdom and Logic, revered as one of the Cyrodilic Divines. He governs literature, law, history, sorcery, enchantment, and alchemy, making him the favored deity of wizards and scholars. Monastic orders founded by Tiber Septim and dedicated to his name historically served as the keepers of the Elder Scrolls.",common,"Aedra, Divines, Julianos, Jhunal, wisdom, logic, law, sorcery, Elder Scrolls, Mage constellation, Cyrodilic Pantheon, Imperial Cult",religion
kynareth,"Kyne, Khenarthi, Tava, Goddess of Air","Kynareth is the Goddess of Air, a member of the Nine Divines governing the heavens, winds, elements, and unseen spirits of the air. She is the patron of sailors and travelers, invoked for auspicious stars at birth and good fortune. In some creation legends, she was the first Aedra to agree to Lorkhan's plan, providing the void space for the mortal plane's creation. The Nords know her as Kyne, widow of Shor and head of their pantheon, who breathed life into mankind at the Throat of the World. The Khajiit know her as Khenarthi, guide of dead souls, and the Redguards as Tava, the Bird God. The planet Kynareth is her associated plane. Her artifacts include the Boots of the Crusader and the Ring of the Wind.","priest, scholar","Kynareth, Goddess of Air, is a Divine of the heavens, winds, and unseen spirits. Patron of sailors and travelers, she is invoked for auspicious stars and good fortune. The Nords revere her as Kyne, the Khajiit as Khenarthi, and the Redguards as Tava. The planet Kynareth represents her infinite plane within the mortal sky.",common,"Aedra, Nine Divines, air, wind, heavens, sailors, travelers, Kyne, Khenarthi, Tava, planet",religion
mara,"Mother Mara, Mother Mild, Divine Mother, Goddess of Love, MHARA","Mara, the Goddess of Love, is the Mother-Goddess and one of the Divines. She serves as the patron of the bountiful earth, agriculture, fertility, and the source of mortal compassion and understanding. Her clergy credits her with giving birth to Creation, associating her with Nir of the 'Anuad', the female principle of the cosmos. Mara's worship is nearly universal across Tamriel, though her relationships with other gods vary by culture: the Bretons and Mer revere her as the wife of Akatosh or Auriel, while Nords consider her a handmaiden of Kyne and concubine of Shor. As patron of marriage, she imposes no restrictions on union, permitting all mortals to join regardless of race or gender. In the night sky, the planet Mara orbits Zenithar and is believed to be both the goddess and her infinite plane, visually compressed by mortal perception.","priest, scholar","Mara is the Mother-Goddess of Love, fertility, agriculture, and compassion, and one of the Divines. She is associated with Nir of the 'Anuad', the female cosmic principle that gave birth to creation. Revered across nearly all of Tamriel, she is also the patron of marriage, permitting union regardless of race or gender.",common,"Divines, Aedra, goddess, love, fertility, marriage, compassion, Nir, Anuad, agriculture, planet",religion
stendarr,"Stendarr the Steadfast, THENDR","Stendarr, the God of Justice and Mercy, is one of the Nine Divines, revered as the Apologist of Men and the inspiration of righteous might and merciful forbearance. He serves as the patron of the Imperial Legions, magistrates, rulers, and knights errant, offering comfort to the law-abiding citizen. Also known as Stendarr the Steadfast, he embodies charity, well-earned luck, and compassion. In the cosmology of Mundus, the planet Stendarr—sometimes called THENDR by the Dwemer—orbits Julianos and is believed to be the infinite plane of the god himself, its spherical appearance a mortal visual phenomenon.","priest, scholar","Stendarr is one of the Nine Divines, revered as the God of Justice and Mercy. He is the patron of the Imperial Legions, magistrates, and rulers, embodying righteous might and merciful forbearance. He provides comfort and protection to the law-abiding citizens of the Empire.",common,"Divines, Aedra, justice, mercy, Imperial Legion, compassion, patron of magistrates, Apologist of Men, planet, cosmology",religion
the_empire,"Third Empire, Septim Empire, Imperial Empire, Empire of Tamriel","The dominant sovereign power across Tamriel, formally dating to Tiber Septim's unification of the continent at the dawn of the Third Era over four centuries ago. Ruled by Emperor Uriel Septim, the twenty-fourth of his line, from the Imperial Province of Cyrodiil, the Empire administers nine provinces: Skyrim, High Rock, Hammerfell, Summerset Isle, Valenwood, Elsweyr, Black Marsh, Morrowind, and Cyrodiil itself. While earlier Cyrodilic empires rose and fell since the First Era, the current realm stands as the only power to have united all of Tamriel under a single banner. In Morrowind, Imperial governance operates through a delicate accommodation with the Tribunal Temple and the Great Houses, maintaining a significant military and administrative presence while respecting local traditions.","scholar, common","The sovereign power governing all of Tamriel, founded by Tiber Septim over four hundred years ago at the start of the Third Era. The Empire comprises nine provinces—Skyrim, High Rock, Hammerfell, Summerset Isle, Valenwood, Elsweyr, Black Marsh, Morrowind, and Cyrodiil—and is currently ruled by Emperor Uriel Septim, the twenty-fourth of his line.","common, traveler","Empire, Tamriel, Cyrodiil, Tiber Septim, Uriel Septim, Third Era, Imperial, provinces, politics",factions
uriel_septim,"Uriel VII, Emperor Uriel, Uriel Septim VII","Uriel Septim VII, 24th Emperor of the Septim Dynasty, has ruled Tamriel for over four decades. In his youth, he aggressively expanded Imperial influence, particularly in Morrowind, before being betrayed and imprisoned in Oblivion by his Imperial Battlemage, Jagar Tharn, in 3E 389. Following his restoration a decade later, a transformed and cautious Uriel abandoned overt military campaigns, relying instead on clandestine manipulation through the Blades. This subtle approach yielded major successes, including the Miracle of Peace in the West and the colonization of Vvardenfell in the East. Now over eighty and in poor health, this shrewd but unpopular sovereign faces controversy regarding the succession of his declared heirs, Enman and Ebel.",scholar,"Uriel Septim VII is the 24th Emperor of the Septim Dynasty. Though a strong and effective ruler, he is privately secretive and personally unpopular. Over eighty years old and in poor health, his reign is defined by his decade-long imprisonment in Oblivion by Jagar Tharn and his subsequent reliance on clandestine policies. He currently faces controversy over the succession of his heirs, Enman and Ebel.","common, traveler","Septim Dynasty, Emperor, Imperial, Jagar Tharn, Blades, Imperial succession, Cyrodiil",figures
zenithar,"Trader God, God of Work and Commerce, Z'en","Zenithar, the Trader God and Patron of Work and Commerce, is one of the Nine Divines. Revered as the deity of wealth, labor, communication, and community, he is particularly venerated by merchants and the middle nobility. His priests teach that peace and prosperity are achieved through earnest work and honest profit, rejecting war, bloodshed, and theft. Though a warrior deity, Zenithar is restrained and reserved in times of peace. He is considered most in touch with the mortal realm and is associated with Kynareth. Some scholars equate him with the Bosmeri god Z'en, while his worship found tolerance in Hammerfell through similarities to a Yokudan agricultural deity. In the night sky, the planet Zenithar orbits the sun, with Mara as its satellite; mortals perceive this infinite plane as a sphere due to mental limitations.","priest, scholar","Zenithar, the Trader God, is one of the Nine Divines and the patron of work, commerce, and communication. His priests teach that peace and prosperity come through earnest work and honest profit rather than war or bloodshed. He is widely venerated by merchants throughout the Empire.",common,"Nine Divines, Trader God, commerce, work, wealth, Z'en, Imperial Cult, patron of merchants, Aedra, planet",religion
orvas_dren,,"Orvas Dren is a Dunmer warrior and the younger brother of Duke Vedam Dren. Though lacking a formal House Hlaalu rank, he wields immense behind-the-scenes influence as the kingpin of the Camonna Tong, controlling the syndicate's skooma and moon sugar operations from his plantation in the Ascadian Isles. Two Hlaalu councilors, Velanda Omani and Nevena Ules, are firmly under his sway. Orvas harbors deep resentment toward the Empire and is rumored to have forged an alliance with the Sixth House, believing Imperial influence in Morrowind is waning. He is considered ruthless, even to the point of contemplating his own brother's death. His control over the Tong makes him a pivotal figure in Hlaalu politics; securing his support or eliminating his influence is essential for any aspirant to the House Grandmastership.",scholar,"Orvas Dren is a wealthy Dunmer criminal and the younger brother of Duke Vedam Dren. As the kingpin of the Camonna Tong, he exerts considerable behind-the-scenes influence over House Hlaalu from his Ascadian Isles plantation. He despises the Empire and is rumored to have allied with the Sixth House.","common, traveler","Dunmer, House Hlaalu, Camonna Tong, Dren Plantation, Vedam Dren, skooma, Sixth House, crime, Ascadian Isles, Dren family",figures
black_marsh,Argonia,"Black Marsh is a dense, impenetrable swampland province of southeastern Tamriel, home to the Argonians and the sapient Hist trees. Mer call it Argonia after an ancient battlefield, though the native Jel tongue lacks a singular name for the region, reflecting its deep tribal fragmentation. The southern interior's great waterways host most Argonian settlements, while the coasts and northwestern upland forests remain largely empty. Its tropical climate and vicious ecology—poisonous flora, giant snakes, and rampant disease—have thwarted all foreign agricultural and colonial ventures. Imperial rule remains loose and nominal. The Dunmer have raided the province for slaves for eras; though the Empire bans the trade, the bitter practice persists. The devastating Knahaten Flu previously wiped out several indigenous peoples, including the Kothringi and the fox-like Lilmothiit, leaving the reptilian Argonians as the dominant inhabitants of this hostile land.","traveler, scholar, imperial","A dense, impenetrable swampland province in southeastern Tamriel, called Argonia by the mer. It is the homeland of the tribal Argonians and the sapient Hist trees. Its hostile tropical climate, vicious wildlife, and rampant disease have thwarted all foreign colonization. Dunmer slave-raiding persists despite Imperial prohibition, fostering deep mutual hatred.",common,"Argonia, Argonians, Hist, swamp, province, slavery, Dunmer, disease, Kothringi, Lilmothiit, Knahaten Flu",regions
bosmer,"Wood Elf, Tree-Sap people, Boiche","The Bosmer, or Wood Elves, are the Elven clan-folk of Valenwood who call themselves the Tree-Sap people. Rejecting Aldmeri high culture, they embrace a romantic, simple existence in harmony with nature. They are the most prolific mer on Tamriel and its finest archers, possessing natural agility, stealth, and resistance to poison and disease. Many follow the Green Pact, a religious covenant forbidding harm to Valenwood's vegetation, making them strictly carnivorous and traditionally cannibalistic. The Meat Mandate obliges consumption of fallen enemies within three days, though this is now largely confined to remote tribes. Tribal warfare centers on raiding for ransom and prestige rather than conquest, and the Mourning War tradition symbolically replaces slain members with captured outsiders. Imperial observers variously regard them as insubstantial barbarians or admire their wild vitality.","scholar, traveler, common","The Bosmer, commonly called Wood Elves in the Empire, are the Elven inhabitants of Valenwood. They reject formal Aldmeri traditions, preferring a simple life in harmony with the wild. Nimble and quick-witted, they are Tamriel's finest archers and possess a natural affinity for stealth. Many follow the Green Pact, a covenant forbidding harm to Valenwood's vegetation, which requires a strictly carnivorous diet.",common,"Bosmer, Wood Elf, Valenwood, Green Pact, Mer, archery, stealth, Meat Mandate, Y'ffre",races
breton,"Manmer, Half-Elf, Half-Elves","Bretons are a hybrid race of human and elven ancestry, their name derived from the Ehlnofex word for 'half.' Originating from intermingling between the Nedic humans and Aldmer—particularly Clan Direnni—in High Rock during the Merethic Era, they possess an inborn, instinctive bond with the magical arts. This elven heritage grants even the humblest Breton a notable resistance to destructive and dominating magical energies, alongside a quick grasp of spellcraft, enchantment, and alchemy. Despite shorter lifespans than their elven kin, many of Tamriel's greatest sorcerers have emerged from their ranks. High Rock remains a fractious, politically divided province of competing feudal kingdoms, yet Bretons share a unified culture, language, and an enduring fascination with nobility, lineage, and knightly quests. Pale-skinned and slight of build, they are found across Tamriel as merchants, mercenaries, and mages.","scholar, traveler, common","Bretons are a race of mixed human and elven descent native to High Rock. They possess a natural affinity for magic and an innate resistance to destructive spells, producing many of Tamriel's finest sorcerers. Though their homeland is politically fractured into competing feudal kingdoms, Bretons share a common culture and language. Pale and slight of build, they often serve as mages, merchants, or mercenaries abroad.",common,"races, breton, high-rock, manmer, half-elf, magic, aldmer, nedic, direnni, resistance",races
cyrodiil,"Cyrod, Imperial Province, Heartland","Cyrodiil, the heartland province of south-central Tamriel, is the cradle of Imperial civilization and seat of the Septim dynasty. The Imperial City—anchored by White-Gold Tower—dominates the fertile Nibenay Valley, while the rugged Colovian Highlands form the remote western reaches. Most accounts describe the province as endless jungle and rainforest, though some scholars claim a temperate climate, attributing discrepancies to transcription errors or even Tiber Septim's divine reshaping of the land. Great rivers drain the dense interior into Argonia's swamps and Topal Bay. Since Alessia's slave revolt overthrew the Ayleids, Cyrodiil has anchored three empires. The Second Empire brought cosmopolitan governance under Reman's dynasty and the Akaviri Potentates, but the Interregnum reduced the province to warring fiefdoms until Tiber Septim restored its glory. Today, the Imperial Province remains Tamriel's diplomatic and political center.","traveler, scholar","Cyrodiil is the central province of Tamriel and the heart of the Septim Empire. The Imperial City sits in the fertile Nibenay Valley, surrounded by dense jungle and rainforest. The land rises westward to the Colovian Highlands. As the seat of Imperial power, Cyrodiil has anchored three empires since Alessia overthrew the Ayleid overlords in the First Era.",common,"Cyrodiil, Imperial Province, Heartland, Imperials, Imperial City, Nibenay Valley, Colovia, White-Gold Tower, Ayleids, Tiber Septim",regions
daedra,"dark kin, not our ancestors","Daedra are immortal beings of Oblivion who did not participate in the creation of the Mundus, retaining their full power and remaining unbound by mortal limitations. The Aldmeri term translates to 'not our ancestors,' contrasting with Aedra, though the Dunmer uniquely consider them stronger ancestor spirits. The Temple divides them into good Daedra, loyal friends of the Tribunal, and bad Daedra, deemed foul and treacherous. Before the Tribunal's apotheosis, the Dunmer worshipped them as gods, a veneration the Temple now considers undeserved due to their capricious nature. The most powerful among them are the Daedric Princes, served by lesser entities. A Daedroth's physical form can be destroyed but its animus merely returns to Oblivion to reform, making them unkillable in the mortal sense.","priest, scholar","Daedra are powerful, immortal beings of Oblivion who did not participate in creating the mortal world. The Temple teaches they are ancestor spirits, weaker and more capricious than the Tribunal. Before the Tribunal, the Dunmer worshipped them as gods, but the Temple considers them undeserving of veneration, dividing them into good Daedra loyal to the Tribunal and treacherous bad Daedra.",common,"Oblivion, immortals, Daedric Princes, ancestor spirits, Aedra, Tribunal, Dunmer worship, Daedrology, Lesser Daedra, animus",religion
hammerfell,"Hegathe, Volenfell, Deathland, Deathlands","Hammerfell, the western province of Tamriel, is home to the Redguards, who arrived from sunken Yokuda aboard the Ra Gada fleet. Previously called Hegathe by the Aldmer and Volenfell by the Dwemer of House Rourken, the land encompasses the vast Alik'r desert, mountains, and coastlines. Its population is largely concentrated in great maritime port cities built over ancient Dwemer ruins, while the sparsely populated interior holds small farms and nomadic tribes. Redguard society remains deeply divided between the traditionalist Crowns and the cosmopolitan Forebears, a schism that has persisted since the Second Era. Following the Miracle of Peace, King Lhotun of Sentinel rules much of the northern coast, promoting the moderate Lhotunic movement, which draws contempt from both factions. Meanwhile, eastern Hammerfell struggles to reclaim territory lost to Skyrim during the War of Bend'r-Mahk, and Crown loyalists in the north agitate for independence.","traveler, scholar","Hammerfell is a western Tamrielic province inhabited by the Redguards, who migrated from the lost continent of Yokuda. Its population is concentrated in bustling port cities, while the arid interior is sparsely settled. Redguard society remains divided between the traditionalist Crowns and the Imperialized Forebears.",common,"Hammerfell, Redguards, Alik'r, Crowns, Forebears, Yokuda, Ra Gada, House Rourken, Sentinel, Lhotun, Imperial Province",regions
high_rock,,"High Rock is a northwestern Tamriel province encompassing Greater Betony, the Dellese Isles, the Bjoulsae River tribes, and the Western Reach. Its rugged highland strongholds and isolated valley settlements foster fierce independence among local Breton clans, preventing full integration into a provincial or Imperial identity. The Direnni Hegemony once ruled the region before dissolving in the First Era, leaving ruins and shaping the emerging Breton city-states. Historically, Orsinium has also existed within its borders. Despite chronic political fragmentation, shared language, bardic traditions, and heroic legends provide a unifying cultural legacy.","traveler, scholar","High Rock is a northwestern Tamriel province inhabited by diverse Breton clans across rugged highlands and isolated valleys. Though politically fragmented and resistant to Imperial integration, the Bretons share a unifying cultural legacy of language, bardic traditions, and heroic legends.",common,"High Rock, Breton, Direnni, Orsinium, Western Reach, Bjoulsae River, Greater Betony, Dellese Isles, Tamriel provinces, Direnni Hegemony",regions
summerset_isle,"Summurset Isle, Sumurset Isle, Eternal Isle, Blessed Isle","Summerset Isle is the largest island in the Summerset Isles province and the ancestral home of the Altmer. Colonized by the Aldmer in the Merethic Era, it hosts the provincial capital of Alinor and the Crystal Tower, one of the mythical focal points of Mundus. The island features fertile farmlands, woodland parks, and craggy mountains dominated by Eton Nir. Its native high culture remains fiercely insular; few good natural ports and deep suspicion of foreigners limit Imperial mercantile influence. Settlements are typically small, isolated, and ruled by local wizards or warlords from ancient manors. Since Tiber Septim's conquest incorporated the isle into the Third Empire, the Altmer chafe under Imperial governance, and the Thalmor steadily gain influence.","traveler, scholar","Summerset Isle is the largest island in the Summerset Isles province and the ancestral home of the Altmer. It is a green, pleasant land of fertile farmlands, woodland parks, and ancient towers. Its few natural ports and unwelcoming natives keep the ancient, chivalric Aldmeri culture largely isolated from modern Imperial mercantilism. Small, isolated settlements remain dominated by local wizards or warlords.",common,"Summerset Isles, Altmer, Aldmer, Alinor, Crystal Tower, Eton Nir, province, island, Tamriel, Thalmor",regions
valenwood,"Vallinwood, the Valenwood, Bosmeri homeland","Valenwood is a densely forested, subtropical province occupying Tamriel's southwestern coast, traditionally called 'the Valenwood' by its Bosmer inhabitants as a living entity. The region features mangrove coasts, temperate inland rain forests, and colossal migratory trees hosting entire cities, including the mile-high capital Falinesti. Founded by King Eplear in the First Era, the Camoran Dynasty once united the Bosmer, but Imperial occupation and the devastation wrought by the Camoran Usurper shattered central authority. Having suffered territorial losses to Elsweyr and Summerset during the Imperial Simulacrum, Valenwood now drifts in political isolation; its tribal council has not met in decades, and its people have largely abandoned cities for ancestral forest traditions. Recently, ominous signs have stirred: the Wild Hunt has been sighted for the first time in five centuries, Falinesti has rooted itself unnaturally, and a prophet known as the Precursor preaches the return of Y'ffre.","traveler, scholar","Valenwood is a densely forested, subtropical province in southwestern Tamriel and the homeland of the Bosmer. Its coasts feature mangrove swamps and tropical rain forests, while heavy rainfall nurtures the temperate inland. The Bosmer dwell in scattered timber clanhouses connected by undeveloped foot trails, with few Imperial roads carrying little trade. Gigantic, migratory trees host entire cities, including the walking capital, Falinesti.",common,"Valenwood, Bosmer, forest, Falinesti, Camoran Dynasty, Aldmeri Dominion, Thalmor, Wild Hunt, Y'ffre, southwestern Tamriel, Imperial province",regions
vedam_dren,"Duke Dren, Duke of Ebonheart, Duke of Vvardenfell","Vedam Dren is the Duke of the Imperial District of Vvardenfell, ruling from the Grand Council Chambers in Ebonheart as both the head of the Grand Council and the personal representative of Emperor Uriel VII. A Dunmer of noble descent, he previously served as the Hlaalu Grandmaster for the Vvardenfell district before inheriting his ducal title. He considers himself a noble, leader, and diplomat, maintaining a delicate balance between Imperial and Dunmer counselors. He is the older brother of Orvas Dren, a wealthy plantation owner who heads the Camonna Tong, and the father of Ilmeni Dren, who leads the abolitionist Twin Lamps. This complex familial web places the Duke at the center of Vvardenfell's political tensions, navigating the demands of Imperial governance, House Hlaalu interests, and organized crime.",scholar,"Duke Vedam Dren is the Imperial-appointed ruler of the Vvardenfell district, governing from Ebonheart as Uriel VII's representative and head of the Grand Council. A Dunmer noble and former Hlaalu Grandmaster, he is the older brother of Orvas Dren, who leads the Camonna Tong, and father of Ilmeni Dren, an abolitionist.","common, traveler","Duke, Ebonheart, House Hlaalu, Grand Council, Imperial Administration, Dren Family, Orvas Dren, Ilmeni Dren, Camonna Tong, Vvardenfell, Dunmer",figures
daedra_worship,"Daedric worship, cult of the Daedra","Daedra worship encompasses the veneration of the Daedric Princes, powerful entities of Oblivion who offer knowledge and power in exchange for service. In Morrowind, the Chimer originally followed the Prophet Veloth in worshipping the Good Daedra—Boethiah, Azura, and Mephala—while propitiating the Bad Daedra. After the Tribunal's ascension, the Temple supplanted Daedric veneration and outlawed the Rebel Daedra: Molag Bal, Malacath, Sheogorath, and Mehrunes Dagon. Ordinators persecute their cults, yet worship of these Rebel Princes persists among Dunmer nationalists seeking to expel the Empire. Meanwhile, the Mages Guild is permitted to summon Daedra under Imperial license, causing friction with local Temple authorities.","priest, scholar","Daedra worship is the veneration of the powerful Daedric Princes of Oblivion. The Tribunal Temple forbids worship of the Rebel Daedra—Molag Bal, Malacath, Sheogorath, and Mehrunes Dagon—and the Ordinators persecute their cults. Despite this, such worship persists among Dunmer opposed to Imperial rule. The Mages Guild may summon Daedra by Imperial license, a practice that creates friction with Temple authorities.",common,"Daedra, Daedric Princes, Tribunal Temple, Ordinators, Good Daedra, Rebel Daedra, Chimer, Veloth, Morrowind, Imperial law, cults",religion
ilunibi,"Ilunibi Caverns, Ilunibi Shrine","Ilunibi, also called the Ilunibi Caverns, is an old sea cave on a small island near Khartag Point, north of Gnaar Mok on the Bitter Coast. To locals, it is a wet, nasty smuggler's hole infested with rats and slaughterfish. Unrecorded on Imperial maps, Ilunibi harbors a darker truth: it serves as a Sixth House shrine, a retreat for followers of Dagoth Ur to meditate upon his ways. Within its deepest chamber, the Soul's Rattle, lies the legendary Fists of Randagulf, an ancient Nordic artifact. Imperial patrols investigating Sixth House smuggling recently discovered the cavern and its resident priest, Dagoth Gares, at great cost.","traveler, scholar","Ilunibi Caverns is an old sea cave on Khartag Point, north of Gnaar Mok. Locals know it as a wet smuggler's hideout infested with vermin, though it is not marked on Imperial maps.",common,"Bitter Coast, Gnaar Mok, Khartag Point, Sixth House, House Dagoth, smugglers, Dagoth Gares, Fists of Randagulf, sea cave, corprus",locations
lesser_saints,,"The Tribunal Temple venerates eight lesser saints alongside the larger cults of Almalexia, Vivec, and Sotha Sil. Each serves as a patron to specific trades and social callings within Dunmer society. They are Saint Felms the Bold, patron of butchers and fishmongers; Saint Llothis the Pious, patron of tailors and dyers; Saint Meris the Peacemaker, patron of farmers and laborers; Saint Roris the Martyr, patron of furnishers and caravaners; Saint Aralor the Penitent, patron of tanners and miners; Saint Delyn the Wise, patron of potters and glassmakers; Saint Olms the Just, patron of sailors, chandlers, and clerks; Saint Rilms the Barefooted, patron of pilgrims and beggars; and Saint Seryn the Merciful, patron of brewers, bakers, and distillers.","priest, scholar","The Tribunal Temple honors eight lesser saints as patrons of common trades and callings. These include Saints Felms, Llothis, Meris, Roris, Aralor, Delyn, Olms, Rilms, and Seryn, who watch over various workers, from farmers and miners to sailors and bakers.",common,"Tribunal Temple, Dunmer, saints, patrons, Felms, Llothis, Meris, Roris, Aralor, Delyn, Olms, Rilms",religion
native_dunmer_culture,"Dark Elf culture, Aldmeri Dunmer tradition","Native Dunmer culture descends from common Aldmeri roots shared with the Altmer and Bosmer, yet diverges sharply in its expression. While Altmer feudal monarchy breeds conflict and Bosmer informality yields conscious instability, the Great House clan and family system provides the Dunmer with pronounced social and political cohesion. Distinguished by dark grey skin, the Dunmer maintain strong militaristic and authoritarian traditions. These traditions originate in ancient ancestor worship and are further shaped and elaborated by the theocratic governance of the Tribunal Temple. This synthesis of ancestral reverence and living-god theocracy defines the rigid, enduring character of Morrowind's native civilization.",scholar,"Native Dunmer culture shares ancient Aldmeri roots with the Altmer and Bosmer but possesses distinctive dark grey skin and a rigid society. Strong militaristic and authoritarian traditions stem from ancient ancestor worship and the theocratic rule of the Tribunal Temple. The Great House clan and family system provides considerable social and political stability, contrasting with the instability of other Aldmeri societies.","common, traveler","Dunmer, Dark Elves, Great Houses, Aldmeri, ancestor worship, Tribunal Temple, theocracy, militarism, clan structure, Morrowind",cultures
shrine_of_boethiah,,"A ruined Daedric shrine to Boethiah, sunk beneath the sea off the Bitter Coast long ago. The sunken ruins and the displaced head of Boethiah's statue rest on the ocean floor west of Ashurnibibi. Despite its inundation, the Daedric Prince still communes with visitors there. A new shrine is presently under construction at Khartag Point along the coast, built from large rocks by a dedicated laborer to replace the lost site.","traveler, scholar","A ruined shrine to the Daedric Prince Boethiah, sunk beneath the sea off the Bitter Coast long ago. Its ruins remain on the ocean floor. A replacement shrine is currently under construction at Khartag Point.",common,"Boethiah, Daedric shrine, Bitter Coast, underwater ruins, Khartag Point, Daedric Prince, sunken shrine",locations
ritual_of_the_gifts,"Skaal Ritual of the Gifts, Gifts Ritual","The Ritual of the Gifts is a sacred Skaal ceremony central to maintaining the Oneness, the spiritual flow connecting the Skaal to their living land. When this bond is disrupted, the natural harmony of Solstheim suffers. Completing the ritual restores the Oneness, allowing the land to hum with life again. Skaal shamans consider the rite too intricate for outsiders to memorize, providing written guides to those who must perform it. Its successful completion is recognized as a vital service to the Skaal people and their animistic faith.","priest, scholar","A sacred Skaal ceremony that restores the Oneness, the spiritual bond between the Skaal and the living land of Solstheim. When this connection is broken, the natural harmony suffers. The ritual is too complex for outsiders to remember unaided, so Skaal shamans provide written guides to those who must perform it.",common,"Skaal, Solstheim, ritual, Oneness, All-Maker, nature, shamanism, restoration",religion
saint_delyn,"Delyn the Wise, Patron of Potters, Patron of Glassmakers","Saint Delyn the Wise serves as the Tribunal Temple's patron of potters and glassmakers. He formerly led House Indoril and distinguished himself as a skilled lawyer, writing multiple foundational tomes on Tribunal law and custom. His legal scholarship continues to shape Temple jurisprudence and Indoril governance, while crafters revere him as a steady spiritual guardian of their trades.",scholar,Saint Delyn the Wise is the patron of potters and glassmakers. He led House Indoril and was a skilled lawyer who wrote many books on Tribunal law and custom.,"common, traveler","saint, Tribunal Temple, House Indoril, patron, potters, glassmakers, law, wise",figures
saint_llothis,"Llothis, Llothis the Pious","Saint Llothis the Pious serves as patron of Tailors and Dyers and is revered as the greatest Alma Rula in the history of the Tribunal Temple. A companion of the Tribunal, he formulated the central rituals and principles of the Temple's faith. He is venerated as the symbolic bridge between the gods and the faithful, and as the exemplary model for Temple priests.",scholar,Saint Llothis the Pious is the patron of Tailors and Dyers. He is honored as the greatest Alma Rula of the Tribunal Temple and is revered as the ideal model for all Temple priests.,"common, traveler","saint, tribunal temple, alma rula, tailors, dyers, dunmer, religion, patron",figures
saint_meris,"Meris, Saint Meris the Peacemaker, Peacemaker","Saint Meris, called the Peacemaker, is the Dunmeri patron of farmers and laborers. Demonstrating healing gifts in youth, she trained as a healer and later led followers dressed in white across battlefields, tending to warriors and wizards on both sides without discrimination. Her moral authority proved so formidable that Great House troops adopted white robes as her standard and disobeyed orders to fight, transforming her commitment to impartial healing into a powerful instrument of peace.",scholar,"Saint Meris the Peacemaker is the patron of farmers and laborers. As a girl she showed healing gifts and trained as a healer. She later marched across battlefields with white-robed followers, healing warriors on both sides without discrimination. Great House troops adopted white robes and refused orders to fight.","common, traveler","saint, Dunmer, healer, peacemaker, patron, farmers, laborers, peace, Tribunal",figures
saint_olms,"Saint Olms the Just, Olms the Just","Saint Olms the Just is one of the Tribunal Temple's most revered saints, serving as the patron of chandlers and clerks. His enduring historical significance lies in founding the Ordinators and conceiving their inquisitorial principles—articulating the doctrines of testing, ordeal, and forced repentance that govern the Temple's martial and judicial orders. Though revered for this rigid framework of doctrinal enforcement, some apocryphal accounts suggest his later life was marked by severe psychological torment. These disputed narratives claim he suffered a profound persecution complex, believing himself subjected to unending divine judgment, though orthodox Temple doctrine reveres him without such qualifications.",scholar,"Saint Olms the Just is a revered Tribunal Temple saint and the patron of chandlers and clerks. He is celebrated for founding the Ordinators and establishing their strict inquisitorial principles of testing, ordeal, and forced repentance.","common, traveler","Tribunal Temple, saint, Ordinators, Inquisition, chandlers, clerks, Dunmer, religion, just",figures
golden_saints,"aurials, daedra of sheogorath, winged daedra","Golden Saints, sometimes called Aurials, are Daedric entities serving Sheogorath, manifesting as winged humanoid females of striking aspect and martial disposition. Spawned directly by the Madgod, they embody his capricious cruelty and are fiercely territorial. In combat, they demonstrate considerable prowess with weapons and destructive magic. Their Daedric hearts possess modest magical properties valued by enchanters and alchemists. Summoning a Golden Saint requires advanced conjuration and reflects the practitioner's mastery over Daedric binding, as the creatures resist servitude and must be firmly controlled.",scholar,"Golden Saints are winged Daedric females spawned by Sheogorath. Fierce and capricious, they serve the Madgod and resist conjurers who summon them. Their hearts possess modest magical properties.",common,"daedra, sheogorath, golden saints, winged creatures, daedric hearts, summoned entities, oblivion",creatures
hortator,,"A hortator is a temporary war leader appointed by the Great Houses of Morrowind during times of great crisis. Each House names its own hortator, granting the titleholder wide-sweeping authority for the duration of the conflict. Under historical precedent, when a greater enemy threatens all of Morrowind, a single individual may be named hortator by multiple or all Great House councils, or by the Grand Council of the province. Such unified appointments are rare and require the agreement of every councilor within each House. The capitalized title is most famously associated with Indoril Nerevar, the legendary leader of the ancient Chimer.",scholar,"A hortator is a temporary war leader chosen by the Great Houses of Morrowind during times of great crisis. When a greater enemy threatens, the Houses set aside their quarrels and appoint a single war leader. Each Great House council must agree to name a hortator, and all councils must consent for one person to hold the title across multiple Houses.","common, traveler","hortator, war leader, great houses, morrowind, chimer, indoril nerevar, grand council, redoran, hlaalu, telvanni, prophecy",lore
hortator_and_nerevarine,,"The Hortator and Nerevarine are ancient Dunmer war leader traditions invoked during existential crises. The Hortator commands the unified Great Houses, while the Nerevarine leads the Ashlander tribes. To claim these titles, a candidate must first demonstrate the dire need—specifically, that the Tribunal has lost the power to contain Dagoth Ur and the Sixth House, having relied on profane Dwarven tools and misled their people. Only then must the candidate prove their own worthiness to lead. The Nerevarine Cult holds that this figure is the reincarnation of Indoril Nerevar, destined to unite all Dunmer and restore their true path.",scholar,"The Hortator and Nerevarine are traditional Dunmer war leaders. The Hortator unites the Great Houses, while the Nerevarine leads the Ashlander tribes. A candidate must prove both the dire need for such leadership and their own worthiness to fill the role.","common, traveler","Hortator, Nerevarine, Dunmer, Great Houses, Ashlanders, Tribunal, Dagoth Ur, Sixth House, Nerevar, war leader, prophecy, tradition",lore
master_aryon,"Aryon, Tel Vos Aryon","Master Aryon is a Councilor and prominent wizard of House Telvanni, governing from Tel Vos. Uniquely among the Telvanni lords, he maintains a relatively progressive stance toward outside affairs and the younger generations of the House. Tel Vos itself reflects this adaptability, being a newly established settlement built over an Imperial fort, blending traditional Telvanni organic architecture with Imperial structural remnants. As a patron, Aryon employs a Mouth to represent his interests at the Telvanni Council hall in Sadrith Mora, though he remains the true power behind his seat. Access to his private quarters requires levitation to reach the uppermost south-facing door of his tower, a standard defensive convention among Telvanni lords.",scholar,"Master Aryon is a Councilor and wizard of House Telvanni who rules from the newly built settlement of Tel Vos. He is known as a relatively progressive patron among the traditionally isolationist Telvanni lords. To reach him in his tower, one must levitate to the top level and locate the south-facing door.","common, traveler","House Telvanni, Tel Vos, Telvanni Council, Mouth, Wizard, Vvardenfell, Councilor, Tower, Levitation",figures
master_neloth,Neloth,"Master Neloth is a Councilor of House Telvanni, one of the reclusive wizard-lords who govern that Great House from their towers. He resides in Tel Naga, the tower dominating Sadrith Mora, and maintains his Council seat through a proxy who speaks on his behalf. Like many Telvanni Masters, Neloth is noted for his short temper and brusque demeanor, though he can be moved by sufficiently persuasive argument. His arcane mastery and advanced age are typical of the Telvanni ruling class, who consider courtesy a concern beneath their station.",scholar,"Master Neloth is a Telvanni Councilor who resides in Tel Naga at Sadrith Mora. One of the ruling wizard-lords of House Telvanni, he is known for his short temper and dismissive manner, though he may respond to persuasive reasoning.","common, traveler","Telvanni, Councilor, Tel Naga, Sadrith Mora, wizard, Great House, Master, Dunmer, Morrowind",figures
mistress_dratha,,"Mistress Dratha is the oldest living Councilor of House Telvanni, sustained well beyond a natural lifespan through necromantic arts. She resides in her tower at Tel Mora and is known for her pronounced antipathy toward men of all races; the origin of this prejudice remains unrecorded. Her seat on the Telvanni Council is represented by her Mouth, Raven Omayn, who conducts her affairs at the council hall in Sadrith Mora. Dratha's enduring interest in the necromantic and vampiric arts is evidenced by her pursuit of rare substances such as the Blood of the Quarra Ancients for her studies.",scholar,"Mistress Dratha is the oldest living Councilor of House Telvanni, sustained by necromantic arts. She harbors a well-known dislike for men of all races and resides in her tower at Tel Mora. Her interests include the study of vampiric blood.","common, traveler","Telvanni, Councilor, Tel Mora, Necromancy, Raven Omayn, Vampirism, House Telvanni, Dunmer",figures
people_of_morrowind,,"The people of Morrowind encompass the settled Great House Dunmer, the nomadic Ashlanders, and the Dissidents of the Temple, each preserving distinct strands of their shared cultural heritage. The Great Houses embody varied philosophies: Redoran follows creed and deed, Indoril embraces serene compassion, Telvanni pursues iconoclastic independence, Hlaalu integrates with the Empire, and Dres maintains pre-Tribunal ancestor and Daedra worship. The Ashlanders preserve the oldest barbarian tribal traditions of the first Dunmer settlers. Vivec, who claims to have become a god for their comfort and security, describes a literal presence in the hearts and minds of his faithful.",scholar,"The people of Morrowind include the settled Great House Dunmer and the nomadic Ashlanders. The Great Houses reflect varied philosophies, from Redoran's martial creeds and Indoril's serene compassion to Telvanni's iconoclasm, Hlaalu's Imperial integration, and Dres's ancient ancestor worship. The Ashlanders preserve the oldest tribal traditions of the first Dunmer settlers.","common, traveler","Dunmer, Great Houses, Ashlanders, House Redoran, House Indoril, House Telvanni, House Hlaalu, House Dres, Tribunal, Vivec, Morrowind culture",cultures
persecution_of_the_nerevarine,"suppression of the Nerevarine cult, Temple persecution of Nerevarines","The persecution of the Nerevarine encompasses the Temple's systematic suppression of the Nerevarine cult and its prophecies. Declaring the predictions heresy, the Temple imprisons and executes adherents, actions the Empire tolerates due to the cult's hostility toward Imperial authority. The militant wing, particularly the Ordinators, enforces this ruthlessly, a ferocity some attribute to institutional anxiety following the Temple's submission to the Empire and a perceived erosion of orthodox faith. Ashlanders harbor deep resentment toward the Temple and Ordinators for this brutal treatment.",scholar,"The Temple declares Nerevarine prophecies heresy and ruthlessly persecutes the cult, imprisoning or executing its followers. The Empire does not intervene, as the cult is hostile to Imperial rule. Ashlanders fiercely resent the Temple and its Ordinators for this brutal suppression.","common, traveler","Nerevarine, Nerevarine Cult, Tribunal Temple, Ordinators, heresy, Ashlanders, Dunmer, Imperial law, persecution, dissident priests",history
races,,"The ten intelligent races commonly encountered in Morrowind are the Redguard, Breton, Nord, Altmer, Dunmer, Bosmer, Imperial, Khajiit, Argonian, and Orc. Mortal races are broadly categorized as men, mer, or beastfolk. Dunmer constitute the native majority of the province, though heavy Imperial colonization means only half of Vvardenfell's population is Dunmer. The remaining nine outlander races are roughly equally distributed, with a notable prevalence of Argonian and Khajiit individuals held in bondage. Mercenary preferences among the Great Houses reflect cultural alignments: House Hlaalu favors Imperials and Redguards, House Redoran employs Nords and Altmer, and House Telvanni recruits Bosmer and Bretons.","scholar, traveler, common","Ten intelligent races inhabit Morrowind: Redguard, Breton, Nord, Altmer, Dunmer, Bosmer, Imperial, Khajiit, Argonian, and Orc. Though Dunmer are the native majority, heavy colonization leaves them as only half the population on Vvardenfell. The other nine races are roughly equally represented, with many Argonians and Khajiit enslaved.",common,"Dunmer, Imperial, Altmer, Bosmer, Nord, Redguard, Breton, Khajiit, Argonian, Orsimer, demographics, Vvardenfell",races
sheogorath,"Mad Lord, Mad Star, Skooma Cat, Fourth Corner of the House of Troubles","Sheogorath is the Daedric Prince of Madness and creativity, whose motives remain utterly unknowable. Known as the Fourth Corner of the House of Troubles in Dunmeri theology, he tests the mortal mind with temptation and derangement. Some accounts claim he originated as the Sithis-shaped hole left when Lorkhan's divine spark was removed. His realm is the Shivering Isles. Cultists who serve the Mad Lord survive only through strength or luck, for his spawn are never twice the same. He is also the Skooma Cat to the Khajiit, spreading madness through sugar-tooths. Superstition holds that thunderstorms belong to him, and those driven mad are said to be touched by Sheogorath.","scholar, daedra","Sheogorath is the Daedric Prince of Madness. The Dunmer revere him as the Fourth Corner of the House of Troubles, a destructive tester of mortal minds. His realm is the Shivering Isles, and his unpredictable cultists survive only through strength or luck. He is also the Skooma Cat to the Khajiit.","common, traveler, daedra","Daedric Prince, Madness, House of Troubles, Dunmer, Daedra, Shivering Isles, Skooma Cat, Oblivion",figures
bitter_cup,,"The Bitter Cup is a Daedric artifact sacred to Clavicus Vile, the Prince of power and pacts. Lost within the ruins of Ald Redaynia, the vessel holds a potent nectar that dramatically reshapes the drinker's essence, augmenting their greatest attribute while draining their weakest. Because of its religious significance to Vile's followers, the Cup holds considerable leverage; devoted worshippers may betray their allies in exchange for the relic. Those who consume its nectar find the artifact vanishes immediately, making its power a singular, irreversible choice.","scholar, esoteric","The Bitter Cup is a Daedric artifact sacred to Clavicus Vile. It is currently lost in the ruins of Ald Redaynia. The cup holds a nectar that permanently augments the drinker's greatest attribute while draining their weakest, after which the artifact vanishes.",esoteric,"Clavicus Vile, Daedric artifact, Ald Redaynia, Bitter Cup, Daedra, relic",artifacts
royal_guard,"King Helseth's Guard, Helseth's Guard","An elite personal bodyguard force handpicked by King Hlaalu Helseth for their loyalty and martial skill. Helseth selected warriors from across Tamriel, and some have served him since his years in Wayrest. The Royal Guard is led by Tienius Delitian, an Imperial soldier who has known Helseth since childhood. Stationed in Mournhold's Royal Palace, they wear distinctive red-plated armor and carry the blade King's Oath, a daedric claymore bound to those who swear fealty. Their presence generates friction with the Tribunal Temple; Almalexia and the High Ordinators view them as interlopers, dismissing them as the king's thugs. The Guard operates independently of traditional Morrowind institutions, answering solely to the monarchy.",scholar,"An elite bodyguard force handpicked by King Hlaalu Helseth for their loyalty and martial prowess. Some members have served him since his time in Wayrest. Led by the Imperial Tienius Delitian, the Royal Guard is stationed in Mournhold's Royal Palace. Their presence causes friction with the Tribunal Temple and the High Ordinators, who view them as unwelcome outsiders.","common, traveler","Mournhold, Helseth, Barenziah, Royal Palace, Tienius Delitian, High Ordinators, Almalexia, Wayrest, Hlaalu, elite guard, bodyguard",factions
arkngthand,,"Arkngthand is a substantial Dwemer ruin in the Molag Amur region, situated south of Balmora near the Foyada Mamaea. The site spans extensive surface structures and deep underground chambers, including the Hall of Centrifuge and Heaven's Gallery. Access requires operating a crank mechanism on a Dwemer pipe to open the entrance doors. The outer reaches serve as a refuge for bandits, while deeper sections remain guarded by active Dwemer constructs. The ruin is accessed via an ancient Dwemer bridge spanning the foyada.","traveler, scholar","Arkngthand is a large Dwemer ruin in the Molag Amur region near Balmora. Its extensive surface and underground chambers are accessed across an ancient bridge over the Foyada Mamaea via a crank-operated door. Bandits occupy the outer halls, while Dwemer constructs guard the depths.",common,"Arkngthand, Dwemer, Molag Amur, Balmora, Foyada Mamaea, ruins, Dwemer constructs, Dwemer mechanism",locations
conjuration,,"Conjuration is one of the six colleges of magic, encompassing the summoning of items and beings from outer realms. Though historically marginalized by the Mages Guild and practiced primarily by witch covens, it gained mainstream acceptance following the Warp in the West. Clan Direnni sorcerers first formalized the rituals and incantations for opening connections to Oblivion, many of which remain standard. The discipline includes the summoning of Daedric servants, undead, natural creatures, and otherworldly weapons and armor. Bound armaments are Daedric in nature, though typically less durable than their forged counterparts. The school also incorporates Turn Undead effects and certain necromantic reanimation rituals. Summoning is most efficient when calling creatures already present in their natural habitat, and scroll-based summoning relies on the Law of Similarity, with techniques devised by Milyn Faram allowing conjuration from mere images rather than physical remains.",scholar,"Conjuration is a college of magic focused on summoning creatures and items from otherworldly realms. Its spells call upon Daedric servants, undead, natural creatures, and conjured weapons and armor to serve and protect the caster. The discipline also includes effects that turn undead. Once practiced mainly by witches, conjuration has become a widely accepted magical art.","common, traveler","magic, conjuration, summoning, daedra, undead, oblivion, spells, college of magic, bound armor, bound weapons, direnni",magic
curse_of_dagoth_ur,"Dagoth Ur's curse, Sixth House curse","The curse of Dagoth Ur encompasses the supernatural afflictions and corruptions emanating from the Sharmat and his Sixth House, traditionally enumerated as seven curses arising from the unmourned House Dagoth. Its most visible manifestation is corprus disease, which twists body and mind while conferring unnatural resilience. The Blight storms spreading from Red Mountain represent another vector, tainting the land and creatures of Vvardenfell. The Ash Vampires embody the curse's highest expression, while lesser servants are progressively distorted by its influence. Ancient strongholds like Kogoruhn harbor the darkness at the curse's root. Temple doctrine holds this corruption an existential threat to all Morrowind, requiring constant vigilance and the spiritual barrier of the Ghostfence to contain its spread.",scholar,"The curse of Dagoth Ur is the supernatural corruption spreading from Red Mountain through the Sixth House. Known as the seven curses of the unmourned House Dagoth, its most feared manifestation is corprus disease, which twists body and mind. The Blight storms and monstrous servants of the Sixth House also spring from this evil, which the Temple struggles to contain.","common, traveler","Dagoth Ur, Sixth House, House Dagoth, corprus, blight, Ash Vampires, seven curses, Kogoruhn, Tribunal, disease",history
daedra_lords,"Daedric Princes, Daedra Princes, Princes of Oblivion","The Daedra Lords, also called Daedric Princes, are the immensely powerful entities who rule the sixteen planes of Oblivion. They are not bound by mortality and are widely regarded as trickster deities by the Tribunal Temple, which condemns their cults for treachery and deceit. Despite this, they command widespread mortal veneration through temptation and the promise of power, treating worshippers as mere sport. Each Prince governs a specific sphere of existence, such as Mehrunes Dagon over destruction or Molag Bal over domination, and they frequently intervene in mortal affairs to advance their inscrutable designs.","priest, scholar","The Daedra Lords, or Daedric Princes, are the immensely powerful rulers of the sixteen planes of Oblivion. The Tribunal Temple condemns them as treacherous deceivers, yet many mortals still venerate them, seduced by honeyed lies and promises of power while the Princes themselves treat mortals as simple sport.",common,"Daedra, Oblivion, Daedric Princes, Tribunal Temple, deities, religion, cults, Mehrunes Dagon, Molag Bal",religion
destruction,,"Destruction is one of the six schools of magic, encompassing spells that inflict harm upon living and unliving forms. Its effects include elemental damage, attribute and skill draining, vulnerability, and disintegration. While some scholars dismiss the discipline as crude due to its straightforward application, masters defend its practicality and depth. Study involves the theory of emotional-magicka response and volitional interference factors, requiring deeper consideration of spell delivery methods than other schools. Mages who specialize in this discipline commonly serve as war wizards, though mastery brings inherent danger to the caster.",scholar,"Destruction is one of the six schools of magic, devoted to harming living and unliving things. Its spells encompass elemental damage, draining, vulnerability, and disintegration effects. Mages who specialize in Destruction typically serve as war wizards.","common, traveler","magic, destruction, school of magic, war magic, elemental damage, disintegration, draining, vulnerability",magic
faith,,"Faith, as understood in Morrowind, encompasses both devotion to the Tribunal and adherence to divine law. Temple doctrine holds that faith conquers all, demanding trust in the Almsivi and their ordained path. Among the Dwemer, Nchunak recorded a contrasting philosophical dimension: a faith centered on understanding the self and its relationship to the Heart of Lorkhan, valuing enlightenment over utility. Brother Mikhael Karkuxor's 'Varieties of Faith' further catalogues the diverse religious traditions and pantheons across Tamriel, illustrating how faith's expression shifts profoundly between cultures, from Tribunal worship to the ancestor reverence of the Dunmer and the myriad cults of the Empire.","priest, scholar","Faith is devotion to divine law and the gods. The Tribunal Temple teaches that faith conquers all, demanding trust in the Almsivi. Across Tamriel, faith takes countless forms, from the ancestor reverence of the Dunmer to the diverse imperial cults catalogued by scholars.",common,"religion, Tribunal Temple, Almsivi, devotion, Dwemer philosophy, Nchunak, Varieties of Faith, Heart of Lorkhan, divine law, Tamrielic pantheons",religion
history_of_the_ashlanders,"Ashlander history, nomadic Dunmer history","In the First Era, the nomadic ancestors of the Ashlanders and the settled Dunmer clans shared a common culture. Following the First Council and the establishment of the Great Houses, the nomads were progressively displaced into the poorest and most hostile regions of Morrowind. This marginalization severed them from the mainstream Temple orthodoxy, causing them to preserve older religious traditions. Ashlander tribes now await the prophesied return of Indoril Nerevar, anticipating a restoration of their ancient rights and spiritual practices.",scholar,"Following the First Council and the rise of the Great Houses, nomadic Ashlanders were steadily driven into Morrowind's poorest lands. They now preserve their ancient religious traditions and await Nerevar's prophesied return to restore their ancestral rights.","common, traveler","Ashlanders, Dunmer, First Council, Great Houses, First Era, Nerevar, Nerevarine, nomads, Morrowind, prophecy",history
illusion,,"Illusion is one of the six schools of magic, altering the perceptions and minds of living subjects rather than the physical world. Unlike Alteration, which manipulates natural laws universally, Illusion depends on the caster's will overriding a target's reality, affecting only the caster and the subject. Its diverse effects manipulate visibility through invisibility and chameleon, produce or suppress light and sound, and directly command emotional and mental states via calm, frenzy, rally, demoralize, and charm spells. It also enforces paralysis, silence, and blindness. The school's historical weight is underscored by Jagar Tharn's infamous use of Illusion to imprison and impersonate Emperor Uriel Septim VII for a decade beginning in 3E 389.",scholar,"Illusion is one of the six schools of magic. It alters the perceptions and minds of living subjects rather than the physical world. Its spells manipulate visibility, light, and sound, and can control a target's emotions and actions through calm, frenzy, charm, and paralysis effects.","common, traveler","magic, illusion, school of magic, spells, enchantment, jagar tharn, invisibility, paralysis, charm, silence, chameleon",magic
kagrenac_s_enchantments,,"Kagrenac's enchantments refer to the arcane principles and procedures devised by Dwemer Architect Lord Kagrenac to draw power from the Heart of Lorkhan. This forbidden knowledge underpinned the function of Kagrenac's Tools—Keening, Sunder, and Wraithguard—enabling the manipulation of the Heart's divine essence. While the precise mechanisms of these enchantments remain lost with the Dwemer, even master enchanters acknowledge that these principles could theoretically be recreated or rediscovered. However, the catastrophic consequences of Kagrenac's original work have rendered such research utterly taboo, and the surviving understanding holds that this dangerous chapter of arcane study should remain permanently closed.",scholar,"Kagrenac's enchantments are the lost arcane principles Dwemer Architect Lord Kagrenac used to draw power from the Heart of Lorkhan. These enchantments allowed his legendary tools to tap the Heart's divine essence. The knowledge perished with the Dwemer, and is widely considered too dangerous to ever reconstruct.","common, traveler","Kagrenac, Dwemer, Lorkhan's Heart, enchanting, tools, Tonal Architecture, Dwarven magic, Heart of Lorkhan",magic
kagrenac_s_journals,"Kagrenac's Journal, Journals of Kagrenac, Kagrenac's Notes","Kagrenac's journals are the meticulous personal records of the Dwemeri Architect Lord Kagrenac, documenting every step of his manufacture and testing of enchanted items. They detail the original designs of his legendary tools and any subsequent modifications or enhancements made to them. Their current location is unknown; they are presumed lost, likely hidden within some unexplored Dwemer ruin on Vvardenfell. Had they been discovered, the prominent Dwemer scholar Divayth Fyr would likely have learned of their recovery, suggesting the journals still await discovery.","scholar, esoteric, dwemer","The personal records of the Dwemer Architect Lord Kagrenac, documenting his enchanted item designs and modifications. Their location remains unknown, but they are presumed to lie undiscovered in some Dwemer ruin on Vvardenfell.","esoteric, dwemer","Kagrenac, Dwemer, journals, tools, enchantment, Vvardenfell, ruins, Tonal Architecture, Heart of Lorkhan, artifacts, writings",artifacts
library_of_vivec,"Vivec Library, Hall of Wisdom Library","The Library of Vivec is the largest collection of books on Vvardenfell, situated within the Hall of Wisdom in Vivec's Temple Canton. Accessible from the St. Olms canton, the Hall of Wisdom houses these extensive shelves. While the library boasts the greatest volume of texts on the island, its holdings suffer from considerable duplication. Consequently, more unique or restricted works are typically found elsewhere, such as the Secret Library within the Hall of Justice. Among the notable volumes present on its shelves are the twenty-seventh sermon of Vivec's teachings and a copy of Progress of Truth.","traveler, scholar","The Library of Vivec is the largest collection of books on Vvardenfell, located within the Hall of Wisdom in Vivec's Temple Canton. Though vast in size, the collection contains many duplicate texts, with more unique volumes housed elsewhere.",common,"Vivec, library, Temple Canton, Hall of Wisdom, books, Vvardenfell, St. Olms",locations
mask_of_vivec,"Vivec's Ash Mask, Ash Mask of Vivec","The Mask of Vivec, also called Vivec's Ash Mask, is a sacred relic housed in the Gnisis Temple. Temple tradition holds that it formed during Dagoth Ur's return, when the Sharmat rained blight and ash upon the Dunmer. Vivec led the afflicted to modern Gnisis; upon waking, all found themselves encased in ash casts. Vivec's tears of grief shattered his cast, freeing and reviving his people. The ash cast of his face became the Mask. It anchors the Shrine of Justice, one of the Pilgrimages of the Seven Graces, and embodies Vivec's promise that the Temple will heal those unable to pay. The Mask reportedly cures common and blight diseases upon touch. It is one of the three Masks of the Tribunal.","scholar, esoteric",Vivec's Ash Mask is a holy relic displayed within the Gnisis Temple shrine. Pilgrims travel from across Morrowind to view this sacred artifact as part of the Pilgrimages of the Seven Graces. The Mask is venerated as a symbol of Vivec's mercy toward the afflicted.,esoteric,"Vivec, Gnisis, Tribunal, Seven Graces, Shrine of Justice, relic, pilgrimage, healing, blight, Dagoth Ur",artifacts
mehrunes_dagon,"Prince of Destruction, Lord of Change, Daedric Prince of Destruction","Mehrunes Dagon is the Daedric Prince of Destruction, Change, Ambition, and Revolution, whose sphere encompasses natural disasters, violent upheaval, and the toppling of the established order. He is one of the Four Corners of the House of Troubles in the Dunmeri Tribunal Temple, revered as a malevolent force that constantly tests the Dunmer through catastrophe. Dagon's insatiable hunger for devastation is not without purpose; his destruction serves as a catalyst for change and violent rebellion. He shares a bitter rivalry with Molag Bal, and his summoning day falls on the 20th of Sun's Dusk. Worship of Dagon is widely abhorred across Tamriel, as even attempting to summon him frequently proves fatal. In Morrowind, his cultists and lesser Daedra are an ever-present threat, embodying the destructive trials the Tribunal must continually suppress.","priest, scholar","Mehrunes Dagon is the Daedric Prince of Destruction, Change, and Revolution, associated with natural disasters and violent upheaval. In the Dunmeri Tribunal Temple, he is one of the Four Corners of the House of Troubles—malevolent beings who test the faithful through catastrophe. Worship of Dagon is widely abhorred across Tamriel, as even attempting to summon him frequently proves fatal to the conjurer.",common,"Daedric Prince, House of Troubles, Destruction, Change, Ambition, Dunmer religion, Mehrunes Dagon, Daedra, Bad Daedra, Disaster, Revolution",religion
palace_of_vivec,,"The Palace of Vivec crowns the southern end of the city of Vivec, serving as the abode of Lord Vivec, the Warrior-Poet of the Almsivi. The mortal god oversees the Tribunal Temple and Morrowind from within, admitting only his chosen visitors. The palace houses the Shrine of Generosity, a sacred stop on the Seven Graces pilgrimage where travelers customarily leave offerings. Beneath the structure lies the Puzzle Canal, a labyrinth of dark passages and places of worship. Questing heroes navigate its depths as a test of devotion, braving Daedric servants who guard choice treasures within. The Canal also conceals the Shrine of Courtesy, another essential pilgrimage site.","traveler, scholar","The Palace of Vivec sits at the southern end of the city of Vivec. It is the residence of the god Vivec, who admits only chosen visitors. The palace contains the Shrine of Generosity, a Seven Graces pilgrimage site. Below it lies the Puzzle Canal, a testing ground for heroes seeking Vivec's favor, which holds the Shrine of Courtesy and Daedric-guarded treasures.",common,"Vivec, Almsivi, Tribunal, Puzzle Canal, Seven Graces, Shrine of Generosity, Shrine of Courtesy, Temple, Canton, Pilgrimage",locations
weresharks,,"Weresharks are a rare lycanthropic form speculated to exist in Tamrielic lore, though confirmed encounters are exceptionally scarce. Unlike the more documented werewolves, weresharks are said to transform into savage, shark-like beasts. The condition's very existence remains uncertain among scholars, complicated by the peculiar and contradictory nature of the few reported interactions. One documented account describes a meeting with an individual identified as a wereshark who paradoxically suffered from a fear of the water, raising further questions about the nature and authenticity of this lycanthropic strain.",scholar,"Weresharks are a rare and poorly understood lycanthropic form in Tamrielic lore. Their existence remains speculative, as confirmed encounters are exceptionally scarce and accounts are contradictory. One peculiar report even describes an alleged wereshark who was afraid of the water.",common,"lycanthropy, beasts, sharks, rare creatures, transformations, daedric conditions",creatures
wraithguard_s_powers,,"Wraithguard's primary function is to protect its wearer from the fatal energies emitted by the Tools of Kagrenac, Sunder and Keening. Without this specialized safeguard, handling those profane instruments causes immediate and catastrophic harm to any mortal. In addition to this essential resonance-shielding property, Wraithguard carries minor protective enchantments that mitigate both physical and magical damage, granting the bearer useful resilience in combat. These secondary wards, while beneficial, are ancillary to the gauntlet's singular and vital purpose: enabling a mortal to safely wield Sunder and Keening without suffering lethal consequences.","scholar, esoteric","Wraithguard protects its wearer from the fatal energies of the artifacts Sunder and Keening, allowing a mortal to safely handle those tools. It also bears minor protective enchantments against physical and magical damage.",esoteric,"Wraithguard, Sunder, Keening, Tools of Kagrenac, Dwemer artifacts, protective enchantments, Tribunal, Kagrenac",artifacts
bolvyn_venim,"Archmaster Venim, Venim","Bolvyn Venim is the Archmaster of House Redoran, presiding over the Council in Ald'ruhn from his eponymous manor. A formidable crusader and natural leader, he is widely credited with rescuing House Redoran from the brink of defeat, relocating its Council to Vvardenfell, and securing the Great House's frontier landholdings. Despite his military brilliance, Venim rules tyrannically; he harbors deep suspicion of outlanders, and rumors whisper of improprieties including the secret imprisonment of a fellow councilor's son and an illicit affair. His uncompromising nature makes him an immovable obstacle to any outlander seeking the Hortatorship or Archmastership of House Redoran, as he refuses to support such bids under any circumstances. Opponents view his removal through an honorable duel as the sole path to circumvent his entrenched authority without bringing dishonor upon the Council.",scholar,"Bolvyn Venim is the Archmaster of House Redoran, ruling from his manor in Ald'ruhn. Revered as the finest general in generations for saving House Redoran from defeat and securing its Vvardenfell lands, he is nonetheless known as a harsh, tyrannical leader who deeply distrusts outlanders. His stubborn authority makes him the primary obstacle to any foreign aspirant seeking high rank within the House.","common, traveler","Dunmer, House Redoran, Archmaster, Ald'ruhn, Venim Manor, Great Houses, Crusader, Councilor, Vvardenfell, Outlanders",figures
galur_rithari_s_papers,"Private Papers of Galur Rithari, Rithari's papers","These handwritten folios comprise the personal account of Galur Rithari, a Buoyant Armiger who documented his contraction of vampirism, his reluctant integration into Clan Aundae, and his subsequent cure. Rithari recounts petitioning Molag Bal at the shrine of Bal Ur, where the Daedric Prince offered him a path to freedom in exchange for a favor. After retrieving a mysterious cursed soul gem from the northern slopes of Dagoth Ur and delivering it to the altar, Rithari was stripped of his vampirism. The papers are exceptionally rare; copies are known to exist within the secret library of Vivec's Hall of Justice, the observatory of Galom Daeus, and Kagrenac's Library at Tureynulal. Scholars of the arcane and vampiric conditions prize the manuscripts for their unique first-hand testimony of a successful cure.","scholar, esoteric","These rare manuscripts are the personal account of Galur Rithari, a Buoyant Armiger who became a vampire and was later cured. Rithari describes his infection, his time with Clan Aundae, and how he petitioned Molag Bal at Bal Ur to be freed from his affliction. The papers are highly sought by scholars for detailing a confirmed vampirism cure.",esoteric,"book, vampirism, cure, Molag Bal, Bal Ur, Buoyant Armiger, Clan Aundae, Dagoth Ur, rare manuscript, Daedra",artifacts
auriel_s_shield,"ebony_shield_auriel, shield of auriel","Auriel's Shield is a legendary artifact associated with the elven god Auriel, the Altmeri aspect of Akatosh. Forged by Anuiel at Auriel's request during the Dawn Era, it served in his campaign against Lorkhan's forces. Typically appearing as a small ebony or moonstone shield, it possesses formidable protective enchantments, including spell reflection and resistance to fire. Its most notable power absorbs the force of blocked attacks, releasing that energy as a devastating bash. Twinned with Auriel's Bow, the shield exhibits a capricious will, occasionally abandoning bearers, though such tales remain apocryphal. Currently, the shield is held by Drelyne Llenim within the Tower of Dusk at Ghostgate.","scholar, esoteric","Auriel's Shield is a legendary artifact of the elven god Auriel, the Altmeri Akatosh. Created by Anuiel for the Dawn Era war against Lorkhan, it is a small ebony or moonstone shield renowned for unsurpassed protective enchantments, including the ability to absorb and release the force of blocked attacks. It is twinned with Auriel's Bow.",esoteric,"artifact, Auriel, Akatosh, Altmer, ebony, shield, Anuiel, Lorkhan, Ghostgate, Dawn Era",artifacts
cuirass_of_the_savior_s_hide,"Hircine's Hide, Savior's Hide","The Cuirass of the Savior's Hide, also called Hircine's Hide, is a legendary artifact associated with the Daedric Prince Hircine. Wrought from the Prince's own tanned hide, the cuirass possesses extraordinary enchantments that resist magic and shield its wearer from the afflictions of corprus and other curses. It is counted among the most prized relics in Tamrielic collections. Currently, the cuirass rests within a securely locked wardrobe in the tower of Tel Fyr, on the same level as the ancient sorcerer Divayth Fyr. Its presence there draws significant interest from curators of esoteric antiquities, who recognize its immense historical and monetary value.","scholar, esoteric","The Cuirass of the Savior's Hide, or Hircine's Hide, is a renowned magical artifact crafted from the Daedric Prince Hircine's own hide. It offers potent resistance to magic and curses. The cuirass is currently kept in a locked wardrobe within Divayth Fyr's tower at Tel Fyr.",esoteric,"artifact, cuirass, Hircine, Daedric, Tel Fyr, Divayth Fyr, magic resistance, corprus, light armor, legendary",artifacts
dwemer_animunculi,"Steam Animunculi, Dwemer Constructs, Dwarven Automata","Dwemer animunculi are mechanical constructs created by the Dwemer to serve as war machines and guardians for their subterranean cities. Fashioned from Dwarven metal, these automata continue to function long after their creators' disappearance in 1E 700, relentlessly attacking trespassers. They operate through a combination of steam power, enchantment, and tonal architecture. While soul gems and dynamo cores help charge them, they are not the primary power source. Notably, animunculi excavated from Vvardenfell cease to function if removed from the region, only reactivating upon return. Common varieties include the arachnid Spider, the rolling Sphere, and the formidable Steam Centurion. Schematics detailing their construction, such as those found in the rare volume 'Secrets of Dwemer Animunculi,' are highly sought after by scholars seeking to replicate or control these ancient machines.",scholar,"Dwemer animunculi are mechanical constructs built by the Dwemer to serve as war machines and ruin guardians. Crafted from Dwarven metal, they continue to patrol underground ruins long after their creators' disappearance. Operating on steam power and enchantment, they attack trespassers on sight. Common types include Spiders, Spheres, and Steam Centurions.","common, traveler","Dwemer, Automata, Constructs, Centurions, Steam, Vvardenfell, Tonal Architecture, Enchantment",magic
goldbrand,,"Goldbrand is a legendary golden katana imbued with the power of the Daedric Prince Boethiah, burning those it strikes. Ancient legends claim the dragons of the North forged the blade and bestowed it upon the Nordic warrior Sivdur, who swore to protect them. Coveted by thieves for its precious composition, the weapon holds significant cultural and martial value. Its presence in prominent museum collections attests to its recognized antiquity and extraordinary worth.","scholar, esoteric","Goldbrand is a legendary golden katana that embodies the power of the Daedric Prince Boethiah and burns those it strikes. Ancient legends claim northern dragons forged the blade and gave it to the Nordic warrior Sivdur. Coveted by thieves for its precious metal, it is a highly prized artifact.",esoteric,"artifacts, weapons, katanas, daedric, boethiah, dragons, goldbrand, magic",artifacts
mace_of_molag_bal,"Vampire's Mace, Master's Mace","The Mace of Molag Bal, also called the Vampire's Mace or the Master's Mace, is a Daedric artifact attributed to Molag Bal, the Lord of Domination and Enslavement. Its enchantment drains the stamina and magicka of those it strikes, transferring that vitality to the wielder, making it a feared weapon against mages. Accounts differ on its precise powers; some claim it can also absorb an enemy's strength or trap their soul. Legends trace its origin to an Orcish blacksmith deceived by Molag Bal, who was enslaved in Coldharbour as a Soul Shriven and forced to forge the weapon. The Prince of Domination freely grants the mace to those he deems worthy, anticipating that such power inevitably leaves a trail of death and destruction in mortal hands. His cultists venerate it as a sacred instrument.","scholar, esoteric","The Mace of Molag Bal, or Vampire's Mace, is a Daedric artifact of Molag Bal. It drains the stamina and magicka of its victims, transferring them to the wielder. Legends claim an Orcish blacksmith enslaved in Coldharbour forged it. The Prince grants it freely, expecting it to bring destruction.",esoteric,"Molag Bal, Daedric artifact, Vampire's Mace, Coldharbour, Soul Shriven, Master's Mace, Daedra worship, enchanted weapon, stamina drain, magicka drain, Orcish blacksmith",artifacts
staff_of_hasedoki,,"The Staff of Hasedoki is an engraved metallic staff crowned with a horned blue head, belonging to the wizard Hasedoki. According to legend, Hasedoki bonded his own soul into the staff, driven by the isolation brought on by others fearing his power. The artifact grants its wielder powerful resistance against magicka. Offensively, it fires projectiles that strike with overwhelming force to knock back targets and applies a soul trap effect. Mages across Tamriel have long sought the staff for its protective qualities. It is currently rumored to rest within the Gimothran Ancestral Tomb, guarded by the undead Koffutto Gilgar.","scholar, esoteric","A legendary engraved metallic staff bearing a horned blue head, once owned by the wizard Hasedoki. Legend holds that Hasedoki, isolated by those who feared him, bonded his soul into this artifact. It grants powerful magicka resistance, knocks back foes, and traps souls. Mages across Tamriel seek it.",esoteric,"artifact, staff, Hasedoki, magicka resistance, soul trap, enchantment, Tamriel",artifacts
ten_pace_boots,,"The Ten Pace Boots are a legendary artifact of uncertain provenance. Despite their heavy leather appearance, they offer protection rivaling Daedric armor. Their enchantment fortifies the wearer's speed and athletic ability while granting slowfall, though at the cost of draining fatigue. The boots recently rested in the inner shrine of Bal Fell, Daedric ruins on an island east of Vivec associated with Sheogorath. The site has acquired a dark reputation, drawing competing Telvanni hirelings and Mages Guild expeditions eager to plunder its depths. The boots are recognized as a prize worthy of museum exhibition.","scholar, esoteric","The Ten Pace Boots are a legendary artifact of unknown origin. Despite their heavy leather appearance, they rival Daedric armor in protection. Their enchantment fortifies speed and athletic ability while granting slowfall, though it drains the wearer's fatigue. They are recognized as a prize suitable for museum exhibition.",esoteric,"artifact, boots, armor, Bal-Fell, Sheogorath, Daedric, enchantment, Mournhold, Museum-of-Artifacts",artifacts
vampiric_ring,,"The Vampiric Ring is a rare and deadly artifact of unknown origin, thought to have been created in Morrowind by an ancient vampire cult. It possesses the power to drain a victim's vitality and transfer it to the wearer. Yagrum Bagarn's Tamrielic Lore lists the ring among artifacts of unimaginable significance. The ring appears only once every few hundred years, making its current whereabouts a matter of speculation. Its destructive enchantment is notoriously potent, though limited in uses.","scholar, esoteric","A rare and deadly enchanted ring that drains a victim's health and transfers it to the wearer. Its exact origin is unknown, though some attribute its creation to an ancient vampire cult in Morrowind.",esoteric,"artifact, ring, vampirism, necromancy, Ald Redaynia, Morrowind, Tamrielic Lore, rare, enchanted, health",artifacts
veloth_s_judgement,"Judgment of Saint Veloth, Judgement of Veloth","Veloth's Judgement is the Daedric warhammer wielded by Saint Veloth during the Chimer exodus from Summerset. A symbol of his authority, its enchantments could cleanse corruption from the souls it struck, storing that corruption as energy to empower the weapon. Veloth's precision allowed him to purge corruption while leaving the victim alive. At Dunmeth Pass, Veloth swore an oath upon the hammer to never again slay a foe, vowing to dedicate his life to his people. He set the weapon aside to focus on building Resdayn. After his ascension to sainthood, the hammer gained legendary power, rumored capable of siphoning entire souls. In the late Third Era, the weapon rests with a priest in Molag Mar.","scholar, esoteric","Veloth's Judgement is the Daedric warhammer Saint Veloth wielded during the Chimer exodus. Its enchantments cleansed corruption from souls it struck. Veloth swore upon the hammer to never again take a life, setting it aside to build Resdayn. The weapon currently rests with a priest in Molag Mar.",esoteric,"Daedric warhammer, Saint Veloth, Chimer exodus, Molag Mar, Dunmeth Pass, soul cleansing, Resdayn",artifacts
draugr,,"Draugr are reanimated Nord dead found in ancient barrows, most notably on Solstheim and in Skyrim. The Solstheim variety were once a tribe akin to the Skaal; driven by starvation, they consumed the flesh of their fallen, committing a crime against nature for which the All-Maker cursed them with eternal undeath. These cursed draugr relentlessly hunt for human flesh and are considered abhorrent by the Skaal, who sometimes slay them as a rite of passage. The Skyrim variety differ in origin, arising from the ancient Dragon Cult, where followers were interred with their priests. These adherents periodically awaken to worship at their priest's sarcophagus, transferring a whisper of life force to sustain their master before returning to rest. Over millennia, their preserved bodies have withered into their present wretched state. Gravetar, an alchemical ingredient, can be harvested from Solstheim draugr.",scholar,"Draugr are reanimated, withered Nord dead that haunt ancient barrows. On Solstheim, they were once warriors who resorted to consuming their fallen comrades; the All-Maker cursed them with undeath for this crime against nature, leaving them to forever wander in search of human flesh. The Skaal consider them abhorrent abominations.",common,"undead, Nord, Solstheim, Skaal, All-Maker, cursed, barrow, cannibalism, gravetar, necromancy",creatures
gedna_relvel,"Red Witch, Crimson Witch of Mournhold, Lich of Mournhold","Gedna Relvel, called the Red Witch and the Crimson Witch of Mournhold, was a powerful sorceress condemned for the study and practice of forbidden magics. Entombed in the ruins beneath Old Mournhold, she nevertheless cheated death through unknown necromantic arts and rose as a lich. She is associated with the Crimson Plague, a pestilence she intended to spread across the city, and with the artifact known as the Robe of the Lich. Her sealed tomb beneath Mournhold remains a subject of dark rumor among those familiar with the city's buried histories.",scholar,"Gedna Relvel, known as the Red Witch of Mournhold, was a powerful sorceress condemned and entombed beneath Old Mournhold for practicing forbidden magics. Some accounts hold that she possessed the power to cheat death itself.","common, traveler","lich, sorceress, Mournhold, Crimson Plague, forbidden magic, necromancy, Old Mournhold, Red Witch, undead, Tribunal",figures
ilmeni_dren,,"Ilmeni Dren is a Dunmer noble of House Hlaalu and the daughter of Duke Vedam Dren. She resides in Vivec's St. Delyn Canalworks, where she leads the Twin Lamps, Morrowind's most prominent abolitionist organization. Her anti-slavery activism places her in direct ideological opposition to her uncle, Orvas Dren, whose vast plantations rely heavily on slave labor. This stance creates a notable tension within the Dren family, pitting the Duke's influential daughter against one of Vvardenfell's wealthiest slave-owners. As a House Cousin of Hlaalu, Ilmeni occupies a privileged social position that she leverages to advance the abolitionist cause, making her a significant figure in the ongoing debate over slavery's future in Morrowind.",scholar,"Ilmeni Dren is a Dunmer noble of House Hlaalu and daughter of Duke Vedam Dren. She lives in Vivec's St. Delyn Canton and is a prominent anti-slavery campaigner, leading the abolitionist organization known as the Twin Lamps.","common, traveler","House Hlaalu, Duke Vedam Dren, Twin Lamps, abolitionist, Orvas Dren, Vivec, St. Delyn, anti-slavery, Dunmer, noble",figures
totem_of_claw_and_fang,"Skaal Totem, Totem of the Spirit Bear, Symbol of Hrokkibeg","The Totem of Claw and Fang is a sacred necklace adorned with the claws and fang of a great bear, revered by both the Skaal of Solstheim and the Reachfolk. The Reach clans recognize it as the symbol of Hrokkibeg, Hircine's bear aspect, counting it among the Symbols of the Five Aspects alongside the Spear of Bitter Mercy and three other Hircine totems. For the Skaal, the totem holds central importance in the Ristaag ritual; through powerful nature magic, it is used to summon the Spirit Bear, which Skaal warriors then track and kill to honor the All-Maker. The artifact was stolen from the Skaal many years ago and interred in the Tombs of Skaalara, a loss that cost many warriors during its eventual reclamation.","scholar, esoteric, skaal","The Totem of Claw and Fang is a sacred bear-claw necklace revered by the Skaal of Solstheim. They use it in the Ristaag ritual, invoking nature magic to summon the Spirit Bear, which is then hunted to honor the All-Maker. The totem was stolen long ago and hidden in the Tombs of Skaalara.","esoteric, skaal","artifact, Skaal, Reachfolk, Hircine, Hrokkibeg, Spirit Bear, Ristaag, Symbols of the Five Aspects, Solstheim, nature magic, totem",artifacts
saryoni_s_sermons,,"Saryoni's Sermons is a volume of the Tribunal Temple's Hierographa written and annotated by Archcanon Tholer Saryoni. It compiles Vivec's most famous sermons and popular explanations of his Gospels, organizing key teachings around the Seven Graces—Valor, Daring, Justice, Courtesy, Pride, Generosity, and Humility—alongside five pronouncements on faith and endurance. As the best-selling of the Temple's annotated texts, it is inexpensive and commonly found in most Dunmer households. More elaborate editions are handsomely illuminated with Vivec's Gospel quotations for days, seasons, and festivals. The text serves as a foundational primer for the faithful, distilling complex theological principles into accessible devotional prayers.","scholar, esoteric","Saryoni's Sermons is a widely distributed Tribunal Temple text annotated by Archcanon Tholer Saryoni. It collects Vivec's teachings on the Seven Graces and principles of faith in an accessible format. As the Temple's best-selling annotated scripture, it is a common fixture in Dunmer households.",esoteric,"Saryoni's Sermons, Tholer Saryoni, Vivec, Seven Graces, Tribunal Temple, Hierographa, Almsivi, Dunmer faith, Temple scripture, Dunmer household",artifacts
vampirism,"vampire disease, porphyric hemophilia","Vampirism is widely considered a disease, transmitted through the affliction known as Porphyric Hemophilia, yet it remains incurable by standard medicine, temple rites, or conventional magic. The condition grants altered states of being at the cost of severe vulnerabilities and societal ostracism. In Morrowind, vampires are regarded as abominations and destroyed on sight. Obscure texts, including the banned volume Vampires of Vvardenfell and the private papers of the Buoyant Armiger Galur Rithari, suggest the Daedric Prince Molag Bal holds dominion over the condition and may provide a cure. Such accounts claim Bal retrieved this cure from Vaermina in exchange for services rendered. However, mainstream Temple doctrine dismisses these accounts, and no verified public ritual or treatment exists.",scholar,"Vampirism is often called a disease, but no temple, wise woman, or sorcerer has ever produced a reliable cure. In Morrowind, vampires are considered evil and dangerous, destroyed on sight whenever possible. The affliction spreads through contact with vampires, and once contracted, it defies all known healing arts.",common,"vampirism, disease, vampire, porphyric hemophilia, Molag Bal, uncurable, Daedra, blood, immortality, Tribunal Temple",diseases
scamp,,"Scamps are diminutive, goblinesque lesser Daedra commonly associated with Mehrunes Dagon, though they also serve Molag Bal, Sheogorath, Sanguine, and Vaermina. Regarded as the rats of Oblivion, they are semi-intelligent, relatively weak, and often cowardly, yet sufficiently cunning and dexterous to serve as errand-runners and manipulative minions for greater Daedra. They wriggle between realms more easily than their superiors, frequently entering the mortal plane to cause mischief. In combat, they rely on sharp claws and teeth, proving troublesome only in packs. Conjurers sometimes summon them, but their limited intelligence makes them unpredictable servants capable of turning on their summoners. Scamp skin, harvested from specimens bound to the mortal plane, is a valued alchemical substance, though the extraction process is notoriously unpleasant and keeps the ingredient in scarce supply.","scholar, daedra","Scamps are weak, semi-intelligent lesser Daedra that commonly serve Mehrunes Dagon and other Daedric Princes. These diminutive, goblinesque creatures often enter the mortal world to cause mischief or run errands. Though cowardly, they are cunning enough to be useful minions and can be summoned by conjurers. Alchemists prize their skin for its magical properties.",common,"Daedra, Mehrunes Dagon, conjuration, scamp skin, Oblivion, lesser Daedra, alchemy, Molag Bal, Sheogorath, minions",creatures
bonewalker,Lesser Bonewalker,"Bonewalkers are ancestral revenants bound to guard Dunmer clan tombs throughout Morrowind. Skeletal and zombie-like, they exhibit gaping wounds and sharp protuberances of bone and metal from the binding rituals that anchor them to the mortal plane. While less physically dangerous than their more powerful manifestation, the Greater Bonewalker, they are feared for the debilitating curses they inflict upon intruders. They resist frost, poison, and shock, and carry the disease Brown Rot. Bonemeal, a powder with modest magical properties, is ground from their remains. Conjurers may also summon them as spirit guardians.",scholar,"Bonewalkers are ancestral revenants that guard Dunmer burial tombs. These skeletal, zombie-like undead are bound by rituals and feared for the curses they cast on intruders. They carry Brown Rot disease, and bonemeal is ground from their remains.",common,"undead, revenant, Dunmer, ancestral tomb, bonemeal, curse, Brown Rot, conjuration, Morrowind, guardian",creatures
crassius_curio,Uncle Crassius,"Crassius Curio is an Imperial noble and Councilor of Great House Hlaalu, residing in a mansion atop the Hlaalu Plaza in Vivec. An eccentric and lecherous figure who insists on being called Uncle Crassius, he is a patron of the arts and an aspiring theater impresario. He authored the notorious erotic play The Lusty Argonian Maid and The Dance of the Three-Legged Guar. Despite his notorious personal vices, which render him susceptible to manipulation, Curio stands apart from much of his House by actively opposing administrative corruption, notably concerning the Odral Helvi affair in Caldera.",scholar,"Crassius Curio is an Imperial noble and Councilor of Great House Hlaalu who resides in the Hlaalu Plaza of Vivec. An eccentric and lecherous figure who prefers the name Uncle Crassius, he is a known patron of the arts and the author of the notorious erotic play The Lusty Argonian Maid.","common, traveler","House Hlaalu, Imperial, Councilor, Vivec, playwright, The Lusty Argonian Maid, Uncle Crassius, Hlaalu Plaza, theater, Caldera",figures
dremora,"Kyn, Kynaz, Dremora Clan","Dremora, who call themselves the Kyn, are intelligent, warlike Daedra primarily serving Mehrunes Dagon, though individuals serve other Princes such as Molag Bal. Organized into hierarchical clans like Clan Dremora, they prize rank, discipline, and oaths as expressions of will, viewing order wrested from Oblivion's chaos as glorious. They consider themselves above lesser Daedra and hold mortal races in contempt, yet frequently manifest on Nirn at Daedric ruins or through conjuration, sometimes serving as Temple guardians or Mages Guild messengers. Their hearts possess modest magical properties. The term Dremora is an arena-nickname used with mortals to protect true clan tribunymics. They serve as intermediaries for mortal pacts with Princes and view existence purely as purpose, not morality.",scholar,"Dremora are intelligent, warlike Daedric spirits primarily serving Mehrunes Dagon. They consider themselves superior to other Daedra and despise mortals, yet are frequently summoned to Nirn or found at Daedric shrines. Their hearts hold modest magical properties.",common,"daedra, dremora, kyn, mehrunes dagon, oblivion, daedric prince, war spirits, clan dremora, summoning, daedra hearts, molag bal",creatures
hunger,,"Hungers are ferocious Daedric servants of Boethiah, a Daedric Prince also called Hunger by the Dunmer. These voracious creatures possess long tongues used to siphon the life from prey, razor-sharp claws, a paralyzing touch, and the uncanny ability to quickly destroy an opponent's armor and weapons. They can spew poisonous bile and teleport short distances. Alchemists value hunger tongues for curing diseases and countering poison, while some Dunmer repurpose them as hair combs. Their claws are sometimes crafted into filleting knives. Daedra hearts carry modest magical properties.","scholar, daedra","Hungers are ferocious Daedra that serve Boethiah, a Daedric Prince also known as Hunger to the Dunmer. They possess long, life-draining tongues, paralyzing touches, and the ability to destroy a foe's armor and weapons. Alchemists prize their tongues as ingredients.",common,"daedra, boethiah, hunger, daedric-creatures, paralysis, alchemy-ingredients, dunmer",creatures
kwama_queen,,"The kwama queen is the immense, immobile reproductive matriarch of a kwama egg mine, physically too large and heavy to move. She produces the nest's eggs continuously, sustaining the colony's numbers and the Dunmer egg trade. Incapable of self-sufficiency, she relies entirely on worker kwama for sustenance and care. Her death collapses the colony's social structure, rendering the mine barren. Consequently, miners and warriors fiercely protect her from blight, disease, and predators, as her survival is the sole guarantee of the mine's economic output.",scholar,"The kwama queen is the immense, immobile matriarch of a kwama colony. Too large and heavy to move, she produces the nest's eggs and relies entirely on worker kwama to attend to her needs. Her survival is essential to the colony's existence.",common,"kwama, queen, egg mine, colony, insect, reproduction, blight, Morrowind, Dunmer, economy, creature",creatures
masque_of_clavicus_vile,"Masque of Clavicus, Mask of Clavicus Vile","The Masque of Clavicus Vile is a Daedric artifact associated with its patron, the Daedric Prince Clavicus Vile. The helm is enchanted to make its wearer seem charming and trustworthy, thereby earning the admiration of others regardless of their actual appearance. The most well-known account of the Masque involves Avalea, a noblewoman who was disfigured by a spiteful servant. She bargained with Clavicus Vile and received the Masque, gaining widespread respect. However, a year and a day after her marriage to a baron, Clavicus Vile reclaimed the Masque, and Avalea was banished. Twenty-one years later, her daughter avenged her by slaying the baron. Like other Daedric artifacts, the Masque appears and disappears according to the whims of its patron, who retains ultimate control over it.","scholar, esoteric","The Masque of Clavicus Vile is a Daedric helm that makes its wearer seem charming and trustworthy, earning them admiration. Like other Daedric artifacts, it appears and disappears at the whim of its patron, Clavicus Vile, who can reclaim it without warning.",esoteric,"Daedric artifact, Clavicus Vile, helm, enchantment, Avalea, charm, trust",artifacts
the_common_tongue,"Common Tongue broadsheet, Mournhold broadsheet","The Common Tongue is an anonymous broadsheet circulating in Mournhold, printed on cheap paper and presenting sensational accounts of city events. Its most notorious issue lists individuals—Anhar, Martyrius Arruntius, and Jusole Asciele—who died under convenient circumstances while representing obstacles to Helseth during his time as a Western prince. Though it disclaims any direct accusation, the publication pointedly notes the absence of proof could itself qualify Helseth as a subtle poisoner, while drawing a parallel to the recent death of King Athyn Llethan. Royal authorities seek its anonymous author for spreading vague falsehoods that encourage the populace to believe King Helseth poisoned Llethan.","scholar, common","The Common Tongue is an anonymous broadsheet circulating in Mournhold that publishes sensational rumors. One infamous issue lists individuals who conveniently died after opposing King Helseth in the West, subtly implying he is a poisoner. Royal authorities seek its author for spreading such claims regarding King Athyn Llethan's death.","common, traveler","Mournhold, broadsheet, King Helseth, Athyn Llethan, propaganda, poison, Wayrest, rumors, Tribunal, anonymous publication",cultures
the_lost_prophecy,"Outlander Incarnate Prophecy, Blessed Guest Prophecy","A Nerevarine prophecy preserved in the Apographa of the Dissident Priests and annotated by Abbot Gilvas Barelo of Holamayan. It foretells an Outlander Incarnate—born under the sign of the Dragon, not of the four Ashlander clans—who arrives as a blessed guest beneath Red Mountain to counter seven curses. The prophecy's 'star-blessed hand' suggests Azura's favor, while the 'thrice-cursed blade' likely refers to Keening, the legendary Dwemer tool. The hero reaps the harvest of the 'unmourned house,' a reference to either or both of the lost Great Houses, Dwemer and Dagoth. Its emphasis on a foreign-born incarnate likely caused its suppression by orthodox Temple authorities.",scholar,"A Nerevarine prophecy preserved by the Dissident Priests. It foretells a foreign-born hero of ancient lineage—born under the Dragon sign—who arrives as a blessed guest beneath Red Mountain to counter seven curses. Guided by Azura and wielding a thrice-cursed blade, this Outlander Incarnate brings justice to the lost House Dagoth, House Dwemer, or both.","common, traveler","Nerevarine Prophecies, Dissident Priests, Apographa, Gilvas Barelo, Azura, Keening, House Dagoth, House Dwemer, Red Mountain, Seven Curses, Ashlanders",lore
kagrenac_s_planbook,,"Kagrenac's Planbook is the personal design journal of the Dwemer Arch-Tonal Architect Kagrenac, containing his original schematics and project outlines. Written in an unreadable language with complex diagrams annotated by numbers and strange symbols, its title page alone is legible, marked in Ald Aldmeris. While its undiscovered contents remain a subject of speculation among scholars such as Divayth Fyr, the planbook is believed to record the foundational designs for Kagrenac's Tools and the procedures intended to tap the Heart of Lorkhan, representing a crucial link to understanding the Dwemer disappearance.","scholar, esoteric","Kagrenac's Planbook is the personal journal of the Dwemer Architect Kagrenac. Written in an unknown script and language with complex diagrams, only its Ald Aldmeris title page is legible. Scholars believe the book remains undiscovered in some Vvardenfell ruin and contains his original designs for the Tools of Kagrenac.","esoteric, common","Kagrenac, Dwemer, Tonal Architecture, Heart of Lorkhan, Tools of Kagrenac, planbook, Tureynulal, Yagrum Bagarn, Wraithguard, Aldmeris, Dwemer ruins",artifacts
hlaalu_hortator,Hortator of House Hlaalu,"The Hlaalu Hortator is the designated war leader of House Hlaalu, a title rooted in ancient Ashlander tradition and central to the Nerevarine prophecy's Fourth Trial. Achieving this position requires the unanimous consensus of the Hlaalu councilors. Given House Hlaalu's mercantile disposition, this process is characterized by bribery, negotiation, and political maneuvering rather than martial challenge. The councilors include Crassius Curio, Dram Bero, Yngling Half-Troll, Orvas Dren, Velanda Omani, and Nevena Ules. The Belt of the Hortator serves as the traditional token of the office. A Hortator must be named by all three Great Houses to fulfill the prophecy.",scholar,"The Hlaalu Hortator is the war leader of House Hlaalu, a title required by the Nerevarine prophecy. Gaining it demands unanimous agreement from the Hlaalu councilors, a process typically involving extensive bribery and political negotiation rather than combat. The Belt of the Hortator is the traditional token of the office.","common, traveler","Hlaalu, Hortator, Great Houses, Nerevarine prophecy, Fourth Trial, Belt of the Hortator, House Hlaalu, Crassius Curio, Dunmer",lore
redoran_hortator,,"A Redoran Hortator is a war leader and champion chosen by unanimous vote of the House Redoran council. Defined by ancient custom, the Hortator must be skilled in combat and renowned for courage and honor. This grave office is traditionally invoked only in times of dire peril to lead the House against its enemies. The council's requirement for unanimity means that any single councilor can block the appointment, making the selection a profound test of a candidate's diplomatic and martial standing within the House.",scholar,"A Redoran Hortator is a war leader and champion chosen by a unanimous vote of the House Redoran council. The Hortator must be skilled in combat and known for courage and honor, leading the House in times of great need.","common, traveler","Hortator, House Redoran, Great Houses, Dunmer, war leader, champion, council, tradition, Fourth Trial, Nerevarine Prophecy",lore
telvanni_hortator,,"The Telvanni Hortator is a traditional war leader of House Telvanni, chosen to unite the council and lead in times of conflict. Selection requires a unanimous vote from all surviving Telvanni councilors. The candidate must demonstrate exceptional martial or magical prowess, or possess inspiring leadership. Upon confirmation, the Hortator receives the Robe of the Hortator, a clan heirloom symbolizing the office. In the context of the Nerevarine prophecy, becoming Hortator of House Telvanni—alongside Redoran and Hlaalu—fulfills the Fourth Trial of the Seven Visions.",scholar,"A Hortator is a special war leader chosen by a Great House during times of crisis. For House Telvanni, earning this title requires a unanimous vote from all surviving councilors. The office carries the Robe of the Hortator, a clan heirloom. Becoming Hortator of all three Great Houses fulfills the Fourth Trial of the Nerevarine prophecy.","common, traveler","hortator, house-telvanni, war-leader, great-houses, nerevarine-prophecy, fourth-trial, dunmer, council, robe-of-the-hortator",lore
necromancy,"dark arts, dark practice, necromantic arts","Necromancy is the manipulation of mortal souls and corpses, often considered a subset of conjuration though some argue it constitutes a distinct school. Imperial law permits the discipline, treating bodies and spirits as protected property requiring the owner's consent for use. In Morrowind, however, the Dunmer despise philosophical necromancers and punish them with death, despite their own tradition of summoning ancestral spirits to guard tombs—a practice they deem sacred rather than profane. This cultural contradiction highlights the volatile distinction between venerated ancestor worship and reviled corpse animation. Practitioners bind souls to prepared physical forms, risking incomplete bindings that turn minions against their masters. The craft's corrupting influence and association with Molag Bal leads institutions like the Mages Guild to expel known practitioners, though advocates defend it as a legitimate science vital for combating undead threats.",scholar,"Necromancy is the magic of manipulating mortal souls and reanimating corpses. Imperial law permits it if the body's owner consents, but in Morrowind, the Dunmer execute practitioners despite summoning their own ancestors to guard tombs. Most cultures consider the art immoral and soul-corrupting, and the Mages Guild expels known necromancers.","common, traveler","magic, conjuration, undead, corpses, souls, Dunmer, Empire, Mages Guild, Molag Bal, law, animus",magic
boots_of_the_apostle,,"Legendary boots once worn by Tiber Septim, also known as Talos Stormcrown. According to tradition, Talos received them as gifts from the Greybeards of Skyrim after learning the secrets of the high peak winds, enabling him to stride through the air upon descending from the mountains. After Septim yielded his crown, the boots vanished for centuries. They currently lie in the underground caverns of the Dunmer stronghold of Berandas, guarded by winged twilights, on the remains of a fallen hero. The artifact grants its wearer the ability to levitate.","scholar, esoteric","Legendary boots once worn by Tiber Septim. Tradition holds that the Greybeards of Skyrim gifted them to Talos Stormcrown after he learned the secrets of the mountain winds, allowing him to stride through the air. Lost for many years, they are said to rest in the depths of the Dunmer stronghold of Berandas.",esoteric,"artifact, Tiber Septim, Talos, Greybeards, Berandas, levitation, Imperial Cult, legendary armor, Cyrodiil, Skyrim",artifacts
chronicles_of_nchuleft,,"Chronicles of Nchuleft is a rare Dwemer historical chronicle written in Aldmeris, likely by an anonymous Altmer. It records significant events within the Dwemer Freehold Colony of Nchuleft, including the death of Lord Ihlendam. Following a tense Council Meet in Bamz-Amschend where Ihlendam and Councilor Bluthanch quarreled, Ihlendam died in Chinzinch Pass while traveling to parley with Bluthanch at Hendor-Stardumz. Though foul play was suspected, nothing was proven. Copies are exceedingly scarce; scholars of Dwemer civilization prize the text, and it is sought by the Mages Guild for research. Surviving copies are occasionally found in the ruin of Nchuleft or specialized booksellers.","scholar, esoteric",Chronicles of Nchuleft is a rare historical text written in Aldmeris chronicling events in the Dwemer Freehold Colony of Nchuleft. It details the death of Lord Ihlendam amid a feud with Councilor Bluthanch. The scarce volume is prized by Dwemer scholars.,esoteric,"Dwemer, book, Nchuleft, Aldmeris, Lord Ihlendam, Councilor Bluthanch, Bamz-Amschend, Dwemer Freehold Colony, Mages Guild, rare text",artifacts
ghostgate,,"Ghostgate is the sole passage through the Ghostfence into the blighted Red Mountain region, raised to contain the Blight and Dagoth Ur's servants. Its two towers—Dawn to the east and Dusk to the west—garrison Ordinators and Buoyant Armigers alongside a Tribunal Temple and a House Redoran hostel for pilgrims. For centuries, Temple forces led by the Tribunal passed through on annual raids against Dagoth Ur's ash vampire kin, though these expeditions were suspended following heavy losses. The shrine within stands as a symbol of Almsivi's indomitable will.","traveler, scholar, common","Ghostgate guards the only passage through the Ghostfence into Red Mountain's blighted interior. Its twin towers, Dawn and Dusk, house Ordinators, Buoyant Armigers, a Tribunal Temple, and a pilgrim hostel. The fortress keeps the Blight and Dagoth Ur's creatures contained within, standing as a symbol of Almsivi's vigil.",common,"Ghostfence, Red Mountain, Blight, Dagoth Ur, Tribunal Temple, Buoyant Armigers, Ordinators, House Redoran, Dawn, Dusk, fortress, pilgrimage",locations
lord_s_mail,Armor of Morihaus,"The Lord's Mail, also called the Armor of Morihaus, is a legendary enchanted cuirass of great significance to the Imperial Legion. Historically kept in a shrine within the Imperial Commission at Ebonheart, the artifact was recently stolen from its secure enclosure. Imperial investigators suspect the disgraced former legionnaire Furius Acilius of the theft, citing his prior knowledge of the armor and rumored secret caves beneath the castle. The cuirass remains missing, its recovery a matter of considerable urgency for the Legion's leadership in the region.","scholar, esoteric","The Lord's Mail, or Armor of Morihaus, is a legendary cuirass treasured by the Imperial Legion. Kept at the Imperial Commission in Ebonheart, the artifact has recently disappeared under suspicious circumstances.",esoteric,"artifact, armor, cuirass, Imperial Legion, Ebonheart, Morihaus, relic, legendary",artifacts
progress_of_truth,,"A theological treatise compiled by the Dissident Priests that systematically challenges Tribunal Temple orthodoxy. It disputes the divine origin of the Tribunal's apotheosis, citing Apographa sources that attribute their godhood to profane Dwemer tools rather than ancestral blessing. The text further accuses the Temple of suppressing conflicting accounts of the Battle of Red Mountain, concealing Dagoth Ur's true threat, hiding the diminishing of the Tribunal's powers, and employing Ordinator terror to silence dissent. It also defends the Nerevarine prophecies and advocates restoring traditional ancestor and Daedra veneration. The Temple has outlawed its possession and sale.","scholar, esoteric, dunmer","A banned treatise by the Dissident Priests that disputes Tribunal doctrine. It questions the divinity of the Tribunal, accuses the Temple of suppressing alternate histories of the Battle of Red Mountain, and condemns Ordinator persecution of heretics and Nerevarine cultists. Possession or sale of this text is forbidden by Temple law.",esoteric,"Dissident Priests, Tribunal Temple, heresy, Dagoth Ur, Red Mountain, Nerevarine, Ordinators, Apographa, Kagrenac, Dunmer religion, banned books",artifacts
slavery,"slave trade, Dunmer slavery","Slavery is the ownership of sentient beings as property, a practice legally protected within Morrowind by the Armistice of 2E 896. While abolished throughout the rest of the Third Empire, the Great Houses—particularly Dres, Hlaalu, and Telvanni—resist any diminishment of this ancient right, relying on slave labor for agriculture and household service. Argonians and Khajiit constitute the majority of those enslaved, frequently captured from their homelands by Dunmer raiders. The Twin Lamps, an underground abolitionist movement, works covertly to liberate the enslaved and oppose the trade, reflecting broader Imperial discomfort with the institution. The practice remains a profound source of cultural friction between Morrowind and the Empire.",scholar,"Slavery is legally permitted in Morrowind under the Armistice, though it is outlawed throughout the rest of the Empire. The Dunmer Great Houses, especially House Dres, rely heavily on enslaved Argonians and Khajiit for their plantations. The Twin Lamps is an active abolitionist society working to help slaves escape their bonds.","common, traveler","slavery, Dunmer, Great Houses, Dres, Hlaalu, Telvanni, Armistice, Twin Lamps, Imperial law, Argonians, Khajiit, Morrowind",history
hands_of_almalexia,Her Hands,"The Hands of Almalexia serve as the personal guard of the Tribunal god Almalexia, drawn from Morrowind's most skilled warriors. Their bodies and souls are fortified by her divine favor, and their distinctive armor and scimitars carry fearsome divine enchantments, making them among the most terrible mortal warriors on Tamriel. Formerly, the Hands spent much of their time punishing criminals and protecting the people of Mournhold as instruments of vigilant mercy. In recent years, however, they have withdrawn to devote themselves entirely to Almalexia's personal protection, projecting an image of vengeful might rather than public guardianship.",scholar,"The Hands of Almalexia are the personal guard of the Tribunal god Almalexia. Chosen from Morrowind's most skilled warriors, their bodies and souls are fortified by divine magic, and their armor and weapons bear fearsome divine enchantments. Some say they are the most terrible mortal warriors in the world.","common, traveler","Almalexia, Tribunal, Tribunal Temple, Mournhold, bodyguards, divine enchantments, Her Hands, Dunmer, House Indoril, Temple military",factions
stalhrim,"ice armor, enchanted ice, Nordic burial ice","Stalhrim is a rare enchanted ice found only on Solstheim, historically used by ancient Nords to encase their honored dead. This blue-white crystalline substance is hard as iron and unnaturally cold, impervious to conventional tools; only ancient Nordic pickaxes can carve it. With proper skill, it is worked like ebony to craft exceptionally protective weapons and armor—sometimes called ice armor—that uniquely amplify the potency of frost enchantments. While the Skaal traditionally shun its use, others recognize its immense value. In its raw form, stalhrim functions as an alchemical ingredient inducing paralysis and frost damage. Its burial applications and crafting potential make it a highly contested resource.","scholar, esoteric","Stalhrim is a rare enchanted ice found only on Solstheim, historically used by ancient Nords to encase their honored dead. This blue-white crystalline material is incredibly hard and cold, requiring ancient Nordic pickaxes to mine. Skilled smiths work it like ebony to craft highly protective weapons and armor that amplify frost enchantments.","esoteric, common","Solstheim, Nordic, ice, armor, weapon, burial, enchantment, ebony, Skaal, Raven Rock, alchemy",artifacts
talos_cult,Cult of Talos,"A religious group venerating Tiber Septim as the divine god-hero Talos, the Dragonborn. The Talos Cult forms part of the broader Imperial Cult alongside the Eight Divines and commands a significant following within the Imperial Legion. Its predecessor, the Cult of Tiber Septim, was a prominent Nibenese cult during the Emperor's living reign. Currently, fringe Legion members of the cult at the Deathshead garrison in Gnisis are conspiring to assassinate Emperor Uriel Septim VII during a rumored visit to Vvardenfell, believing his rule weak. These conspirators secretly recruit soldiers, requiring oaths to die placing a strong man back on the throne of Tamriel.",scholar,"A religious group venerating Tiber Septim as the god-hero Talos. The cult forms part of the Imperial Cult and holds a significant following within the Imperial Legion. Some fringe Legion members are currently conspiring to assassinate Emperor Uriel Septim VII, believing his rule has weakened the Empire.","common, traveler","Tiber Septim, Talos, Imperial Cult, Imperial Legion, Dragonborn, Gnisis, Uriel Septim VII, Eight Divines, Cyrodiil, Deathshead Legion",factions
skull_crusher,Hilbongard's masterpiece,"Skull-Crusher is a legendary enchanted warhammer forged in the First Era by the master weaponsmith Hilbongard of Skyrim and the enchanter Dorach Gusal at a Daedric site on Vvardenfell. Celebrated for being feather-light in the wielder's hand while delivering devastating blows, the hammer was lost when thieves seized it from a festival display. Its creators reportedly endowed it with the power to betray unlawful possessors, returning to them by its own will—a curse some faithful claim can be lifted through divine blessing. The forge of its creation lies within the sealed Forgotten Vaults of Anudnabia, accessible only through the Omaren Ancestral Tomb near Sadrith Mora. The weapon remains lost to the world above, guarded by Daedra and restless spirits.","scholar, esoteric","Skull-Crusher is a legendary enchanted warhammer created in the First Era by the weaponsmith Hilbongard and the enchanter Dorach Gusal. Renowned for being feather-light yet striking with devastating force, the artifact was lost to thieves long ago. Legend holds that its creators cursed it to betray any who unlawfully possessed it.",esoteric,"artifact, warhammer, weapon, Dorach Gusal, Hilbongard, First Era, Anudnabia, Daedric, enchantment, Imperial Cult",artifacts
warlock_s_ring,,"The Warlock's Ring is a powerful enchanted artifact traditionally associated with Syrabane, the Aldmeri god of magic and apprentices. Its potent enchantments make it coveted by mages and collectors throughout Morrowind. The ring currently resides with the sorceress Vindamea Drethan, who holds court in Ashirbadon, a cave on a small island east of the ruins of Bal Fell. The Museum of Artifacts in Mournhold values the ring at eleven thousand gold for its collection, though its curators acknowledge that should Syrabane himself ever come to reclaim the ring, they would surrender it without dispute—a testament to the artifact's divine provenance and enduring mystique.","scholar, esoteric","The Warlock's Ring is a powerful magical artifact associated with the Aldmeri god Syrabane. Renowned for its potent enchantments, the ring is currently held by the sorceress Vindamea Drethan in Ashirbadon cave, east of Bal Fell. It is highly valued by collectors and magical institutions.",esoteric,"artifact, ring, syrabane, enchanted, vindamea-drethan, ashirbadon, bal-fell, mages-guild, museum-of-artifacts, aldmeri",artifacts
nerevarine_cult,Cult of the Nerevarine,"An Ashlander religious movement venerating the ancient Hortator Indoril Nerevar and awaiting his prophesied reincarnation. The cult holds that the Tribunal betrayed Nerevar to steal divine power from the Heart of Lorkhan, making them false gods whose stolen divinity dooms them to weaken while Dagoth Ur grows stronger. Adherents believe the Nerevarine will cast down the Tribunal, expel outlanders from Morrowind, and restore traditional ancestor worship and Ashlander rights. The cult finds its primary influence among the Urshilaku; other tribes view the prophecies with skepticism. Both the Tribunal Temple and the Empire outlaw the cult, punishing its beliefs as heresy. Dissident Priests share sympathies with its critique of the Temple, as recorded in the proscribed text 'Progress of Truth'. Accounts of Nerevar's death diverge: Ashlanders trace allegations of Tribunal murder to the shield-companion Alandro Sul, while orthodox traditions claim he died of wounds after battling Dagoth Ur.","priest, scholar","An outlawed Ashlander religious movement venerating the ancient hero Indoril Nerevar and awaiting his prophesied reincarnation. Followers believe the Nerevarine will cast down the Tribunal as false gods, drive foreigners from Morrowind, and restore Ashlander traditions. The cult persists primarily among the Urshilaku, despite persecution by both the Tribunal Temple and the Empire.",common,"Ashlanders, Nerevar, Nerevarine, Tribunal, Urshilaku, Dissident Priests, heresy, prophecy, Red Mountain, Azura",religion
temple_s_doctrine,"Tribunal doctrine, Temple teachings, Orthodox Temple doctrine","The orthodox teachings of the Tribunal Temple hold that the Nerevarine prophecies are heretical superstitions founded on lies and delusion. The Temple maintains that the people's faith in Almsivi alone shields them from the Sixth House threat, and that any challenge to Tribunal authority endangers all Dunmer. Consequently, self-proclaimed Nerevarines are condemned as False Incarnates and persecuted by Ordinators. The Dissident Priests, who dispute aspects of this orthodoxy, have been suppressed as dangers to the faithful. Whether this rigid stance can survive the deepening crisis with Dagoth Ur remains uncertain.","priest, scholar",The Tribunal Temple teaches that the Nerevarine prophecies are evil superstitions and that faith in Almsivi protects the Dunmer people. Those claiming to be the Nerevarine are denounced as False Incarnates and treated as enemies of the faith.,common,"Tribunal Temple, doctrine, Nerevarine, prophecy, Dissident Priests, Almsivi, Dagoth Ur, Ordinators, heresy, faith, superstition, False Incarnate",religion
carnius_magius,,"Carnius Magius serves as the Factor for the East Empire Company on Solstheim, directing the development and mining operations at the Raven Rock colony. Stationed at Fort Frostmoth in quarters above the Imperial shrine, he oversees the Company's commercial interests in this harsh frontier. Colleagues and subordinates note his demanding nature and suspect he harbors ulterior motives for accepting the remote posting, though specifics remain a matter of camp rumor. As the highest Company authority on the island, Magius wields considerable influence over the fledgling settlement's direction and resource extraction policies.",scholar,Carnius Magius is the East Empire Company Factor in charge of development and mining at the Raven Rock colony on Solstheim. He operates from quarters above the Imperial shrine at Fort Frostmoth and manages the Company's local business affairs.,"common, traveler","Imperial, East Empire Company, Factor, Raven Rock, Solstheim, Fort Frostmoth, business, colonist",figures
spell_breaker,,"Spell Breaker is an ancient Dwarven tower shield of immense power, renowned for its extraordinary resistance to magicka. Accounts conflict regarding its origin; some claim it was forged for King Rourken during his legendary conflict with Shalidor, while others attribute its creation to the Daedric Prince Peryite. Regardless of its true provenance, the shield has become firmly associated with Peryite over the centuries. Tamrielic Lore declares it one of Tamriel's most significant relics, noting its supposed habit of abandoning its wielders as it searches for its original owner. The shield currently lies in the Dwemer ruin of Bthuand, guarded by the skeleton of an adventurer who perished in a cave-in while attempting to master its enchantments.","scholar, esoteric","Spell Breaker is an ancient Dwarven tower shield famous for its powerful resistance to magicka. Some attribute its creation to the Daedric Prince Peryite, while others claim it was forged for King Rourken. It is counted among Tamriel's most significant legendary artifacts.",esoteric,"artifact, Daedric, Dwemer, Peryite, Rourken, shield, Spellbreaker",artifacts
dagon_fel,Dagon Fell,"Dagon Fel is the northernmost settlement on Vvardenfell, situated on the island of Sheogorad within the Azura's Coast region. It is the sole settlement across the Sheogorad archipelago. Originally a Nord fishing village thousands of years ago, the Nords were driven from Morrowind by the Dunmer. The site later hosted a Dwemer city, and the current village is built upon those ruins. Since Morrowind became an Imperial province, Nord fishermen have returned, and the village now hosts a small Imperial Legion detachment. Imperial scholars and adventurers frequent Dagon Fel to explore the surrounding Dwemer and Daedric ruins, though strict laws prohibit the illicit trade of Dwemer artifacts. The village provides limited services, including a small inn and a few traders.","traveler, scholar","Dagon Fel is a tiny fishing village on the island of Sheogorad along Vvardenfell's northern coast. It is the only settlement in the archipelago. Built atop ancient Dwemer ruins, it was originally a Nord settlement before the Dunmer drove them out. Nord fishermen have since returned under Imperial rule.",common,"Dagon Fel, Sheogorad, Azura's Coast, Vvardenfell, Nord settlement, Dwemer ruins, fishing village, Imperial Legion, Mzuleft, northern coast",settlements
gnaar_mok,,"Gnaar Mok is a financially deprived fishing village occupying a small island off the Bitter Coast of western Vvardenfell, accessible from the mainland by a crude plank bridge. The settlement falls under the influence of the local Hlaalu manor, while the Thieves Guild also operates discreetly from a dilapidated hut. Its remote location and lack of marked routes make overland travel perilous, frequented by wild beasts and brigands, though it attracts adventurers, smugglers, and outlaws. The nearby ruins of Andasreth, an old Dunmer stronghold, serve as a western landmark. Since 3E 410, Sixth House operatives have exploited local smuggler networks near the village, spreading Dagoth Ur's influence among susceptible populations.","traveler, scholar","Gnaar Mok is a small, impoverished fishing village on an island off the Bitter Coast of western Vvardenfell. A remote and rough settlement, it attracts smugglers and outlaws, and its lack of marked routes makes overland travel perilous.",common,"Gnaar Mok, Bitter Coast, fishing village, Hlaalu, Thieves Guild, Andasreth, smugglers, western Vvardenfell, Sixth House, remote settlement",settlements
molag_mar,Molag Maar,"Molag Mar is a fortified stronghold on the southeastern edge of the Molag Amur region, situated near the foyadas Ilibaal and Zabirbael. Constructed in the same architectural style as the Vivec City cantons, it functions as a combined frontier garrison and pilgrimage hostel. The Tribunal Temple and House Redoran jointly staff and maintain the outpost, stationing elite volunteers and Buoyant Armiger crusaders to defend against the surrounding wasteland. Pilgrims rely on Molag Mar's hostels as a resting base before undertaking the dangerous journeys north to the Mount Kand and Mount Assarnibibi shrines.","traveler, scholar","Molag Mar is a fortified stronghold and pilgrimage hostel on the southeastern edge of the Molag Amur region. Jointly maintained by the Tribunal Temple and House Redoran, it houses garrisons of elite defenders. Pilgrims rest here before undertaking dangerous journeys to the nearby Mount Kand and Mount Assarnibibi shrines.",common,"Molag Amur, stronghold, garrison, pilgrimage, Tribunal Temple, House Redoran, Buoyant Armigers, Mount Kand, Mount Assarnibibi, canton, Vvardenfell, hostel",settlements
tel_fyr,,"Tel Fyr is a remote Telvanni tower on an island off the southwestern coast of Zafirbel Bay, near the Vvardenfell mainland. Unlike typical Telvanni settlements, it is built into a large hill rather than grown as a free-standing organic structure, and it has no surrounding village or transport services. The tower is the residence of Divayth Fyr, an ancient and powerful sorcerer who declines formal titles and Council seating despite his significance. Beneath the tower lies the Corprusarium, a refuge-prison carved from the Abanabi Caves where victims of corprus disease are housed and tended. Whether this endeavor serves compassion or merely provides experimental subjects remains debated. The tower interior requires levitation to navigate its upper levels, reflecting Telvanni architectural customs.","traveler, scholar","Tel Fyr is a remote Telvanni tower on an island southwest of Sadrith Mora. It is the home of Divayth Fyr, an ancient and powerful sorcerer. Beneath the tower lies the Corprusarium, a refuge-prison for victims of corprus disease. The tower has no stairs, requiring levitation to reach its upper levels.",common,"Telvanni, tower, Divayth Fyr, Corprusarium, Zafirbel Bay, Abanabi Caves, Vvardenfell, Sadrith Mora, levitation, corprus",locations
tel_branora,,"Tel Branora is the tower and settlement of Mistress Therana, one of the Telvanni Mage Lords, situated on a rocky promontory at the southeasternmost tip of Azura's Coast. Perhaps the southernmost town in Vvardenfell, it comprises Therana's wizard tower, a tiny village, and distant docks roughly half a league away. Therana is widely regarded as the most eccentric of the Council's masters—some say irrational—yet her continued standing suggests either formidable power or great importance to the Telvanni. Ships connect the settlement to Castle Ebonheart, Vivec, Molag Mar, and Sadrith Mora. The tower offers magical services, while the village provides only a smith and a public house.","traveler, scholar","Tel Branora is a Telvanni tower and small village on an island at the southeasternmost tip of Azura's Coast, likely Vvardenfell's southernmost settlement. It is the seat of Mistress Therana, the most eccentric of the Telvanni Mage Lords. The settlement is reached by ship, with docks located some distance from the tower and community.",common,"Telvanni, Therana, Azura's Coast, wizard tower, Vvardenfell, island, Mage Lord, ship transport, southeastern, magic services",settlements
thirsk,,"Thirsk is a Nord mead hall and the clan residing there, located on Solstheim east of Lake Fjalding. Founded over five centuries ago by Hrothmund the Red and followers who departed the Skaal Village, it upholds a martial tradition where prospective chieftains must present a battle trophy to claim leadership. The hall's history is recorded through its chieftains, many of whom held the position only briefly due to Solstheim's harsh conditions. Thirsk maintains no quarrel with the Skaal despite abandoning their ways. The hall is known for its mead and warrior culture.","traveler, scholar","Thirsk is a Nord mead hall on Solstheim, east of Lake Fjalding. Founded over five hundred years ago by Hrothmund the Red and Skaal dissenters, it operates as an independent settlement. Prospective chieftains must present a battle trophy to earn leadership. The hall is known for its mead and warrior traditions.",common,"Thirsk, mead hall, Solstheim, Nord, Hrothmund the Red, Skaal, Lake Fjalding, Felsaad Coast, settlement",settlements
geography_of_morrowind,,"Morrowind, the northeastmost province of the Tamrielic Empire, is bounded by the Sea of Ghosts to the north and east, Skyrim to the west, Cyrodiil to the southwest, and Black Marsh to the south. Its geography is diverse: the southeast features warm coastal plains and marshes resembling Black Marsh, while the west and south-central regions are mountainous and sparsely populated. Most inhabitants reside in the high uplands and fertile river valleys of central Morrowind, particularly around the Inland Sea. The rocky northeastern archipelago is also sparsely settled. The island of Vvardenfell, located in north-central Morrowind, is dominated by the titanic volcano Red Mountain and its surrounding ash wastelands, confining most of the island's population to the relatively hospitable western and southwestern coasts.","traveler, scholar","Morrowind is the northeastmost province of the Empire, bordered by the Sea of Ghosts, Skyrim, Cyrodiil, and Black Marsh. Its southeast features warm marshlands, while the west is mountainous. Most people live in central Morrowind's high uplands and river valleys around the Inland Sea. The island of Vvardenfell is dominated by Red Mountain and its ash wastes, with settlement confined to the southwest coast.",common,"Morrowind, Vvardenfell, Red Mountain, Inland Sea, Sea of Ghosts, geography, regions, Tamriel",regions
hla_oad,,"Hla Oad is a tiny, isolated fishing village on the Bitter Coast of western Vvardenfell, situated along the River Odai southwest of Balmora. A rough track follows the Odai northeast to Balmora, while long coastal paths lead south to Seyda Neen and north toward Gnaar Mok. Ship services connect the settlement to Ebonheart and Gnaar Mok, and a silt strider route links it to Vivec. Despite its modest appearance and sparse services, Hla Oad is rumored to serve as a significant stopover for smugglers operating along the swampy western shoreline.","traveler, scholar","Hla Oad is a tiny fishing village on the Bitter Coast of western Vvardenfell, located along the River Odai southwest of Balmora. A rough track connects it to Balmora, and ships provide passage to Ebonheart and Gnaar Mok. The settlement is rumored to be a stopover for smugglers.",common,"Bitter Coast, Vvardenfell, fishing village, Odai River, Balmora, smugglers, Ebonheart, Gnaar Mok, Seyda Neen, Imperial",settlements
tel_mora,Tower Forest,"Tel Mora, meaning 'Tower Forest,' is the northernmost Telvanni settlement, situated on steep islands along Vvardenfell's northeastern coast. Constructed during the middle Merethic Era by Aldmeri explorers, it now serves as the seat of Mistress Dratha, an ancient and formidable Telvanni Councilor. The tower spans two islands connected by walkways over water, with smaller mushroom dwellings clustering at its base. The settlement is notable for its exclusively female population, a policy Dratha enforces due to a prophesied death at the hands of a mortal man. Males may trade in the village but are forbidden from the tower itself. Tel Mora offers quality services, including a renowned alchemical supply shop, and serves as a gateway to the Grazelands.","traveler, scholar","Tel Mora is the northernmost Telvanni tower settlement, ruled by the ancient Councilor Mistress Dratha. Built across two connected islands, it features mushroom dwellings and quality services including a renowned alchemy shop. Notably, Dratha forbids men from the tower, so the settlement's population is entirely female, though males may still trade in the village.",common,"Telvanni, Mistress Dratha, Vvardenfell, Azura's Coast, wizard tower, female-only settlement, Grazelands, Telvanni Council, alchemy shop, Merethic Era",settlements
khuul,,"Khuul is a small fishing village on Vvardenfell's northern coast within the West Gash region. Its architecture consists of rustic log and thatch huts aside from a single Redoran-style shell-house serving as Thongar's Tradehouse. The nearby Panud and Asha-Ahhe egg mines provide what limited legitimate commerce exists beyond fishing. A silt strider port connects Khuul southward to Gnisis, and a seagoing vessel is moored at the village dock. The Daedric ruins of Ashalmawia lie to the southwest, and the settlement of Ald Velothi sits on the coast to the west. Persistent rumors cast Khuul as a smuggling village, though residents neither confirm nor deny such claims and regard inquisitive strangers with suspicion. The date of the village's founding remains uncertain; while the locale served as a silt strider stop in the mid-Second Era, no permanent settlement existed then beyond the nearby Urshilaku Camp.","traveler, scholar","Khuul is a small fishing village on Vvardenfell's northern coast in the West Gash region. Silt strider service connects it to Gnisis. The village offers modest accommodations at Thongar's Tradehouse. Nearby landmarks include the Daedric ruins of Ashalmawia to the southwest and the settlement of Ald Velothi to the west. Persistent rumors suggest smuggling activity, though residents discourage curiosity.",common,"fishing village, West Gash, Vvardenfell, smuggling, Thongar's Tradehouse, Ashalmawia, Ald Velothi, silt strider, egg mine, northern coast",settlements
suran,,"Suran is a busy trading port on the north shore of Lake Masobi in the Ascadian Isles. Built by the Hlaalu Construction Syndic for House Redoran in the mid-Second Era, the settlement later passed to House Hlaalu, whose architectural style now defines its market-town layout of watchtower and small temple. Suran serves as a gateway to the fertile plantations and farms of the region, provisioning agricultural estates and offering lodgings to pilgrims bound for the nearby Fields of Kummu and Shrine of Molag Bal. The town also functions as a staging point for travelers venturing northeast into the Molag Amur region. Silt strider service connects Suran to Vivec and Molag Mar.","traveler, scholar",Suran is a trading village on the north shore of Lake Masobi in the Ascadian Isles. It provides goods and services for the region's farmers and plantation owners and offers lodgings for pilgrims visiting the nearby Fields of Kummu and Shrine of Molag Bal. Silt strider routes connect Suran to Vivec and Molag Mar.,common,"Ascadian Isles, Lake Masobi, House Hlaalu, House Redoran, trading port, pilgrimage, Fields of Kummu, Shrine of Molag Bal, silt strider, Molag Amur",settlements
great_bazaar,,"The Great Bazaar is the primary commercial district of Mournhold, situated in the eastern section of the city. It offers some of the finest wares available in Morrowind, with numerous nearby stores selling excellent items. Beyond commerce, the bazaar serves as a cultural venue, hosting public performances and plays that draw audiences, though the quality of the actors can vary. As a bustling center of trade and entertainment, the local guard expects visitors to mind their manners and avoid causing trouble.","traveler, scholar","The Great Bazaar is a major market in eastern Mournhold. It offers some of the best wares in Morrowind and features nearby shops. The bazaar also hosts public performances and plays, providing entertainment alongside its commerce.",common,"Mournhold, market, bazaar, commerce, theater, district, shopping",locations
law_in_morrowind,"Dunmer law, Imperial law in Morrowind, Morrowind legal system, Great House law","Morrowind operates under a dual legal framework of Imperial Law and Dunmer Great House customs, with conflicts between the two governed by the Treaty of the Armistice, which reserves most local governance to the House councils. Local magistrates judge cases and determine sentences, while guards enforce their rulings. Serious crimes include Theft, Trespass, Assault, Foul Murder, and Contempt, typically punished through fines or punitive labor, while Treason warrants death. Noble House Dunmer may appeal to their House Councils, and Imperial citizens to the King and his Dukes. Under ancient custom, offended House nobles may refuse compensation and demand execution for various offenses.",scholar,"Morrowind is governed by both Imperial Law and traditional Dunmer Great House customs. The Treaty of the Armistice reserves most local functions to the House councils. Serious crimes like Theft, Assault, and Murder are punished with fines or punitive labor, while Treason carries the death penalty. Local magistrates judge cases, and guards enforce the laws.","common, traveler","law, Morrowind, Imperial Law, Great Houses, Armistice, crimes, magistrates, punitive labor, Tribunal",lore
outlander,"foreigner, outsider","An outlander is anyone born and raised outside of Morrowind. Most Dunmer consider anyone who is not a native-born Dunmer to be an outlander, and even Dunmer who adopt Western words and ways are immediately identified as such, as native Dunmer are highly sensitive to accents, clothing, and manners. The designation carries significant social weight, as Morrowind broadly dislikes foreigners. Treatment of outlanders varies by region; House Hlaalu territories are notably more tolerant, while much of Vvardenfell remains cool or openly hostile toward them. Organizations such as the Camonna Tong actively despise outlanders. The term also extends culturally to displaced groups like outcast Ashlanders, who are similarly marginalized despite their Dunmer heritage.","scholar, common","In Morrowind, an outlander is anyone born and raised outside the province. Most Dunmer consider anyone who is not native-born to be an outlander, and even Dunmer with Western accents and manners are identified as such. Morrowind generally dislikes foreigners, and outlanders face cool or hostile treatment across much of Vvardenfell, though House Hlaalu territory is more tolerant.","common, traveler","Dunmer, Morrowind, Vvardenfell, foreigner, xenophobia, Camonna Tong, House Hlaalu, Ashlander, accents, customs",cultures
tel_aruhn,,"Tel Aruhn is an island settlement in Zafirbel Bay on Vvardenfell's Azura's Coast, serving as the seat of Archmagister Gothren, head of the Telvanni Council. The site was originally constructed by Aldmeri explorers in the middle Merethic Era. The tower and its surrounding village provide provisioning and magical goods, though it remains a quieter outpost compared to nearby Sadrith Mora. The settlement is most widely known for hosting the Festival Slave Market, the largest slave market on Vvardenfell. Situated west of Sadrith Mora and accessible via the surrounding waters or neighboring landmarks like Tel Fyr and Indoranyon, Tel Aruhn functions as a significant hub for both Telvanni governance and the regional slave trade.","traveler, scholar","An island settlement in Zafirbel Bay on Vvardenfell, Tel Aruhn is the seat of Archmagister Gothren, the head of House Telvanni. It is best known for the Festival Slave Market, the largest slave market on the island district, and lies west of Sadrith Mora.",common,"House Telvanni, Zafirbel Bay, Azura's Coast, Gothren, Festival Slave Market, island settlement, wizard tower, Sadrith Mora, Vvardenfell, slave trade, Telvanni Council",settlements
black_dart_gang,,"The Black Dart Gang is a band of lethal brigands inhabiting the sewers beneath Mournhold. Disguised as harmless beggars, they ambush explorers returning from ruins laden with loot. Their signature weapon is a poisoned dart so virulent that a single strike can kill within seconds; conventional wisdom holds that cure poison and dispel potions are essential for survival. The gang's deadly tactics have claimed numerous victims, including the warrior Variner, whose restless spirit now haunts the depths seeking to deliver a final message.",scholar,"The Black Dart Gang is a group of deadly bandits lurking in Mournhold's sewers. Disguised as beggars, they ambush explorers with highly toxic darts capable of killing almost instantly. Survivors and locals advise carrying cure poison and dispel potions, or fleeing on sight.","common, traveler","Mournhold, bandits, poison, darts, sewers, criminals, assassins, Variner",factions
four_corners,,"The Four Corners of the House of Troubles are the four Daedric Princes—Malacath, Mehrunes Dagon, Molag Bal, and Sheogorath—deemed adversarial to the Dunmer people by Tribunal Temple doctrine. Each Corner represents a specific existential threat: Malacath tests the Dunmer for weakness, Mehrunes Dagon embodies the destructive trials of Morrowind, Molag Bal seeks to corrupt Dunmer bloodlines, and Sheogorath threatens with madness. The Temple mandates periodic pilgrimages to shrines dedicated to these Princes to renew ancient pacts forged by Vivec. These observances require specific offerings and the recitation of Vivec's teachings at designated sites, including Sheogorad, Ald Sotha, Bal Ur, and the shrine of the Gambolpuddy.","priest, scholar","The Four Corners of the House of Troubles are the four Daedric Princes considered enemies of the Dunmer: Malacath, Mehrunes Dagon, Molag Bal, and Sheogorath. The Tribunal Temple requires pilgrimages to their shrines to renew pacts Vivec made with them.",common,"Tribunal Temple, Daedric Princes, Malacath, Mehrunes Dagon, Molag Bal, Sheogorath, House of Troubles, pilgrimage, Vivec, Dunmer religion",religion
hlaalu_councilors,"Hlaalu Council, Councilors of House Hlaalu","The ruling body of Great House Hlaalu, whose members are recorded in the Yellow Book of Great House Hlaalu. The councilors include Crassius Curio, an eccentric but open-minded figure residing in Vivec's Hlaalu Plaza; Dram Bero, whose current whereabouts are concealed; Yngling Half-Troll; and Velanda Omani and Nevena Ules, both of whom are closely aligned with Orvas Dren of the Dren Plantation. The council convenes in Balmora, the house's chief seat. Known for their mercantile acumen, the Hlaalu are widely regarded as sly and greedy, their traders adept at concealing truths behind careful words. Navigating the council's internal politics requires discerning the hidden loyalties and rivalries among its members.",scholar,"The ruling body of Great House Hlaalu. The councilors meet in Balmora and are officially listed in the Yellow Book of Great House Hlaalu along with their residences. The house is known for its sly, greedy merchants and hidden agendas.","common, traveler","Great House Hlaalu, Hlaalu Councilors, Crassius Curio, Dram Bero, Yngling Half-Troll, Nevena Ules, Velanda Omani, Orvas Dren, Yellow Book, Balmora, Vivec, Dren Plantation",factions
lost_prophecies,"lost prophecy, apographa prophecies, hidden prophecies","Lost prophecies are Nerevarine predictions once current among the Ashlanders but since faded from oral tradition. The wise women serve as the Velothi people's memory, yet mortality and time erode even their knowledge. Temple pilgrims and scholars recorded these prophecies in the Apographa—the hidden teachings preserved by the Dissident Priests at Holamayan. Two such texts, 'The Lost Prophecy' and 'The Seven Curses,' complement the widely known 'Stranger' and 'Seven Visions' prophecies still circulating among the Ashlanders. Some prophecies were forgotten; others hidden or deliberately lost. The written Apographa records thus safeguard what oral transmission cannot, offering insights into the riddles surrounding the Incarnate's coming that the Temple hierarchy has suppressed.","scholar, ashlander","Lost prophecies are Nerevarine predictions once known to the Ashlanders but since faded from their oral traditions. Temple scholars recorded these prophecies in the Apographa, the hidden teachings preserved by the Dissident Priests. Texts such as 'The Lost Prophecy' and 'The Seven Curses' survive in writing where mortal memory has failed.","common, traveler, ashlander","prophecy, Nerevarine, Ashlanders, Apographa, Dissident Priests, Holamayan, Temple, Velothi tradition, Seven Curses, incarnate",lore
ministry_of_truth,Baar Dau,"The Ministry of Truth is a celestial body suspended above the High Temple in Vivec City by Lord Vivec's power. Originally a moonlet from Oblivion called Baar Dau, Vivec famously halted its fall and froze it in place. Local legend warns that should the populace cease their worship, the moon will complete its descent and destroy the city. The Temple subsequently hollowed out the suspended rock, converting it into a prison and re-education center operated by the Ordinators for the correction of heretics. Accessible only by flight, its heavily guarded chambers confine religious dissidents and political criminals, serving as a stark symbol of the Tribunal's authority and the perilous cost of dissent.",scholar,"The Ministry of Truth is a moonlet from Oblivion, halted in its fall by Lord Vivec and suspended over the Temple in Vivec City. The Tribunal hollowed it out to serve as an Ordinator-run prison and re-education center for the correction of heretics.","common, traveler","Tribunal Temple, Vivec City, Baar Dau, Ordinators, prison, heresy, moonlet, re-education",factions
spriggans,,"Spriggans are elusive, feminine nature spirits of the deep woods, half-flora and half-fauna, mystically tied to the verdant copses they fiercely defend against trespassers. Skaal tradition holds that when the All-Maker breathed life into the land, his Breath animated the trees, and those retaining this life became spriggans. Scholars trace their common name to the Nedic word for a green twig, while ancient myths reference tree-daughters of Y'ffre and the Earth Bones. Spriggans possess venomous sap and can magically heal themselves when wounded. They innately command the animals of their sacred groves—bears, hornets, even timid deer—to fight intruders. When slain, their bodies yield taproots prized by alchemists for arcane properties enabling complex immiscible potions. Reports of seasonal bark and foliage variations likely reflect metamorphosis tied to local flora rather than distinct subspecies. Claims of organized hierarchies under matrons remain unverified, as spriggan behavior appears entirely instinctual.",scholar,"Spriggans are feminine tree spirits that fiercely defend their sacred groves. Skaal tradition holds they are trees animated by the All-Maker's Breath. They possess venomous sap, heal magically, and command grove animals to attack intruders. Alchemists prize the taproots harvested from their remains.",common,"spriggans, creatures, nature spirits, Skaal, All-Maker, taproot, alchemy, Solstheim, Y'ffre, groves",creatures
wergild,"weregild, wergeld, weregeld, blood price, blood money","Wergild is the traditional Nord rite of retribution and compensation for a slain life. Rather than demanding blood vengeance, the bereaved party may claim a valued possession from the killer or the killer's kin, thereby settling the blood debt. The claimed item need not hold great material wealth; its significance lies in its worth to the offender, ensuring the loss is felt proportionately. This custom allows feuds to conclude without further killing, as the exchange formally accounts for the taken life and grants solace to the grieving. Once the designated heirloom or payment is surrendered, the debt is settled and the spirit of the dead is considered properly compensated.",scholar,"Wergild is a traditional Nord rite of retribution. When a life is taken, the bereaved may claim a valued possession from the killer as compensation, settling the blood debt without further vengeance. The item's significance to the offender satisfies the debt, allowing the dead to rest.","common, traveler","Nord, law, customs, retribution, compensation, blood-debt, Solstheim, Skaal, tradition, justice",cultures
corprusarium,,"The Corprusarium is a network of caverns beneath Tel Fyr where the Telvanni wizard Divayth Fyr collects and shelters victims of the divine disease. The Tribunal Temple routinely sends corprus sufferers there, as the outside world is exceptionally cruel to them. The inmates are distorted, mad, and often violent, but possess complete disease immunity and indefinite lifespans. Fyr's project serves dual purposes: humanitarian care for the wretched victims and ongoing research into a cure. Uupse Fyr and Vistha-Kai attend to the inmates' needs, while the ancient Dwemer Yagrum Bagarn also resides within the depths.","traveler, scholar","The Corprusarium is a network of caverns beneath Tel Fyr where the wizard Divayth Fyr shelters victims of corprus disease. Sent there by the Tribunal Temple, the inmates are mad and violent but live indefinitely. Fyr seeks a cure while providing them refuge from a cruel world.",common,"Tel Fyr, Divayth Fyr, corprus, corprus disease, divine disease, Tribunal Temple, Yagrum Bagarn, Vistha-Kai, Uupse Fyr, Telvanni",locations
bethamez,,"Bethamez is a small Dwemer ruin recently uncovered within the lower depths of the Gnisis Eggmine. Miners broke into the site after the kwama queen fell ill with blight, desperate for alternative revenue. The chamber contains broken centurion remnants and notable Dwemer documents, including airship plans and a copy of Divine Metaphysics. Mages Guild scholars in Ald'ruhn have taken particular interest in these blueprints for their ongoing Dwemer research.","traveler, scholar","Bethamez is a Dwemer ruin recently uncovered within the Gnisis Eggmine. Miners broke into the site after the kwama queen became blighted. The chamber contains broken centurions and notable Dwemer documents, including airship plans that have attracted Mages Guild interest.",common,"Dwemer Ruins, Gnisis, Gnisis Eggmine, West Gash, Vvardenfell, Dwemer Airship Plans, Divine Metaphysics, Mages Guild",locations
food_in_morrowind,,"Morrowind's diet centers on saltrice grain, typically prepared as a cooked porridge combined with scuttle, a cheese-like substance derived from giant domesticated beetles. Primary protein sources include kwama eggs and guar meat. Hackle-lo, a hardy succulent leafy green, is consumed raw or cooked throughout the year, while bittergreen, a fast-growing rain-triggered slime, is nourishing when boiled but fatally toxic if eaten raw. Popular beverages include mazte, a local beer brewed from fermented saltrice, and sujamma, a potent and bitter liquor.",scholar,"Morrowind cuisine relies on saltrice porridge mixed with scuttle, a beetle-derived cheese. Protein comes from kwama eggs and guar meat. Common vegetables include hackle-lo leaves and boiled bittergreen, the latter being toxic raw. Popular drinks are saltrice-brewed mazte and the potent liquor sujamma.","common, traveler","cuisine, saltrice, scuttle, kwama eggs, guar, hackle-lo, bittergreen, mazte, sujamma, Dunmer",cultures
galom_daeus,,"Galom Daeus is a Dwemer ruin situated in the Molag Amur region, southwest of Uvirith's Grave amid lava flows. It serves as the primary sanctuary for the Berne vampire clan, who lurk within its Entry and Observatory chambers. The Tribunal Temple considers the site a significant blight upon Vvardenfell, as the ancient stronghold shelters the elder vampire Raxle Berne. Temple vampire hunters regard Galom Daeus as a place of profound darkness requiring eventual purification to protect the land.","priest, scholar","Galom Daeus is a Dwemer ruin in the Molag Amur region, southwest of Uvirith's Grave amid rivers of lava. It serves as the sanctuary for the Berne vampire clan. The Tribunal Temple identifies the site as a dangerous haunt of undeath that threatens Vvardenfell.",common,"Dwemer, Dwemer ruin, Berne, Vampires, Tribunal Temple, Molag Amur, Raxle Berne, Vvardenfell",religion
house_wars,House Wars of Honor,"House Wars are the formalized system of inter-House conflict among the Dunmer Great Houses, governed by ancient customs that permit limited warfare without threatening public order. Under these codes, a House may challenge another's honor by marking one of its ranking nobles for death. Originally signified by a black banner, the challenge is now delivered through formal written announcement. If the marked noble survives a year, the challenging House must publicly abandon its grievance. The Temple supervises these conflicts, while the Morag Tong is routinely contracted to execute the assassinations. On Vvardenfell alone, a dozen or more such Marked Challenges proceed at any given time. The system is expensive and dangerous but prevents open warfare between the Houses.",scholar,"House Wars are the formalized conflicts between Dunmer Great Houses, governed by ancient customs that limit violence. A House challenges another's honor by marking a ranking noble for death through formal announcement. If the marked noble survives a year, the challenge ends. The Temple oversees these wars, and the Morag Tong typically carries out the assassinations.","common, traveler","house wars, great houses, morag tong, dunmer customs, assassination, honor challenges, marked noble, temple supervision, vvardenfell, faction conflict",factions
ashalmawia,,"Ashalmawia is a ruined Daedric temple dedicated to Molag Bal, the Daedric Prince of Domination and one of the Four Corners of the House of Troubles. Situated on the bleak hills of the West Gash, east of Ald Velothi and south-southwest of Khuul, the shrine comprises two areas: the Shrine itself and the Sunken Vaults beneath. The Vaults have long served Molag Bal's worshippers, including the Order of the Black Worm, who seek to channel the Prince's wrath and influence upon Mundus. As a House of Troubles site, Ashalmawia stands as a place the Tribunal Temple warns the faithful to shun.","traveler, scholar","Ashalmawia is a ruined Daedric shrine to Molag Bal, one of the Four Corners of the House of Troubles. It stands east of Ald Velothi in the West Gash region of Vvardenfell, comprising a shrine structure and the Sunken Vaults beneath, long frequented by worshippers of the Daedric Prince of Domination.",common,"Daedric shrine, Molag Bal, House of Troubles, West Gash, Ald Velothi, Vvardenfell, Sunken Vaults, Order of the Black Worm, Four Corners, ruin",locations
vos,,"Vos is an ancient Velothi farming village on Vvardenfell's eastern coast, situated in the grassy plains of the Grazelands west of Red Mountain. For centuries, Dunmer have cultivated marshmerrow and wickwheat here, enduring persistent Ashlander raids. Recently, House Telvanni influence has reshaped the settlement; Master Aryon governs from Tel Vos, his unconventional wizard tower nearby, providing protection and fostering new construction. The village now features a fine tradehouse and docks offering boat passage to Tel Aruhn, Sadrith Mora, and Tel Mora. A small Tribunal chapel serves local spiritual needs, though it lacks the capacity for Almsivi Intervention. Vos remains a modest agricultural community, its traditional character increasingly tied to Telvanni interests.","traveler, scholar","Vos is an old Velothi farming village in the Grazelands of eastern Vvardenfell. Dunmer have grown marshmerrow and wickwheat here for centuries, often suffering Ashlander raids. Master Aryon of Tel Vos now protects the settlement, which features a tradehouse and docks with boat service.",common,"Vvardenfell, Grazelands, Velothi, House Telvanni, Tel Vos, Master Aryon, farming, Ashlanders, marshmerrow, wickwheat, docks",settlements
horkers,"horker, solstheim horker, tusked seal","Horkers are large marine mammals native to the northern coasts of Tamriel, particularly Solstheim and Skyrim. Possessing tusks and a thick blubber layer, they are equally agile in water and on land, capable of moving between both environments. Among the Skaal, horkers hold sacred significance as creations of the All-Maker, providing sustenance and material essential to their way of life. Though generally docile, they become fierce fighters when provoked. Imperial observers note their unusual anatomy and surprising aggression, with some soldiers learning to respect their territorial nature. Horker tusks are prized for their unique properties. Recent reports of mass horker deaths across Solstheim have raised concern among the Skaal, who view such events as a troubling spiritual omen.",scholar,"Horkers are large tusked marine mammals found along the northern coasts of Tamriel, especially Solstheim. They swim and walk on land with equal ease. Though typically docile, they fight fiercely when threatened. The Skaal revere them as creations of the All-Maker, relying on them for food and materials.",common,"horker, solstheim, skaal, marine mammal, all-maker, tusks, blubber, wildlife, northern tamriel, sea creature",creatures
dren_plantation,,"Dren Plantation is a large netch farm situated in the Ascadian Isles, owned by Orvas Dren, the brother of Duke Vedam Dren. While it operates as an agricultural estate, it also serves as the seat of Orvas's authority as head of the Camonna Tong. The grounds are heavily guarded by Dunmer and Nord mercenaries. Beastfolk slaves—Argonians and Khajiit—perform the labor. Smuggling is rampant; moon sugar and skooma caches near the docks betray an extensive illicit trade. The plantation's formidable security discourages trespassers, reflecting its dual nature as both an economic hub and a fortress of organized crime.","traveler, scholar","Dren Plantation is a large netch farm in the Ascadian Isles owned by Orvas Dren, brother of Duke Vedam Dren. The heavily guarded estate employs Argonian and Khajiit slave labor. Smuggled moon sugar on the premises indicates the owner's ties to the Camonna Tong.",common,"Ascadian Isles, plantation, netch farm, Orvas Dren, Camonna Tong, smuggling, slaves, moon sugar, Argonian, Khajiit",locations
fedris_hler,,"Fedris Hler serves as the Chief Steward of Lady Almalexia in Mournhold, overseeing the day-to-day operations of her Temple. A figure of considerable authority within the Tribunal hierarchy, he is widely recognized as the leader of the Hands of Almalexia, the goddess's elite personal guard. Rumors persist that before his tenure as steward, Hler was an assassin of some renown, and it is suggested he continues to carry out unsavory tasks on Almalexia's behalf. Having served the goddess for many years, he commands both bureaucratic influence and martial authority, making him a formidable presence in the Temple's reception halls and a dangerous adversary.",scholar,"Fedris Hler is the Chief Steward of Lady Almalexia in Mournhold, managing the daily affairs of her Temple. He is also known as the leader of the Hands of Almalexia, the goddess's elite guard. Rumors suggest he was once an assassin and still performs unsavory tasks for his Lady.","common, traveler","Fedris Hler, Almalexia, Hands of Almalexia, Tribunal Temple, Mournhold, Steward, assassin, Dunmer, Tribunal",figures
gavas_drin,,"Gavas Drin serves as Lord Archcanon of the Mournhold Temple, a position he assumed over a decade ago following his predecessor's death. He is utterly devoted to Almalexia, enjoying her direct protection and close confidence, and wields considerable power both politically and in magical skill. To the faithful, he exemplifies Tribunal glory; to skeptics, he is a figure of distrust whose reliance on divine protection raises questions when violence finds him.",scholar,"Gavas Drin is the Lord Archcanon of the Mournhold Temple, having assumed the office over a decade ago. He is a powerful mage and a deeply devoted servant of Almalexia, holding great influence and the goddess's direct favor.","common, traveler","Lord Archcanon, Mournhold Temple, Almalexia, Tribunal, Clergy, Dunmer",figures
castle_karstaag,"Karstaag's Castle, Ice Castle Solstheim","Castle Karstaag is a massive ice fortress in northwestern Solstheim near the Moesring Mountains, marked by some cartographers as a regional capital. Home to the frost giant Karstaag—called the King of the Frost Giants—along with his Riekling servants and numerous Grahl, the castle maintains an uneasy truce with the Skaal village across the Isild River. Besides its main entrance, the fortress is accessible through underwater glacial caverns to the north. Recently, the Skaal have received no word from Karstaag, and suspicious horker deaths may be connected to his Riekling servants' activities within.","traveler, scholar","A massive ice fortress in northwestern Solstheim near the Moesring Mountains. It is the home of Karstaag, the frost giant, along with his Riekling servants. The Skaal hold an uneasy truce with the castle's master.",common,"Solstheim, frost giant, Karstaag, Riekling, ice fortress, Moesring Mountains, Skaal, Grahl",locations
morrowind_s_neighbors,,"Morrowind shares its borders with three neighboring powers, each regarded with deep hostility by the Dunmer. To the west lies Skyrim, inhabited by Nords who historically raided and occupied Dunmer territory and still harbor territorial ambitions toward Morrowind's northwestern coast and highlands. To the southwest sits the Imperial Province of Cyrodiil; though the Empire currently governs Morrowind, the Dunmer resent the conquest and occupation, viewing Imperials as culturally inferior occupiers. To the south lies Argonia and its Argonian population, whom the Dunmer despise most passionately, considering them savage and fit only for enslavement. This pervasive xenophobia defines Morrowind's external relations.","traveler, scholar","Morrowind is bordered by three powers the Dunmer deeply dislike. The Nords of Skyrim to the west historically raided Morrowind and still covet its northwestern borders. The Imperials to the southwest conquered and occupy Morrowind, earning lasting resentment. The Argonians to the south are despised most fiercely, regarded as fit only for slavery.",common,"Morrowind, Dunmer, Skyrim, Nords, Cyrodiil, Empire, Argonia, Argonians, foreigners, borders, racism",regions
rieklings,"ice goblins, falmer","Rieklings are small, vicious humanoid creatures inhabiting the frozen wastes of Solstheim. Often dismissed as mindless beasts, they display notable cunning and some are capable of speech, though observers characterize their utterances as nonsensical. A persistent and controversial theory identifies them as the Falmer, suggesting kinship with other elven peoples, though this remains unconfirmed. They are formidable in numbers and particularly dangerous when mounted on Tusked Bristlebacks. Their limited contact with southern settlements ensures they remain poorly understood, regarded primarily as aggressive pests by the fort garrisons that occasionally clash with them.",scholar,"Rieklings are small, vicious creatures found in the frozen wastes of Solstheim. Often called ice goblins, they are more cunning than they appear; some can even speak. A controversial theory claims they are the Falmer, related to other elves. They are especially dangerous when mounted on Tusked Bristlebacks.",common,"riekling, solstheim, ice goblin, falmer, bristleback, beast, humanoid, tribal",creatures
telvanni_councilors,"Telvanni Council, Councilors of House Telvanni","The Telvanni councilors are the ruling sorcerers of Great House Telvanni, ancient and reclusive wizards who govern from their mushroom towers across Vvardenfell. The Brown Book of Great House Telvanni records the current councilors and their seats: Arch-Magister Gothren at Tel Aruhn, Master Aryon at Tel Vos, Mistress Dratha at Tel Mora, Mistress Therana at Tel Branora, and Master Neloth at Tel Naga in Sadrith Mora. Baladas Demnevanni also holds a council seat. The councilors are widely regarded as ageless, terrible, and insular, and their governance reflects the House's disdain for outside authority.",scholar,"The Telvanni councilors are the ruling wizards of Great House Telvanni, ageless sorcerers dwelling in towers scattered across Vvardenfell. The Brown Book lists their seats: Tel Aruhn, Tel Vos, Tel Mora, Tel Branora, and Tel Naga in Sadrith Mora. They are widely considered old, terrible, and reclusive.","common, traveler","House Telvanni, Councilors, Tel Aruhn, Tel Vos, Tel Mora, Tel Branora, Tel Naga, Sadrith Mora, Brown Book, Mages, Vvardenfell",factions
ashlander_customs,,"Ashlander customs govern the nomadic Dunmer tribes who reject Tribunal divinity in favor of ancestral and Daedric worship. Their society is structured around the ashkhan, the warrior-protector; the gulakhan, who handles trade and negotiation; and the wise-woman, a farseer preserving tribal prophecy and lore. Internally, they are courteous and proper, but deeply distrustful of foreigners. Formal challenges carry grave weight and must never be made lightly. Monetary gifts are accepted as tokens of deference rather than insults. Among outcast groups, the mabrigash—renegade witch-warriors wielding dark magic—command particular wariness. The four primary tribes—the peaceful Ahemmusa, warlike Erabenimsun, lore-keeping Urshilaku, and adaptable Zainab—each interpret these traditions according to their regional circumstances.",scholar,"Ashlander nomads maintain strict social rules. Outsiders must approach the gulakhan before the ashkhan leader. They deeply distrust foreigners, treat formal challenges with utmost gravity, and accept monetary gifts as respectful gestures. Outcast groups include the feared mabrigash witch-warriors.","common, traveler","Ashlanders, nomads, Vvardenfell, Dunmer, tribes, ashkhan, wise-woman, mabrigash, Daedra-worship, gift-customs, challenges",cultures
elsweyr,"Anequina, Pellitine, Elsweyr Confederacy, Khajiit homeland","Elsweyr is a region on Tamriel's southern coast, homeland of the Khajiit. It is geographically and culturally divided between the dry northern wastes and savannahs of Anequina, home to aggressive nomadic tribal raiders periodically united under warlords, and the southern jungles and river basins of Pellitine, where settled city dwellers maintain ancient mercantile traditions and a stable agrarian aristocracy based on sugarcane and saltrice plantations. Originally sixteen Khajiiti kingdoms, the Thrassian Plague devastated the province, ultimately consolidating the tribes into the two distinct kingdoms. These realms were later united into the Elsweyr Confederacy. While the south has readily adopted Imperial ways, northern tribes cling to their warlike barbarian traditions.","traveler, scholar","Elsweyr is the southern coastal region of Tamriel and homeland of the Khajiit. It is divided between the dry northern wastes, where nomadic tribal raiders dwell, and the fertile southern jungles, where settled city dwellers maintain ancient mercantile traditions and sugarcane plantations. The south readily adopts Imperial ways, while the north clings to warlike traditions.",common,"Elsweyr, Khajiit, Anequina, Pellitine, southern Tamriel, Elsweyr Confederacy, sixteen kingdoms, Thrassian Plague, sugarcane, nomads, jungles",regions
orc,"Orsimer, Pariah Folk","Orcs, or Orsimer, are the people of the Wrothgarian and Dragontail Mountains, possessing elven blood yet frequently grouped among the beastfolk or goblin-ken. Ancient Tamrielic nations once reviled them as savage pariahs, but distinguished service in the Imperial Legions has gradually earned many Imperial citizenship and education. Orc armorers are prized throughout the Empire for their unmatched craftsmanship, and Orc warriors in heavy armor are widely regarded as Tamriel's finest front-line troops, particularly when unleashing their fearsome berserker rage. While detractors characterize Orc society as rough and cruel, Orcs themselves maintain they are stern but just, with fierce tribal loyalties and notable equality between the sexes. They inhabit Orsinium and scattered settlements, maintaining their own Orcish language.","scholar, traveler, common","Orcs, also called Orsimer, are a race of mountain-dwelling folk with elven blood. Once despised as savage beasts across Tamriel, they have slowly earned Imperial acceptance through renowned military service. Orc armorers craft exceptional arms and armor, and Orc heavy infantry stands among the Empire's finest front-line soldiers. They consider themselves stern but just, despite widespread reputation for roughness.",common,"Orsimer, Pariah Folk, Orsinium, Wrothgarian Mountains, Dragontail Mountains, Imperial Legion, heavy armor, berserker, goblin-ken, beastfolk",races
oreyn_bearclaw,,"Oreyn Bearclaw is a legendary figure of contested identity, celebrated by Bosmer as a great hunter of Valenwood who slew the witch-serpent Glenhwyfaunva and performed numerous heroic deeds before perishing in the Knahaten Flu. His descendants, the Oreyn bloodline, claim he established a tradition of protecting the helpless. However, an opposing account holds that Bearclaw was a sham and that his Orcish companion, Kharag gro-Khar of the Shatul Clan, truly performed the feats. This faction, supported by Malacath, considers the enchanted Helm of Oreyn Bearclaw—also called the Helm of Kharag gro-Khar—an Orcish relic, asserting Kharag was the true hero whose reputation was stolen. The helm remains a disputed artifact claimed by both traditions.",scholar,"Oreyn Bearclaw is a legendary Valenwood hunter celebrated by the Bosmer for slaying the witch-serpent Glenhwyfaunva and protecting the helpless before dying in the Knahaten Flu. His enchanted helm is a revered relic. However, Orcish tradition claims Bearclaw's companion Kharag gro-Khar actually performed these deeds and that the helm is an Orcish artifact.","common, traveler","Oreyn Bearclaw, Kharag gro-Khar, Helm of Oreyn Bearclaw, Bosmer, Orc, Malacath, Valenwood, Glenhwyfaunva, Knahaten Flu, Shatul Clan, legendary hero",figures
three_main_cultures,,"Three major cultural groupings share Vvardenfell: the Ashlander nomads, the Imperial Provincial culture, and the native Dunmer Great House culture. The Ashlanders maintain small portable camps, while recent Imperial colonies like Pelagiad feature Western provincial architecture. The dominant Great House culture divides into four architectural traditions. The warlike, aristocratic House Redoran builds spacious, organic structures. The mercantile House Hlaalu, heavily influenced by Imperial styles, constructs simpler, denser settlements. The reclusive Telvanni sorcerer-lords inhabit bizarre wizard towers amid mushroom-hut villages. A fourth style, the Velothi or Temple style, defines the monumental religious architecture of Vivec City.",scholar,"Vvardenfell is home to three major cultural groupings: the native Dunmer Great Houses, who dominate the island; the Ashlander nomads, who dwell in small portable camps; and the recent Imperial Provincial settlers, who build Western-style towns. The Great Houses themselves are divided into distinct architectural and social traditions.","common, traveler","Dunmer, Great Houses, Ashlanders, Imperial, Vvardenfell, Redoran, Hlaalu, Telvanni, Velothi, architecture, settlements",cultures
balmora_temple,,"The Balmora Temple is a Tribunal Temple facility standing on Rich Hill in the northwestern quarter of Balmora. It serves the faithful of Vvardenfell's Hlaalu district, offering cures for diseases and poison alongside various other services. Shrines of St. Llothis, St. Rilm, and the Tribunal provide blessings to devotees, free to members above novice rank. The temple also functions as a destination for Almsivi Intervention spells. Feldrelo Sadri oversees the local chapter, accepting new initiates into the Tribunal Temple.","traveler, scholar","The Balmora Temple stands on Rich Hill in the northwest part of Balmora. It provides cures for diseases and poison, and offers various other services to the faithful.",common,"Balmora, Tribunal Temple, Rich Hill, Feldrelo Sadri, St. Llothis, St. Rilm, Almsivi Intervention, shrine, disease cure, poison cure, Vvardenfell",locations
gnisis_temple,"Shrine of the Mask, Shrine of Justice","Gnisis Temple is the sole Tribunal shrine in the village of Gnisis, serving the spiritual needs of the local faithful and passing travelers. Its primary significance lies as a pilgrimage destination housing the Mask of Vivec, a holy relic displayed at the Shrine of the Mask, also called the Shrine of Justice. The temple maintains shrines to St. Llothis and St. Rilm, a hostel for pilgrims, and basic services including a smith and clothier. Copies of the Lessons of Vivec are kept on the premises. The facility also serves as a destination for Almsivi Intervention.","traveler, scholar","Gnisis Temple is the only Tribunal shrine in the village of Gnisis. It serves as a pilgrimage destination for the faithful, who visit to pray before the Mask of Vivec, a holy relic. The temple provides a hostel for travelers and the standard services of a small shrine.",common,"Tribunal Temple, Gnisis, Vivec's Ashmask, Shrine of the Mask, Shrine of Justice, pilgrimage, West Gash, holy relic, Almsivi Intervention, St. Llothis, St. Rilm",locations
kogoruhn,"Kogoran, Unbreakable Home, Unbroken Home","Kogoruhn, meaning Unbreakable Home, is a ruined stronghold in the northern Ashlands of Vvardenfell. It served as the capital of House Dagoth during the First Era. Its location is now largely forgotten by the Dunmer, and the Ashlanders consider it a bad place. Reached by traveling east from Urshilaku camp past Valenvaryon and Ebernanit, it appears as a great stone table covered with ruined buildings. Unlike other Dunmer strongholds, it lacks a functioning propylon chamber. Deep passages and fire-filled caves extend beneath the surface, and it serves as a major Sixth House base outside the Ghostfence, with underground connections reaching Red Mountain.","traveler, scholar","Kogoruhn, meaning Unbreakable Home, is a ruined First Era stronghold in Vvardenfell's northern Ashlands. Once the capital of House Dagoth, its location is now largely forgotten. Ashlanders consider it a bad place. The ruins consist of a great stone table with many collapsed buildings and deep, fire-filled caverns beneath.",common,"House Dagoth, Dunmer stronghold, Ashlands, Vvardenfell, Red Mountain, Sixth House, First Era, ruins, Urshilaku, Ghostfence, Ashlanders",locations
arch_mage,Guildmaster of the Mages Guild,"The Arch-Mage is the supreme rank and governing title within the Mages Guild, denoting the guildmaster who presides over the organization's affairs in a given region. In Vvardenfell, Trebonius Artorius holds this office from the Vivec Guild of Mages in the Foreign Quarter. The Arch-Mage commands final authority over Guild operations, advancement, and policy. Attainment of the rank traditionally requires reaching Master Wizard and supplanting the sitting Arch-Mage, whether through Imperial intervention or mortal challenge. The title carries considerable prestige and influence within Imperial magical society.",scholar,"The Arch-Mage is the highest rank in the Mages Guild, serving as the organization's guildmaster. In Vvardenfell, Trebonius Artorius currently holds this position from the Vivec Guild of Mages. The Arch-Mage wields ultimate authority over Guild affairs and advancement within the region.","common, traveler","Mages Guild, guild rank, guildmaster, Trebonius Artorius, Vivec, Vvardenfell, Imperial Guilds, magic, leadership, Wizard rank",factions
dwemer_ruins,"Dwarven ruins, Dwemer strongholds","Dwemer ruins are the surviving underground cities and strongholds of the vanished Dwemer. They are most common in Morrowind, particularly Vvardenfell, where shallow civic structures lie near the surface. These halls showcase advanced Dwarven metalwork and stone architecture, often powered by subterranean magma. Functional animunculi—mechanical Spiders, Spheres, and Centurions—still guard the depths. The ruins attract scavengers seeking valuable Dwarven weapons, armor, and enchanted devices, though Imperial decree protects such artifacts as property of the Emperor and forbids their trade. Despite this, the ruins are heavily plundered. Many sites now serve as lairs for outcasts; Dagoth Ur's Ash Vampires occupy several Red Mountain citadels, and vampire clans and bandits frequently inhabit other ruins.","traveler, scholar","Dwemer ruins are the abandoned strongholds of the vanished Dwarves, found across Tamriel but most common in Morrowind. Vvardenfell holds many such sites. Their metal halls still house mechanical guardians and valuable artifacts, though Imperial law forbids trading in these relics. Bandits and vampires often shelter within them.",common,"Dwemer, Dwarves, ruins, Vvardenfell, architecture, animunculi, artifacts, Red Mountain, vampires, Imperial law",locations
hall_of_justice,"Vivec Hall of Justice, Temple Canton Hall of Justice","The Hall of Justice, located on the Temple Canton's western side in Vivec City, serves as the martial and judicial headquarters of the Tribunal Temple alongside the neighboring Hall of Wisdom. It houses the four orders of the Temple Ordinators: the Order of the Watch, the Order of War, the Order of Doctrine and Ordination, and the Order of the Inquisition. Grandmaster Berel Sala, chief Ordinator on Vvardenfell, maintains his offices within its walls. The facility provides barracks and administrative chambers for the Ordinators and offers no services to outsiders. Beneath its Justice Offices and Office of the Watch, a locked secret library stores texts deemed too dangerous or heretical for the public, including restricted dissident writings and apocryphal scriptures.","traveler, scholar","The Hall of Justice occupies the western portion of Vivec's Temple Canton. It serves as the Tribunal Temple's martial and judicial headquarters, housing the barracks and offices of the four Ordinator orders: the Watch, War, Doctrine and Ordination, and Inquisition. Accessible from both the Temple and St. Delyn cantons, it offers no services to outsiders.",common,"Vivec City, Temple Canton, Ordinators, Tribunal Temple, Hall of Justice, Berel Sala, secret library, Vvardenfell",locations
house_dres,"Clan Dres, Dres District","House Dres is one of the five Great Houses of the Dunmer, governing the Dres District in southeastern Morrowind from its capital, Tear. Founded in the First Era by Grandmaster Thalthil Dres following a slave-raid over Thorn, the House commands vast saltrice plantations on the fertile Deshaan plains. Its agrarian economy depends entirely on slave labor, and it remains the primary supplier of enslaved Argonians and Khajiit to other Great Houses. Fervent supporters of the Temple and staunch traditionalists, the Dres fiercely oppose Imperial cultural influence and any legal restrictions on slavery. They maintain persistent Daedra worship alongside ancestor reverence and champion Great House unity. House Dres holds no territory or interests on Vvardenfell.",scholar,"House Dres is a Great House of Morrowind governing the southeastern Dres District from the city of Tear. Its wealthy agrarian economy relies entirely on slave labor to operate vast saltrice plantations. Fervent Temple supporters, the Dres fiercely oppose Imperial law and any attempts to restrict slavery.","common, traveler","Great Houses, Dunmer, Morrowind, Tear, slavery, saltrice, Deshaan, Black Marsh, Tribunal Temple, Argonians, anti-Imperial",factions
house_indoril,"Clan Indoril, Blue Party of Indoril","House Indoril is one of the five Dunmer Great Houses and the traditional stronghold of orthodox Temple authority. Governing the Indoril District on the mainland from the capital city of Mournhold, also called Almalexia, the house claims kinship with the Tribunal and boasts the Hortator Indoril Nerevar among its heroes. For three millennia Indoril dominated Morrowind's government through its control of the Tribunal priesthood, maintaining undisputed hegemony until the Armistice with Tiber Septim shattered their preeminence. Openly hostile to Imperial culture and religion, House Indoril preserves traditional Dunmer customs and ancestral veneration in defiance of Imperial law. The house reveres the Good Daedra and Temple saints, with Saint Olms the Just as its patron. Unlike the other clans, House Indoril claims no holdings on Vvardenfell.",scholar,"House Indoril is one of the five Dunmer Great Houses. Based in the Indoril District on the mainland, its capital is the city of Almalexia in Mournhold. Fervently orthodox and conservative, the house strongly supports the Tribunal Temple and preserves traditional Dunmer customs while remaining openly hostile to Imperial culture and religion. It holds no territory on Vvardenfell.","common, traveler","Dunmer Great Houses, House Indoril, Indoril District, Mournhold, Tribunal Temple, orthodox, traditional Dunmer customs, anti-Imperial, Almalexia",factions
karstangz_bcharn,Weather Witch,"Karstangz-Bcharn, often rendered as the Weather Witch, is a Dwemer weather-control engine preserved in Bamz-Amschend beneath Mournhold. Dwemer artificers devised the machine to alter local weather, with rainmaking remembered as its intended use. Its mechanisms can instead direct violent ashstorms when configured for that purpose. The engine demonstrates that Dwemer tonal and mechanical arts extended beyond animunculi and architecture into deliberate control of the natural environment. Its survival also makes it an unusually important source for studying the practical reach of Dwemer engineering.","scholar, dwemer","Karstangz-Bcharn, the Weather Witch, is an ancient Dwemer machine in Bamz-Amschend beneath Mournhold. It was designed to manipulate weather and is remembered chiefly as a rainmaking engine, though its mechanisms can also produce ashstorms.","common, traveler","Dwemer, Weather Witch, weather control, Bamz-Amschend, Mournhold, Dwemer engineering, ashstorms, rainmaking",artifacts
redguard,,"The dark-skinned, wiry-haired humans of Hammerfell are widely considered the most naturally talented warriors in Tamriel. Their ancestors migrated from the lost continent of Yokuda rather than the Nordic homeland of Atmora. Fierce independence and pride make them better suited as scouts, skirmishers, or free-ranging adventurers than as rank-and-file soldiers. They are physically blessed with hardy constitutions, resistance to poison, and quickness of foot, and they quickly adopt new weapon and armor styles. In Morrowind, natives often dismiss them as loud, loutish outlanders with little respect for local law or tradition, while Redguards themselves embrace their warrior nature and love of adventure.","scholar, traveler, common","The dark-skinned, wiry-haired humans of Hammerfell are considered the most naturally talented warriors in Tamriel. Fiercely independent, they favor scouting and adventure over rank-and-file soldiering. They possess hardy constitutions, resistance to poison, and quickness of foot. Unlike other humans, they trace their origins to Yokuda rather than Atmora.",common,"race, humans, Hammerfell, Yokuda, warriors, scouts, outlanders",races
aldmeri,"Elves, Aldmer","The Aldmeri, commonly called Elves by Imperials, are long-lived, culturally conservative humanoids distinct from Tamriel's manish and beast races. Conditionally fertile—conceiving only when population pressure is low—they lack the economic expansiveness or military adventurousness of Men. This stability allows Elven arts, literature, sorceries, and theology to profoundly shape the Empire's development. The term also denotes the political Dominions through which the Altmer have historically sought to reassert Elven dominance over Tamriel.","scholar, traveler, common","The Aldmeri, known to Imperials as Elves, are long-lived, culturally conservative humanoids distinct from the manish and beast races of Tamriel. They are conditionally fertile and neither economically expansive nor militarily adventurous, fostering stable societies whose arts and sorceries have profoundly shaped the Empire.",common,"elves, mer, races, aldmeri, tamriel, altmer, long-lived, cultures",races
beliefs,"End of Times, Cleansing, End of Times cult","Within the context of Mournhold's current spiritual unrest, 'beliefs' refers to the eschatological doctrines of the End of Times cult led by Eno Romari. This heretical movement asserts that the Tribunal's waning power signals an imminent apocalypse, wherein the gates of Oblivion will open and Daedra will overrun Tamriel. Romari's followers prepare for this 'Cleansing,' believing that only the departed ancestors will endure the Daedric scourge. The cult's presence in Almalexia's city is deeply controversial; Temple authorities and the city's leadership condemn these beliefs as dangerous heresy, viewing the claim that the Tribunal are no longer gods as an intolerable affront to the city's divine patron.","priest, scholar","In Mournhold, 'beliefs' currently refers to the heretical End of Times cult. Preaching that the Tribunal's fading power heralds a Daedric apocalypse, the cult's followers prepare for a 'Cleansing' where only the dead ancestors will survive. Temple and city authorities fiercely condemn these beliefs as intolerable heresy.",common,"apocalypse, cult, Daedra, End of Times, Eno Romari, heresy, Mournhold, Oblivion, Tribunal, Cleansing",religion
bonewolves,"undead wolves, skeletal wolves","Bonewolves are undead creatures manifesting as skeletal or decayed wolves, animated through black magic. They retain the predatory instincts and hunting behaviors of living wolves but lack any fear of death, making them relentless adversaries. Regarded as a mockery of the true wolves that roam the wilds, these foul beasts are considered unnatural abominations. While they share the speed and ferocity of their living counterparts, their undead nature renders them far more dangerous, as they cannot be deterred by conventional means. Sightings are often accompanied by local dread, as their very existence is a violation of the natural order.",scholar,"Bonewolves are undead wolves animated by black magic. They retain the hunting instincts of living wolves but possess no fear of death, making them relentless predators. Locals consider them a mockery of natural wolves and view them as foul, unnatural beasts.",common,"creatures, undead, wolves, black magic, necromancy, Solstheim",creatures
daedric_summonings,"Daedric summoning, summoning Daedra","Daedric summonings are conjurations that bind Daedric entities to the mortal plane to serve a summoner's bidding. On Vvardenfell, the beings most frequently encountered reflect the island's cultural divides. The Good Daedra—associated with the Tribune-adopted Anticipations Boethiah, Azura, and Mephala—manifest as winged twilights and hungers. The Bad Daedra, tied to the tested adversary Princes Mehrunes Dagon, Malacath, Sheogorath, and Molag Bal, are likewise summoned. Atronachs, elementally aligned Daedra from the elemental planes, remain unaligned with any patron. Regardless of a creature's association or disposition, the conjuration itself enforces obedience; the summoner commands the entity entirely, making a Daedra's inherent nature subordinate to the will that called it forth.",scholar,"Daedric summonings bind Daedra to the mortal plane, forcing them to serve their summoner. On Vvardenfell, winged twilights and hungers are linked to the Good Daedra Azura, Boethiah, and Mephala, while Bad Daedra stem from Mehrunes Dagon, Malacath, Sheogorath, and Molag Bal. Atronachs are unaligned. Despite a Daedra's nature or patron, the summoner's will commands it.","common, traveler","Daedra, summoning, conjuration, Daedric Princes, Good Daedra, Bad Daedra, atronachs, Vvardenfell, Boethiah, Azura, Mephala, Mehrunes Dagon",magic
dunmer_urban_style,,"Dunmer urban architecture organizes towns around a dominant central feature: either a Temple compound or the grand manor of Great House nobles. Temple compounds feature high-walled outer courtyards with smaller shelters and halls clustered around the central shrine. Aristocratic residences mirror this layout, replacing the shrine with a dominating manor and providing outbuildings for craftsmen and servants. Public and commercial buildings, such as tradehouses and craftguilds, are simple multi-storied rectangular structures built from local materials, distinguished by organic curves and decorated exteriors. Modest one-story private dwellings follow a similar plan with less ornamentation.",scholar,"Dunmer towns center on a Temple compound or a Great House noble's manor. Temple compounds and aristocratic residences both feature high-walled outer courtyards with clustered outbuildings. Public buildings and private dwellings are rectangular, built from local materials with organic curves, though common homes bear less decoration.","common, traveler","Dunmer, architecture, urban, Great Houses, Tribunal Temple, manors, Morrowind",cultures
foyada,"fire-river, foyadas","Foyadas—'fire-rivers' in the Ashlander tongue—are deep, ash-dark volcanic ravines descending from Red Mountain on Vvardenfell. Red Mountain's lava flows with unusual fluidity, and during eruptions these fire-rivers scour the ravines of all vegetation. Once carved, subsequent eruptions typically follow existing channels. Their clear, stable footing and long reach make foyadas natural highways through otherwise rugged terrain, used extensively by Ashlanders and overland travelers. Shalk and kagouti also frequent these paths. Nine named foyadas are recognized, with Foyada Mamaea being the largest and oldest, running from the southern crater lip through Ghostgate and past Balmora before ending near Hla Oad. Others include Foyada Ashur-Dan, Foyada Bani-Dad, Foyada Drura, Foyada Esannudan, Foyada Ilibaal, Foyada Nadanat, Foyada Zabirbael, and the J-shaped Valley of the Wind.","traveler, scholar","Foyadas, meaning 'fire-rivers' in the Ashlander language, are deep, ash-dark volcanic ravines running down from Red Mountain on Vvardenfell. During eruptions, fluid lava pours through these channels, scouring away vegetation. Because they offer clear footing and run long distances, travelers and Ashlanders use foyadas as natural roads through the rugged interior.",common,"foyada, fire-river, Red Mountain, Vvardenfell, Ashlander, volcanic ravine, lava flow, Ghostgate, Foyada Mamaea, overland travel, geography",regions
greater_saints,"greater saints of the temple, patron saints, temple saints","The greater saints of the Tribunal Temple represent the most venerated figures in Dunmeri faith, each serving as a patron for specific callings and social spheres. Blessed Almalexia the Warden watches over healers and teachers. Lord Sotha Sil the Magus guides artificers and wizards. Lord Vivec the Poet patrons artists and rogues. Saint Nerevar the Captain shelters warriors and statesmen. Saint Veloth the Pilgrim embraces outcasts and seekers. The living Tribunal gods and the ancestral Chimeri champions together form the core devotional framework of Temple doctrine, defining the spiritual roles and divine intercessions available to the faithful.","priest, scholar",The Tribunal Temple venerates five greater saints as patrons of specific paths. Almalexia the Warden guards healers and teachers; Sotha Sil the Magus guides artificers and wizards; Vivec the Poet watches artists and rogues; Nerevar the Captain shields warriors and statesmen; Veloth the Pilgrim embraces outcasts and seekers.,common,"Tribunal Temple, Almalexia, Sotha Sil, Vivec, Nerevar, Veloth, Dunmer, saints, patrons, religion",religion
hlaalu_treasury,"House Hlaalu Treasury, Hlaalu Vaults","The financial heart of House Hlaalu, located within the Hlaalu Canton of Vivec. Accessible from the Waistworks' upper north level, the facility serves as the bureaucratic and monetary hub for the Great House's operations. It connects directly to the Hlaalu Vaults, where significant assets are stored and managed by Baren Alen and his assistant Tenisi Lladri, as well as to the Hlaalu Records office and the faction's internal prisons. This integrated complex underscores House Hlaalu's sophisticated administrative apparatus, consolidating wealth management, archival documentation, and detention under one secure roof.",scholar,"The financial and administrative center of House Hlaalu in Vivec's Hlaalu Canton. The facility houses the Hlaalu Vaults, the Records office, and the faction's prisons, consolidating the Great House's monetary and bureaucratic operations in a single secure location.","common, traveler","House Hlaalu, Vivec, Hlaalu Canton, treasury, vaults, records, prison, economy, finance, bureaucracy",factions
humanoid_races,"Races of Tamriel, Men and Mer, Intelligent Races","The term encompasses the sentient, interfertile peoples of Tamriel: Men, Mer, and Beastfolk. Imperial scholars classify all three groups as 'men' due to their biological capacity to interbreed, though offspring invariably inherit the mother's racial appearance and may occasionally exhibit paternal traits. Mer reject this framework, claiming sole status as the 'truly human race' descended from the gods and dismissing Men and Beastfolk as intelligent animals. Sloads, dragons, and similar sentient species cannot mate with these groups and fall outside the classification. Exceptional accounts of unions between mortals and Daedra further complicate standard taxonomy.","scholar, traveler, common","The humanoid races of Tamriel comprise Men, Mer, and Beastfolk. Imperial scholars classify them together as 'men' because all three groups can interbreed, with offspring taking the mother's race. Mer reject this, claiming only they are truly human and viewing others as intelligent animals. Sloads, dragons, and other sentient species cannot interbreed with these races and are excluded from the classification.",common,"races, Men, Mer, Beastfolk, interracial mating, Imperial taxonomy, Elven perspective, Tamriel, sentience, daedra",races
imperial_corruption,,"Imperial corruption denotes the systemic graft and exploitation pervading the colonial administration in Vvardenfell. Imperial plutocrats secure lucrative economic privileges, such as the Caldera ebony mining charter, through substantial bribes and high-placed connections, bypassing native Great Houses and local colonists. Tax agents and bureaucrats further extract wealth by skimming percentages from regional revenues. This entrenched corruption ensures that the true profits of Vvardenfell's resources flow to distant Imperial officials and their cronies rather than the province's inhabitants.",scholar,"Imperial corruption in Vvardenfell involves systemic graft by colonial officials. Bureaucrats and tax agents skim percentages from local revenues, while wealthy Imperial plutocrats secure lucrative economic charters, like the Caldera ebony mining rights, through bribes and high-placed connections rather than merit.","common, traveler","Imperial administration, corruption, Caldera, ebony, bureaucracy, tax agents, bribes, exploitation, charter, plutocrats",history
imperial_cult_ranks,,"The Imperial Cult organizes its members into a strict ten-tier hierarchy reflecting spiritual authority and service. Advancement begins with lay worshippers and unordained seekers: the Layman, Novice, and Initiate. Ordained roles follow with the Acolyte, Adept, and Disciple, who perform administrative and ritual duties. Higher echelons encompass the Oracle, Invoker, and Theurgist, positions associated with divine revelation and mystical intercession. At the apex stands the Primate, the Cult's supreme spiritual authority within the province. This structured progression governs all operations and devotions in the Cult's missions across Morrowind.",scholar,"The Imperial Cult recognizes ten ranks of spiritual standing and authority. From lowest to highest, they are: Layman, Novice, Initiate, Acolyte, Adept, Disciple, Oracle, Invoker, Theurgist, and Primate. This hierarchy governs all members and their devotional duties.","common, traveler","Imperial Cult, ranks, Layman, Novice, Initiate, Acolyte, Adept, Disciple, Oracle, Invoker, Theurgist, Primate",factions
imperial_culture,"Cyrodilic culture, Imperial society","Imperial culture is a pragmatic melting pot blending the contrasting traditions of its provinces, unified by a strong hereditary emperor, the rule of law, a powerful professional army, and tolerance of disparate polytheistic cults. Where it flourishes, education and wealth are broadly distributed; many citizens are literate and protected under Imperial law. Persons of all races and creeds can advance in commerce, the bureaucracy, and the military. However, moral and political corruption at the highest levels of Imperial society, combined with the economic strain of maintaining military occupations in widely separated hostile provinces like Morrowind, signals the impending decline of the Empire.",scholar,"Imperial culture is a pragmatic melting pot of provincial traditions, unified by a hereditary emperor, the rule of law, a professional army, and religious tolerance. It features broad literacy, legal protections, and social advancement for all races. However, high-level corruption and the economic strain of occupying hostile provinces like Morrowind signal impending Imperial decline.","common, traveler","Imperial, Cyrodiil, Empire, culture, bureaucracy, law, military, religion, decline",cultures
initiation_rite,"ashlander initiation, clanfriend rite","The initiation rite of the Ashlander tribes is a harrowing, a trial wherein spirits and ancestors judge an outsider's worthiness for adoption. The Urshilaku variant requires the aspirant to enter the Urshilaku Burial Caverns and retrieve the Bonebiter Bow of the spectral guardian Sul-Senipul. Success earns the title of Clanfriend, granting the right to rest in tribal beds and the honor of bearing the retrieved ancestral weapon. Among the Urshilaku, this rite also serves as a prerequisite for consultation with the wise woman Nibani Maesa regarding the Nerevarine prophecies.","priest, scholar","Ashlander initiation rites are harrowings where ancestors and spirits judge an outsider's worthiness for tribal adoption. For example, the Urshilaku require aspirants to retrieve the Bonebiter Bow from their burial caverns. Success grants the Clanfriend title and tribal hospitality.",common,"Ashlanders, harrowing, initiation, ancestors, spirits, Clanfriend, Urshilaku, burial caverns, Bonebiter Bow, adoption, tribe",religion
jobasha_s_rare_books,"Jobasha's, Jobasha's Bookshop","Jobasha's Rare Books is a bookshop in the Vivec Foreign Quarter's Lower Waistworks, situated at the west end of the corridor on the same level as the Black Shalk Cornerclub. Owned by the Khajiit Jobasha, the establishment carries a wide selection of rare and obscure volumes. An Ordinator routinely patrols the shop's upper and lower levels.","traveler, scholar","A bookshop in Vivec's Foreign Quarter Lower Waistworks, at the west end of the corridor. The Khajiit Jobasha owns the store and offers a wide selection of rare and obscure books.",common,"Vivec, Foreign Quarter, Lower Waistworks, bookshop, Jobasha, Khajiit, rare books, shop",locations
saint_aralor,"Aralor the Penitent, Saint Aralor the Penitent","Saint Aralor the Penitent is a Dunmeri saint venerated by the Tribunal Temple as the patron of tanners and miners. According to Temple tradition, Aralor was a foul criminal who repented his sins, proving his sincerity by completing a circuit of the great pilgrimages on his knees. His extreme penance established a model of devotion and redemption within the Temple faith. The Hair Shirt of Saint Aralor, a sacred relic associated with his suffering, is said to simultaneously hurt and heal the wearer while conferring resistance to magic, particularly shock damage.",scholar,Saint Aralor the Penitent is a Dunmeri saint venerated by the Tribunal Temple. He serves as the patron of tanners and miners. Temple tradition holds that this former criminal repented his sins and proved his devotion by completing the great pilgrimages on his knees.,"common, traveler","Dunmer, saint, Tribunal Temple, Penitent, tanners, miners, pilgrimage, relic, Hair Shirt, patron",figures
saint_felms,"Saint Felms the Bold, Felms the Bold","Saint Felms the Bold is revered by the Dunmer as the patron of butchers and fishmongers. A celebrated warlord of the Tribunal Temple, he is honored for slaughtering numerous Nord infidels. Though illiterate, Felms claimed to receive inspiration directly from the voice of Blessed Almalexia. Despite his venerated status, accounts from asylum caretakers suggest his present condition is deeply unstable. He exhibits relentless pacing, fierce attachment to his war axes, and volatile outbursts, indicating a mind still consumed by martial fury and violent conquest.",scholar,"Saint Felms the Bold is the Dunmer patron of butchers and fishmongers. This illiterate warlord is celebrated by the Tribunal Temple for killing Nord infidels, claiming he received inspiration directly from Almalexia's voice.","common, traveler","saint, tribunal temple, dunmer, patron, warlord, almalexia, butchers, fishmongers, nord",figures
saint_rilms,"Rilms the Barefooted, Saint Rilms the Barefooted","Saint Rilms the Barefooted is venerated by the Tribunal Temple as the patron of pilgrims and beggars. Originally a wealthy noble, she renounced her privileged station by first giving away her shoes and subsequently adopting the full guise and life of a beggar. This radical act of self-abnegation was undertaken to intimately understand and share the condition of the impoverished. Her hagiography exemplifies Temple ideals of humility and charity, and she remains a significant intercessor for the destitute and those journeying on religious pilgrimage.",scholar,"Saint Rilms the Barefooted is the Tribunal Temple's patron of pilgrims and beggars. A wealthy noble who gave away her shoes and lived as a beggar, she is venerated for her humility and her desire to understand the poor.","common, traveler","saint, Tribunal Temple, patron, pilgrims, beggars, barefooted, nobility, charity, Dunmer, hagiography",figures
saint_roris,"Roris, Saint Roris the Martyr","Saint Roris, called the Martyr, is the Dunmer patron of furnishers and caravaners. Captured by Argonians in the borderlands before the Arnesian War, he refused to renounce the Tribunal faith despite torture and was killed for his defiance. His suffering became a cause célèbre: cries for vengeance in Saint Roris's name galvanized Morrowind's military response against Black Marsh and echoed throughout the conflict. The cult of Saint Roris endures among the faithful of the Tribunal Temple as a symbol of unwavering devotion.","scholar, common","Saint Roris the Martyr is the patron of furnishers and caravaners. Captured by Argonians before the Arnesian War, he refused to renounce the Tribunal faith and was tortured and killed. Vengeance for his martyrdom became a rallying cry of the Arnesian War.","common, traveler","Tribunal Temple, saints, Arnesian War, Argonians, martyrdom, Dunmer, caravaners, furnishers",figures
saint_seryn,Seryn the Merciful,"Saint Seryn the Merciful is venerated as the patron of brewers, bakers, and distillers. Renowned for her extraordinary healing gift, she could cure any affliction by voluntarily absorbing the disease into her own body. Despite enduring countless illnesses through this self-sacrifice, she possessed legendary resilience, described as tough as a guar, and survived to a sprightly old age. Accounts note she was a pure virgin of less-than-handsome appearance. She remains a significant cultural figure for the Dunmer, embodying selfless endurance and compassion.",scholar,"Saint Seryn the Merciful is the patron saint of brewers, bakers, and distillers. She is remembered for her miraculous ability to cure diseases by taking the afflictions upon herself, a selfless practice she survived due to her legendary toughness, living to a sprightly old age.","common, traveler","saint, Dunmer, healer, patron, brewers, bakers, distillers, Tribunal Temple, mercy, disease",figures
aundae,"Aundae Clan, Aundae vampires","One of the three major vampire bloodlines native to Vvardenfell, the Aundae are a dark brotherhood of vampiric mages composed entirely of Altmer. Unlike rival clans gifted with physical prowess, the Aundae rely on mastery of magic, possessing formidable powers of the mind. This focus comes at a price; some believe their powerful intellects are tainted by madness. Led by Dhaunayne Aundae, the clan operates from Ashmelech in the Sheogorad region and maintains a presence in ancestral tombs across the island. Rumors suggest affiliation with House Dres, but no proof exists. The bloodline is rarely encountered on the mainland.",scholar,"One of three major vampire bloodlines on Vvardenfell, the Aundae consist entirely of Altmer vampires. Unlike physically gifted rival clans, the Aundae are dark mages who rely on powerful minds and magic, though such gifts may invite madness. They inhabit ancestral tombs across the island and are rarely seen on the mainland.","common, traveler","vampire, bloodline, Aundae, Ashmelech, magic, Vvardenfell, Altmer, Sheogorad, Dhaunayne, mysticism",factions
berne,"Berne Clan, Berne vampires","One of the three great vampire bloodlines native to Vvardenfell, the Berne are masters of stealth and the shadows. Unlike the brute strength of the Quarra or the arcane mastery of the Aundae, the Berne possess unnatural agility and rely on silence, invisibility, and ambush to hunt. They stalk their prey from darkness, often poisoning victims with a bite before returning to feed once the quarry weakens. Raxle Berne leads the clan from the Dwemer ruin of Galom Daeus, while independent Berne vampires occupy ancestral tombs across the island. They keep mortal cattle in their lairs, harvesting them at whim. The other bloodlines view the Berne's shadowy methods with contempt, considering them cowardly and untrustworthy.",scholar,"One of three native vampire bloodlines on Vvardenfell, the Berne are stealthy and agile hunters who rely on shadow and ambush rather than strength or magic. They claim true mastery of the night, stalking prey in secrecy and silence from the darkness.","common, traveler","vampires, Vvardenfell, bloodline, stealth, undead, Galom Daeus, Quarra, Aundae, assassins, night",factions
foyada_mamaea,Mamaea,"Foyada Mamaea is one of the largest and most recognizable volcanic ravines on Vvardenfell, formed by ancient lava flows from Red Mountain. It runs from the mountain's southern crater through Ghostgate, then southwest past Fort Moonmoth before terminating near the West Gash. An old Dwemer bridge spans the foyada near the fort, and the Pelagiad-Balmora road crosses it southeast of that garrison. The channel serves as a major route to Ghostgate, though dangerous beasts threaten travelers. Notable sites along its course include the Daedric shrine Assarnatamat, the Dwemer ruin Arkngthand, and the Shrine of Pride.","traveler, scholar","Foyada Mamaea is a large, ancient volcanic ravine on Vvardenfell carved by lava from Red Mountain. It runs southwest from the mountain through Ghostgate past Fort Moonmoth. A Dwemer bridge crosses it near the fort, and the Pelagiad-Balmora road intersects it nearby. It serves as a major route to Ghostgate.",common,"foyada, volcanic ravine, Red Mountain, Ghostgate, Fort Moonmoth, Dwemer bridge, Vvardenfell, lava channel",locations
inner_sea,"Inland Sea, Narrow Sea, Vvardenfell Rift","The Inner Sea, also called the Inland Sea or the Vvardenfell Rift, separates mainland Morrowind from the island of Vvardenfell. It stretches from the Bitter Coast and Ascadian Isles to Azura's Coast, meeting the Sea of Ghosts near Solstheim and the eastern shores. Its origins remain disputed; some attribute its creation to a Red Mountain eruption or the activation of Numidium circa 1E 700, yet earlier maps by Topal the Pilot suggest it predates both events. Ebonheart serves as the primary Vvardenfell port, with Seyda Neen's Grand Pharos guiding mariners. The treacherous, menhir-studded coastline harbors numerous shipwrecks and sustains major smuggling operations. Bioluminescent, sentient Land Coral grows exclusively along its shores, most notably at Vivec's Antlers, site of the final battle against the Kamal during the Second Akaviri Invasion of 2E 572.","traveler, scholar","The Inner Sea separates mainland Morrowind from Vvardenfell Island, stretching from the Bitter Coast to Azura's Coast. Ebonheart is its main port, while Seyda Neen's Grand Pharos lighthouse guides mariners. The treacherous, menhir-studded coastline is littered with shipwrecks and serves as a haven for smuggling operations.",common,"Morrowind, Vvardenfell, body of water, Ebonheart, Seyda Neen, Sea of Ghosts, smuggling, Land Coral, Red Mountain, Numidium",regions
padomaic_ocean,,"The Padomaic Ocean is the vast body of water surrounding most of Tamriel, meeting the Eltheric Ocean off Northpoint and at the Blue Divide. Its eastern reach borders Akavir, while it also approaches Atmora to the north. The ocean lends its name to the Padomaic Crest, treacherous cliffs along the Telvanni Peninsula's eastern coast; this name ultimately derives from Padomay, the primordial deity of change, though any deeper connection between the ocean and the god remains uncertain.","traveler, scholar","The Padomaic Ocean is the vast body of water that surrounds most of Tamriel. It meets the Eltheric Ocean in the north and south, borders Akavir to the east, and approaches Atmora to the north.",common,"Padomaic Ocean, ocean, Tamriel, Akavir, Atmora, Eltheric Ocean, Padomaic Crest, Padomay, geography, water",regions
quarra,"Quarra Clan, Clan Quarra","The Quarra Clan is one of the three major vampire bloodlines of Vvardenfell, founded in the mid-Second Era by the Imperial Volrina Quarra after her transformation. Renowned as the physically strongest of the island's vampires, the Quarra shun subtlety; they prefer slaughtering entire settlements to selective feeding. Their prideful motto declares them perfect predators who stand above all other clans. Operating from the Dwemer ruin of Druscashti in the northern Ashlands, with members scattered across ancestral tombs, the clan wages perpetual war against the rival Berne and Aundae bloodlines. Their sheer brute strength makes them deeply feared, though other clans consider them crude.",scholar,"The Quarra Clan is one of the three major vampire bloodlines of Vvardenfell. They are the physically strongest of the island's vampires but lack subtlety, preferring wholesale slaughter to careful hunting. Proud and aggressive, they wage eternal war against the rival Berne and Aundae clans from their stronghold at Druscashti in the northern Ashlands.","common, traveler","vampire, bloodline, Vvardenfell, Volrina Quarra, Druscashti, Ashlands, Berne, Aundae, undead",factions
rogue_telvanni,,"Rogue Telvanni are renegade wizards of House Telvanni who establish unauthorized tower settlements across Vvardenfell in direct defiance of the Duke's decree that no Great House may build without approval. Though House Telvanni publicly denies supporting these outlawed settlements, the claim finds no credence among observers. Duke Dren lacks the power to enforce his restrictions effectively; his silently endorsed volunteer expeditions and mercenary raids against the rogue towers have proven largely ineffective. The situation underscores the fragile reach of Imperial authority on Vvardenfell and the Telvanni preference for acting as they please.",scholar,"Rogue Telvanni are renegade wizards who build unauthorized tower settlements on Vvardenfell, defying the Duke's ban on new Great House construction. House Telvanni publicly denies backing them, though few believe it. Imperial efforts to dislodge them have largely failed.","common, traveler","Telvanni, rogue Telvanni, Vvardenfell, House Telvanni, Imperial authority, Duke Dren, unauthorized settlements, outlaw wizards, Great Houses, Morrowind politics",factions
sea_of_ghosts,"Ghost Sea, Northern Sea","The Sea of Ghosts, also called the Ghost Sea, comprises the frigid northern and northeastern waters of the Padomaic Ocean, lying between Tamriel's northern coast and the continent of Atmora. It meets the Abecean Sea off northwestern High Rock and the Inner Sea along northern Morrowind. Named for the ancient tale of Ysgramor's son Yngol perishing at the hands of ""Sea-Ghosts,"" these misty, iceberg-laden waters remain difficult to navigate. The Nedic people sailed across this sea from Atmora to Tamriel in ancient times. Solstheim sits within the Sea of Ghosts, and horkers and chub loons inhabit its cold environment.","traveler, scholar","The Sea of Ghosts is the frigid northern part of the Padomaic Ocean lying between Tamriel and Atmora. Named for the ancient ""Sea-Ghosts"" that killed Ysgramor's son Yngol, these misty, iceberg-filled waters saw the Nedic migration from Atmora. Solstheim lies within this sea.",common,"Padomaic Ocean, Atmora, Tamriel, Solstheim, Ysgramor, Yngol, Nedic, icebergs, horkers, Morrowind, Skyrim",regions
the_cleansing,Ritual Suicide,"The Cleansing is a ritual suicide practiced by the End of Times cult, whose adherents believe the act constitutes a glorious sacrifice for the greater good. Followers cleanse themselves of worldly burdens, sending their spirits ahead to the ancestors to prepare for an anticipated war against daedric hordes. The cult preys upon the trusting and the desperate, framing self-destruction as a sacred duty and a necessary preparation for the apocalyptic conflict they prophesy. While the cult presents the Cleansing as a transcendent passage, outside observers recognize it as a fatal manipulation exploiting vulnerable individuals seeking purpose.",scholar,"The Cleansing is a ritual suicide practiced by the End of Times cult. Followers believe it is a glorious sacrifice that cleanses them of worldly burdens and sends their spirits to the ancestors, preparing for a future war against daedric hordes.","common, traveler","End of Times, ritual, suicide, cult, daedra, ancestors, Mournhold, Dunmer, fanaticism",history
corprus_stalker,,"Corprus stalkers are the deformed, deranged victims of corprus disease, a blight originating from Red Mountain that profoundly warps both mind and body. Driven mad by their affliction, these wretches become highly aggressive and dangerous. They also serve as carriers of the disease itself, making close contact with them exceedingly hazardous. While the corprus malady is typically associated with Dagoth Ur's influence, stalkers occasionally appear in settled areas, as with one specimen trapped in a Tel Mora shop. Few dare approach them, fearing both their violence and the terrible infection they spread.",scholar,"Corprus stalkers are the deformed, deranged victims of corprus disease. The affliction profoundly warps mind and body, driving those infected to aggressive madness. They are highly dangerous and carry the corprus disease, making any close encounter perilous.",common,"corprus, disease, monster, mutant, blight, dagoth-ur, ashland, tel-mora",creatures
dunmer_metropolitan_style,"Vivec architecture, High Dunmer style","Dunmer metropolitan style represents the high urban architectural tradition of Morrowind, epitomized by Vivec City. It features grand multi-tiered blocks arranged along canals, connected by high bridges leading to elevated block-top plazas and markets. Gondoliers navigate flat-bottomed skiffs along the waterways below. The style is characterized by verticality and monumental scale, with secular canton structures overshadowed by the grand sacred architectures of the Palace and the Archcanon's High Fane, reflecting Tribunal dominance over civic space.",scholar,"High Dunmer metropolitan architecture, best displayed in Vivec City, features grand multi-tiered blocks arranged along canals. High bridges connect elevated plazas and markets, while gondoliers navigate the waterways below. Monumental sacred structures like Vivec's Palace and the High Fane dominate the civic landscape.","common, traveler","architecture, Dunmer, Vivec City, canals, gondoliers, Tribunal, urbanism, High Fane, monuments, plazas",cultures
dunmer_village_style,,"The Dunmer village style represents the most widespread architectural tradition across Vvardenfell's districts. Dwellings employ local materials shaped into organic curves, their undecorated exteriors drawing inspiration from the surrounding landscape and the shells of giant native insects. Traditional settlements center on Temple compounds and courtyards, reflecting the faith's cultural primacy, whereas newer plantation villages orient around manor houses, reflecting the influence of Great House agriculture and Imperial land grants.","scholar, common","The most familiar architectural style across Vvardenfell's districts, Dunmer village buildings use local materials with organic curves and undecorated exteriors inspired by the landscape and giant insect shells. Traditional villages center on Temple compounds, while newer plantations feature manor houses as their focal points.","common, traveler","Dunmer, architecture, Vvardenfell, village, Temple, plantation, Great Houses, housing, culture",cultures
dwemer_centurions,"Animunculi, Dwemer robots","Dwemer centurions, also called animunculi, are enchanted mechanical war devices built by the Dwemer, persisting within their ancient ruins long after their makers' disappearance. Three recognized classes exist: the arachnid centurion spider, the deployable centurion sphere, and the formidable steam centurion. Their animating principle remains debated; visible pipes and intermittent steam vents suggest steam-power, yet their behavior implies deeper enchantments. A notable phenomenon observed in Vvardenfell specimens is their deactivation when removed beyond a certain distance from Red Mountain, reactivating upon return. This has led to speculation that a sustaining signal emanates from the Dwemer's subterranean colonies, though the exact mechanism remains unknown.",scholar,"Dwemer centurions are enchanted war devices in the form of animated metal creatures found within ancient Dwemer ruins. Three classes are known: the centurion spider, the centurion sphere, and the steam centurion. These constructs are rarely encountered outside Dwemer ruins.",common,"Dwemer, constructs, animunculi, centurion, ruins, automata, Red Mountain, Vvardenfell, Dwemer ruins, mechanical",creatures
fort_darius,,"Fort Darius is the smallest Imperial fort in Vvardenfell, consisting of little more than a gatehouse built into a steep hillside at the east entrance to Gnisis village. Constructed through cooperation between the Empire and House Redoran, it is named after its commandant, General Darius. The fort itself is notable for being garrisoned entirely by Orcs, while the remaining Imperial Legion soldiers reside in the village's separate barracks and tradehouse.","traveler, scholar","Fort Darius is a small Imperial fort built into a hillside at the east entrance to Gnisis. Constructed with House Redoran's assistance, it is named after its commandant, General Darius.",common,"Imperial Legion, Imperial Forts, Gnisis, West Gash, House Redoran, General Darius, Orcs, Military Installations, Vvardenfell",locations
fort_moonmoth,Moonmoth Legion Fort,"Fort Moonmoth, also called Moonmoth Legion Fort, is the Imperial Legion garrison southeast of Balmora and the center for Imperial control in the region. General Larrius Varro serves as commandant, with Radd Hard-Heart as Chapter Steward and the contact for enlistment. Crulius Pontanian operates as the fort's enchanter and Imperial agent. Between the Legion and Imperial Cult staff, the garrison hosts roughly a dozen service providers, including an Imperial Cult altar, apothecary, smith, and trader. The Prison Towers hold the regional jail and Evidence chest, guarded by Solea Nuccusius.","traveler, scholar, imperial","Fort Moonmoth is the Imperial Legion garrison southeast of Balmora, serving as the regional center for Imperial authority. General Larrius Varro commands the fort, and Radd Hard-Heart serves as Chapter Steward. The garrison provides various services through its Legion and Imperial Cult staff.",common,"Imperial Legion, Balmora, garrison, Imperial Cult, military, Vvardenfell",locations
frost_centurion,,"A frost centurion is an enchanted animated artifact of Dwemer creation, constructed in the form of an armored warrior. Like other Dwemer animunculi, these constructs remain active within ruined strongholds, exhibiting aggressive and dangerous behavior toward intruders. Their designation stems from the icy enchantments that power their attacks, distinguishing them from their steam-driven counterparts. The scrap metal recovered from such destroyed Dwemer artifacts is rare and precious, prized both by collectors of antiquities and by students of metals and enchantments.",scholar,"A frost centurion is an enchanted animated artifact of Dwemer creation, constructed in the form of an armored warrior. These aggressive and dangerous constructs guard ancient Dwemer ruins. The scrap metal recovered from destroyed Dwemer artifacts is rare and precious, prized by collectors and scholars alike.",common,"creature, Dwemer, animunculi, construct, ruins, enchantment, scrap metal, automaton, artifact",creatures
fryse_hags,"fryse hag, kyne witches, nord ice witches, solstheim hags","Fryse hags are an order of savage Nord witches devoted to the teachings of the goddess Kyne, the widow of Shor. Each is a powerful sorceress wielding frost-based magicka, and some are known to consort with the undead or carry enchanted silver weapons. Dwelling beyond civilized society, they roam the wilds of Solstheim and congregate in its ice caves. They view outsiders as threats to their beliefs, despising any not of their order and attacking interlopers on sight.",scholar,"Fryse hags are vicious Nord witches who serve the goddess Kyne, widow of Shor. They are powerful frost mages that roam the wilds and ice caves of Solstheim, attacking any outsiders they encounter as threats to their beliefs.",common,"fryse hags, nords, solstheim, kyne, shor, frost magic, ice caves, witches, hags, undead, silver weapons",creatures
grytewake,,"The Grytewake is a smuggling vessel operated by Velfred the Outlaw along the Bitter Coast. It anchors at a secluded harbor southwest of Hla Oad, deliberately avoiding the village's public docks to conceal its illicit trade. The ship's cargo includes narcotics and ash statues, linking its operations to the broader Sixth House smuggling networks permeating Vvardenfell's coastlines. Velfred occasionally sells goods near Hla Oad, maintaining a discreet presence while protecting his clandestine enterprise from Imperial scrutiny.",scholar,"The Grytewake is a ship that operates along the Bitter Coast near Hla Oad. It never docks at the village's public harbor, instead anchoring at a secluded location southwest along the coast. The vessel belongs to Velfred the Outlaw, who occasionally sells goods in the area.","common, traveler","Bitter Coast, Hla Oad, smuggling, ship, Velfred the Outlaw, ash statues, narcotics, outlaws, secluded harbor, Vvardenfell",cultures
gulakhan,,"A gulakhan is a subordinate leader within Ashlander tribal governance, ranking beneath an ashkhan. While the ashkhan serves as the primary war chief and ruler, the gulakhan acts as a lesser chief or champion, supporting the tribe's martial and administrative functions. The position demands martial competence and leadership, though reluctant or unprepared individuals sometimes inherit the role, creating tension between tribal expectations and personal capability.",scholar,"A gulakhan is a lesser chief in Ashlander tribes, serving beneath the ruling ashkhan. The role carries martial and leadership duties expected of tribal champions.","common, traveler","Ashlanders, Ashlander governance, ashkhan, gulakhan, tribal titles, Dunmer culture, nomadic leadership, tribal hierarchy",cultures
hall_of_wisdom,,"The Hall of Wisdom is a major administrative center of the Tribunal Temple, situated on the eastern side of the Temple Canton in Vivec. Alongside the adjacent Hall of Justice, it contains the executive, administrative, and judicial operations of the Temple hierarchy. The Hall of Wisdom specifically houses scholars, monks, and priests who study and shape Temple doctrines. The structure is divided into five interior sections, providing offices and quarters for various Temple officials and clergy.","traveler, scholar","The Hall of Wisdom stands on the east side of Vivec's Temple Canton. It houses the scholars, monks, and priests who study and shape Tribunal Temple doctrines, and provides offices and quarters for Temple officials.",common,"Vivec, Temple Canton, Tribunal Temple, Hall of Wisdom, doctrine, scholars, priests, administrative, Vivec City",locations
high_fane,,"The High Fane is the largest Tribunal temple on Vvardenfell, situated atop Vivec's Temple Canton. Archcanon Tholer Saryoni presides over a substantial staff of priests, healers, and monks. The edifice houses shrines to the saints and connects to the Hall of Wisdom. Pilgrims travel from across Morrowind to visit the site, offer prayer and thanks before the Palace of Vivec, and view the suspended Ministry of Truth. As the administrative and spiritual heart of the Tribunal faith on the island, the High Fane holds paramount significance for the orthodox faithful.","traveler, scholar","The High Fane is the largest Tribunal temple on Vvardenfell, located in the Temple Canton of Vivec City. Archcanon Saryoni presides over its staff of priests and monks. Pilgrims travel from across Morrowind to pray here and view the nearby Ministry of Truth and Palace of Vivec.",common,"Vivec, Temple Canton, Tribunal Temple, Archcanon Saryoni, Ministry of Truth, Palace of Vivec, pilgrimage, cathedral, Morrowind, shrine",locations
hrothmund_s_barrow,,"Hrothmund's Barrow is a Nordic crypt in Solstheim's Moesring Mountains, entombing Hrothmund the Red, who founded Thirsk in 3E 326 and ruled for twenty-one years before being slain and devoured by Ondjage, the Fell Wolf. The barrow holds Hrothmund's Axe and the Amulet of Infectious Charm. A wolf-shaped geoglyph called Hrothmund's Bane surrounds the site, with the entrance at the wolf's eye, visible only from the air. The entrance is magically sealed; speaking the password opens it, while an incorrect word seals it forever. Thirsk's new chieftains traditionally visit to seek Hrothmund's blessing. A Breton mage recently attempted to locate the barrow via airship to recover the amulet, but the expedition failed.","traveler, scholar","Hrothmund's Barrow is a Nordic crypt in Solstheim's Moesring Mountains, entombing Hrothmund the Red, founder of Thirsk. Slain by the Fell Wolf Ondjage, he is buried with his axe and a famous amulet. A wolf-shaped rock formation surrounds the barrow, with the entrance at the wolf's eye, visible only from the air. Thirsk's new chieftains traditionally visit the barrow to seek his blessing.",common,"Solstheim, Nordic barrow, Hrothmund the Red, Thirsk, Moesring Mountains, Ondjage, Hrothmund's Bane, Amulet of Infectious Charm, Skaal",locations
museum_of_artifacts,"Godsreach Museum, Mournhold Museum","A privately funded institution in Mournhold's Godsreach district dedicated to collecting and displaying significant artifacts from the region. The museum acquires pieces at fifty percent of assessed value, up to thirty thousand gold, with all sales being final. Its curators enforce strict security; attempted theft is treated as a capital offense warranting lethal retaliation. The establishment serves as both a public exhibition of cultural relics and a serious repository for historically important items.","traveler, scholar","A privately funded museum in Mournhold's Godsreach that collects and displays regional artifacts. It purchases items at half their assessed value, up to thirty thousand gold, with no returns. Theft from the institution is a capital offense met with lethal force.",common,"Mournhold, Godsreach, museum, artifacts, Tribunal, collection, display, privately funded, sale, security",locations
sixth_trial,"The Tribe Unmourned, Eating Sin","The Sixth Trial is a prophesied ordeal within the Nerevarine prophecies, decreeing that the incarnate must serve as Hortator to the Dunmer Great Houses and Nerevarine to the Ashlander tribes. Its cryptic verses speak of a &quot;tribe unmourned&quot; and &quot;eating sin,&quot; terms debated by scholars and wise women. Some interpret the unmourned tribe as the exterminated House Dagoth, while others argue it signifies the vanished Dwemer. &quot;Eating sin&quot; implies atoning for another's transgression. Fulfilling this trial unites the Dunmer people under the incarnate's banner and, alongside the Seventh Trial, demands confronting Dagoth Ur with Kagrenac's Tools.","priest, scholar","The Sixth Trial is a Nerevarine prophecy requiring the incarnate to unite the Dunmer as Hortator and Nerevarine. Its verses mention a &quot;tribe unmourned&quot; and &quot;eating sin,&quot; phrases variously interpreted as references to House Dagoth or the Dwemer, and the act of atoning for another's sins.",common,"Nerevarine, prophecy, Hortator, House Dagoth, Dwemer, Ashlanders, Azura, Tribunal",religion
telvanni_hospitality,,"Telvanni hospitality refers to the notably begrudging and minimal accommodation House Telvanni extends to the Tribunal Temple within its territories. In Sadrith Mora, the Telvanni long denied the Temple any formal presence, eventually granting only cramped, dark chambers. This arrangement reflects the House's casual commitment to Tribunal orthodoxy, viewing spiritual welfare as secondary to the pursuit of arcane power. Temple staff operate under these austere conditions, acknowledging Telvanni tolerance as a privilege rather than a duty, a dynamic that underscores the broader cultural friction between the wizard-lords and institutional religion.",scholar,"House Telvanni provides notably minimal accommodation to the Tribunal Temple, reflecting its casual commitment to Temple orthodoxy. In Sadrith Mora, the Telvanni long denied the Temple a formal presence before granting only cramped, dark quarters, viewing arcane power as more important than spiritual welfare.","common, traveler","House Telvanni, Tribunal Temple, Sadrith Mora, Dunmer culture, religion, wizard-lords, Temple relations",cultures
the_dark_elven_curse,,"The Dark Elven Curse is an Imperial folk explanation for the Dunmer's distinctive ashen skin and crimson eyes, attributing these traits to a moral taint, a sorcerous curse, and the pernicious environment of Morrowind's northeastern wastelands. Western storytellers employ these fables to frame the Dunmer as a tainted or accursed people. However, scholars widely ascribe such legends to Imperial racial prejudice and fear rather than historical truth. The Dunmer themselves entirely reject this narrative, offering their own ancestral accounts of their physical nature and past.","priest, scholar","The Dark Elven Curse is an Imperial legend claiming that the Dunmer's dark skin and red eyes stem from a moral taint, a sorcerous curse, or Morrowind's harsh environment. The Dunmer reject these tales, which scholars attribute to western prejudice and fear.",common,"Dunmer, Dark Elf, Imperial, curse, prejudice, legend, folklore, Morrowind",religion
the_dream_is_the_door,,"A common phrase among Ashlander wise women expressing that dreams provide the pathway to prophetic visions. In certain mystical contexts, the saying takes on literal dimensions: the 'star' refers to Azura's Star, and the 'door' it opens is visible only at dawn and dusk. The principle underscores the Ashlander reliance on dream-interpretation and divine signs to discern the will of the Daedra, bridging the gap between mortal experience and the realm of prophecy.","priest, scholar, ashlander","A common saying among Ashlander wise women, meaning that dreams are the door to prophetic visions. In some contexts, it refers to Azura's Star as the key that opens a door seen only at dawn and dusk.","common, ashlander","Ashlander, prophecy, Azura, dreams, wisdom, visions, Azuras Star, door, wise women, dawn, dusk",religion
the_mainland,"mainland, morrowind mainland","The Mainland refers to the province of Morrowind beyond the island of Vvardenfell, governed from the ancient capital Mournhold in the region of Deshaan. While Vvardenfell has long been an Imperial territory administered under separate district authority, the mainland remains the seat of traditional Dunmer governance under Tribunal Temple influence. Travel between Vvardenfell and the mainland is currently restricted; vessels from the island face immediate rejection at mainland ports due to the Blight. Access to Mournhold itself is tightly controlled, requiring special magical transport arrangements.","traveler, scholar","The Mainland is the greater province of Morrowind beyond Vvardenfell Island. Its capital is Mournhold, located in the Deshaan region. Travel from Vvardenfell to the mainland is currently restricted due to the Blight, with regular boat traffic turned away from mainland ports.",common,"mainland, morrowind, mournhold, deshaan, vvardenfell, blight, travel, tribunal",regions
urshilaku_burial_caverns,urshilaku astral burial,"The ancient burial grounds of the Urshilaku Ashlanders, located south-southeast of their camp toward the slopes of Red Mountain. The caverns predate the Tribunal, harking back to the early Chimer settlement of Vvardenfell. The entrance, marked as Urshilaku Astral Burial, opens into a north-facing hillside door reachable by heading east along the coast from the camp and turning south at a rock cairn. The site comprises seven distinct sections, making it significantly larger than typical island tombs. The spirits of Urshilaku ancestors vigilantly guard these caverns and will attack intruders to protect the sanctity of their rest.","traveler, scholar, ashlander","The ancient burial grounds of the Urshilaku Ashlanders, located south-southeast of their camp. Dating back to early Chimer settlement, the caverns comprise seven sections entered through the Astral Burial door. Ancestral spirits vigilantly guard the site against intruders.",common,"Urshilaku, Ashlanders, burial site, ancestors, Red Mountain, Vvardenfell, Chimer, tomb, cavern, spirits",locations
balmora_mages_guild,"Mages Guild Balmora, Balmora Guild of Mages","The Balmora chapter of the Mages Guild occupies a hall west of the Odai River, one street up from the waterside near the open plaza north of the silt strider port. Ranis Athrys serves as Guild Steward, overseeing local operations and the admission of new members. As a prominent institutional presence in Hlaalu District territory, the guildhall provides arcane services and training to the region's spellcasters and serves as a key hub for the Guild's activities in southwestern Vvardenfell.","traveler, scholar","The Balmora Mages Guild is located west of the river, one street up from the waterside by the open plaza just north of the silt strider port. Ranis Athrys serves as the Guild Steward and handles admissions for prospective members.",common,"Balmora, Mages Guild, Ranis Athrys, Guild Steward, Hlaalu District, magic, guilds, silt strider, plaza, faction hall",locations
blight_monsters,"blighted creatures, corprus men, corprus monsters","Blight monsters are creatures warped by the supernatural disease known as the Blight, which emanates from Red Mountain. The most infamous among them are the corprus men, grotesque victims of corprus disease who emerge from beneath the mountain to prey upon the surrounding land. These afflicted beings exhibit terrifying resilience and violent behavior, spreading death and further disease in their wake. Blight monsters are uniquely tied to the fierce blight storms that sweep across the island, capable of walking through these hazardous weather events unharmed while carrying their infection far beyond the quarantine zone. Their relentless encroachment has devastated traditional Ashlander livelihoods, leaving camps like the Ahemmusa besieged; hunters and herders are too terrified to venture onto the land, and the peaceful tribe faces extinction without external aid.",scholar,"Blight monsters are diseased creatures warped by the Blight from Red Mountain. Corprus men are among the most feared, crawling from under the mountain to prey on the land. They follow and walk through blight storms, spreading death and disease. Their presence terrifies Ashlanders, making hunting and herding impossible.",common,"blight, corprus, red mountain, disease, ashlanders, ahemmusa, monsters, creatures, quarantine, blight storms",creatures
brodir_grove,,"Brodir Grove is a site on Solstheim marked by petrified warriors, standing as monuments to an ancient betrayal. Five centuries ago, the sorcerer Grimkell ambushed a band of Nord warriors here, unleashing a spell that turned them to stone. One companion, caught in the same magicka, was transformed into living stone rather than killed, and has remained at the grove ever since. The petrified figures endure as grim testament to Grimkell's treachery, while the living stone sentinel keeps vigil, seeking the entrance to Sovngarde.","traveler, scholar","Brodir Grove is a site on Solstheim containing petrified warriors. Five hundred years ago, the sorcerer Grimkell ambushed a group of Nords here, turning them to stone. The figures remain standing as monuments to his betrayal.",common,"Solstheim, grove, petrified warriors, Grimkell, Sovngarde, living stone, Nord, ambush, betrayal, ancient magic",locations
daedra_cults,"Daedric cults, Four Bad Daedra worship, Bad Daedra cults","Daedra cults are groups devoted to the worship of the Daedric Princes, particularly the four bad Daedra—Mehrunes Dagon, Malacath, Molag Bal, and Sheogorath—whose veneration the Tribunal Temple explicitly forbids. Despite this prohibition, the vast wilderness of Vvardenfell harbors numerous ancient Daedric ruins that attract new congregations. The Temple's Ordinators, heavily occupied with suppressing domestic heretics and dissidents, lack the resources to actively pursue these remote worshippers. Consequently, Daedra cults persist in the island's isolated reaches, maintaining forbidden rites beyond the ready reach of orthodox authority.","priest, scholar","The Tribunal Temple forbids the worship of the four bad Daedra: Mehrunes Dagon, Malacath, Molag Bal, and Sheogorath. However, Vvardenfell's vast wilderness contains many old Daedric ruins that continue to attract worshippers. The Ordinators are too busy suppressing heretics and dissidents to chase these remote Daedra cults.",common,"Daedra, Daedra worship, cults, Four Bad Daedra, Mehrunes Dagon, Malacath, Molag Bal, Sheogorath, Ordinators, Daedric ruins, heresy",religion
dagoth_ur_s_defenses,"Sixth House citadel defenses, Dagoth Ur citadel defenses, Ghostfence defenses","The defenses of the Dagoth Ur citadel and the strongholds of his heartwight kin within the Ghostfence are formidable and supernatural in nature. The Sixth House deploys ash creatures, corrupted dreamers, and powerful enchantments to repel incursions into Red Mountain. The Tribunal Temple maintains the Ghostgate and garrisons Ordinators and Buoyant Armigers there, but the interior beyond the fence remains perilous and largely impenetrable. Current intelligence on the citadels' specific internal defenses relies on reports from these forces stationed at the gate.",scholar,"The citadels of Dagoth Ur and his heartwight kin within Red Mountain are heavily defended by ash creatures and dark enchantments. The Tribunal Temple garrisons Ordinators and Buoyant Armigers at Ghostgate to monitor these defenses, though the interior remains extremely perilous.","common, traveler","Dagoth Ur, Sixth House, Ghostgate, Ghostfence, Red Mountain, citadel, heartwight, Ordinator, Buoyant Armiger, Tribunal, defense",history
dagoth_ur_s_powers,,"Dagoth Ur wields formidable powers derived from his connection to the Heart of Lorkhan. He projects his consciousness into the dreams of susceptible victims across vast distances, imposing compulsions or inflicting madness. He exhibits near-invulnerability to physical and magical harm. Furthermore, his flesh—and that of his followers—undergoes a mutable, magical evolution. Dagoth Ur and his highest-ranking servants, the Ash Vampires, consciously control these distorted physical manifestations, while lower-ranking followers lose mastery over their bodies, degenerating into mindless corprus monsters.",scholar,"Dagoth Ur possesses immense powers, including the ability to invade the dreams of distant victims to compel or madden them. He is nearly invulnerable to physical and magical harm. His flesh and that of his followers evolves into a mutable, magical form; high-ranking servants control this distortion, while lower ranks degenerate into mindless corprus monsters.","common, traveler","Dagoth Ur, House Dagoth, dreams, corprus, Sixth House, psychic projection, divine power, Heart of Lorkhan, Ash Vampires, corprus monsters, invulnerability",history
dumac,"Dumac Dwarfking, Dumalacath, Dumac Dwarf-Orc, King of Red Mountain","Dumac Dwarfking, also called Dumalacath or Dumac Dwarf-Orc, was the last ruler of the Dwemer. Alongside Indoril Nerevar, he united the Chimer and Dwemer clans, driving the Nords from Morrowind by 1E 416. Serving together on the First Council, Dumac and Nerevar forged a deep friendship that brought unprecedented prosperity to Resdayn. This alliance ultimately fractured over religious and philosophical disputes regarding the Dwemer's construction of the Numidium, leading to the War of the First Council. Dumac died fighting at the Battle of Red Mountain, and his race vanished shortly thereafter.",scholar,"Dumac Dwarfking was the last ruler of the Dwemer. He and Indoril Nerevar united the Chimer and Dwemer, driving the Nords from Morrowind and ruling Resdayn together on the First Council. Their friendship ended in the War of the First Council, and Dumac died at the Battle of Red Mountain.","common, traveler","Dwemer, First Council, Resdayn, Red Mountain, Nerevar, Chimer, Dwarfking",figures
durzogs,sludgepuppies,"Durzogs are four-legged beasts bred and employed by Goblinkin across Tamriel, from the Sea of Ghosts to Summerset's shores. Possessing a protean shape and perfected hunting form, they are frighteningly strong and possibly more intelligent than their goblin handlers. Goblins use trained durzogs on patrols to hunt down victims. Colloquially called ""sludgepuppies,"" they are no mere pets; their fangs and grim visage command respect. Scholars note that the durzog's symbiosis with Goblinkin reflects a deep cultural divide, as researchers tie goblins to some of Tamriel's earliest inhabited sites, possibly predating the arrival of Men or Elves. The durzog's true ancient origins remain a mystery, with academic speculation often descending into farcical conjecture.",scholar,"Durzogs are fierce, four-legged beasts used by goblins across Tamriel to hunt down victims. Possibly more intelligent than their handlers, they are strong and well-trained. They are sometimes called ""sludgepuppies,"" but the colloquial name belies their frightening nature.",common,"beasts, goblins, hunting, sludgepuppies, Goblinkin, creatures",creatures
dwemer_s_sin,"sin of the dwemer, dwemer transgression, dwemer heresy","The Dwemer's sin denotes their blasphemous attempt to forge a new god from the divine substance of the dead god Lorkhan. This act, facilitated by Kagrenac's tools upon the Heart of Lorkhan, is characterized by Temple doctrine as a destructive evil. The same transgression is attributed to Dagoth Ur, justifying his destruction. The Tribunal's own sin is distinguished as twofold: the evil of breaking their oath to Azura by using those same tools, and the folly of their subsequent apotheosis. Though the Tribunal acknowledges their error, they maintain they have paid the price for it.",scholar,"The Dwemer's sin was their attempt to create a new god from the substance of the dead god Lorkhan. Temple doctrine calls this a destructive evil, the same evil for which Dagoth Ur must be destroyed. The Tribunal later committed a different sin by breaking their oath to Azura and using Kagrenac's tools to become gods.","common, traveler","Dwemer, Lorkhan, Heart of Lorkhan, Kagrenac, Tribunal, Dagoth Ur, Azura, theology, blasphemy, Numidium, Red Mountain, oath-breaking",history
foreign_quarter,"Vivec Foreign Quarter, Foreign Quarter Canton","The Foreign Quarter is the large, three-tiered canton forming the northern district of Vivec. Historically, outlanders were restricted to this quarter, though they now travel freely throughout the city. It serves as the primary Imperial presence in Vivec, housing guildhalls for the Fighters and Mages Guilds, an Imperial Cult shrine, and the Black Shalk Cornerclub. Various independent tradesmen, craftsmen, and trainers also operate here. The Canalworks beneath the canton contain a tomb that serves as a passage connecting the district's east and west sections.","traveler, scholar","The Foreign Quarter is the large, three-tiered northern canton of Vivec. Once the only district open to outlanders, foreigners may now travel throughout the city. It houses the Imperial guildhalls, an Imperial Cult shrine, the Black Shalk Cornerclub, and various independent merchants and trainers.",common,"Vivec, canton, Foreign Quarter, Imperial, outlanders, Fighters Guild, Mages Guild, Imperial Cult, Black Shalk Cornerclub, Canalworks",settlements
fort_buckmoth,"Buckmoth Legion Fort, Imperial Fort Ald'ruhn","Fort Buckmoth serves as the Imperial Legion's primary garrison for Redoran District, projecting Imperial authority into the heart of House Redoran territory. Situated due south of Ald'ruhn along the road to Ghostgate, the fort provides a strategic outpost near the contested Ashlands border. Its garrison maintains standard Imperial military infrastructure, including an enchanter, battlemage, smith, healer, apothecary, drillmaster, and trader. An Imperial Cult altar operates within the fort, offering spiritual services to Legion personnel and local adherents. The fort also includes a prison wing, reflecting the Legion's role in maintaining order throughout the district. Its proximity to Ald'ruhn's south gate facilitates coordination with Redoran authorities while ensuring a visible Imperial presence.","traveler, scholar","Fort Buckmoth is the Imperial Legion garrison for Redoran District, located just south of Ald'ruhn's south gate along the road to Ghostgate. The fort houses Legion soldiers and provides various military and religious services, including an Imperial Cult altar, smith, healer, and enchanter.",common,"Imperial Legion, Redoran District, Ald'ruhn, fort, garrison, Ghostgate road, Imperial Cult, House Redoran, military installation, Ashlands",locations
harrowing,,"The Harrowing is a dark ritual associated with the Icereach Coven, wherein witches employ Gray Host reliquaries to summon ethereal Daedric entities known as Harrowing Reapers from the shadowy pits of Oblivion. These spectral beings possess claws and wield purple magical attacks, including beams and singularities. Though birthed in Oblivion, they can be compelled into servitude. Among the Reachmen, the Harrowing carries such dread repute that even the brave refuse to approach it, treating its tales as dire warnings passed down through generations. The Reapers share unclear connections with Gloam Knights, and their terrifying visage is sometimes mimicked by vampires or mages seeking to instill fear.","priest, scholar","The Harrowing is a dread ritual practiced by the Icereach Coven, using Gray Host reliquaries to summon spectral Daedric Reapers from Oblivion. Among the Reachmen, it carries such fearful repute that even the brave refuse to approach it, passing its tales as dire warnings to their descendants.",common,"daedra, witch coven, ritual, storm, reaper, Oblivion, Reachmen, Gray Host, undead, necromancy, fear",religion
hlaalu_compound,"Hlaalu Canton, Vivec Hlaalu Compound","Hlaalu Compound is the westernmost canton of Vivec City, serving as the primary seat of House Hlaalu's power within the urban canton system. The tier-top mansion of Councilor Crassius Curio crowns the structure, while the lower tiers house the Hlaalu treasuries, records, holding cells, and various commercial services. Two public houses, the Elven Nations and the No Name Club, operate within the canton alongside numerous craftsmen and tradesmen. Though the compound is the House's formal center, some Hlaalu nobles maintain residences in the less-formal St. Delyn and St. Olms cantons, and Councilor Velanda Omani's manor sits east of the city on Elmas Island.","traveler, scholar","The Hlaalu Compound is the westernmost canton of Vivec and the primary seat of House Hlaalu in the city. Councilor Crassius Curio resides in its tier-top mansion. The lower tiers contain treasuries, records, holding cells, shops, and two public houses: the Elven Nations and the No Name Club.",common,"Vivec, House Hlaalu, Canton, Crassius Curio, Elven Nations, No Name Club, St. Delyn, St. Olms, Velanda Omani, Elmas Island, Hlaalu Compound",settlements
imperial_guard,"shadow legion, janisieres","The Imperial Guard, sometimes called the shadow legion, is an elite unit under the Imperial Legion tasked with defending the Emperor and his direct provincial representatives. Its members, known as janisieres, are renowned as some of the greatest warrior-mages in Tamriel. Unlike common Imperial guardsmen, this order serves directly in the Emperor's courts protecting royals. A traditional rivalry exists between the Imperial Guard and the regular Legions, stemming from their distinct privileges and duties. In Morrowind, the Guard protects Duke Vedam Dren, whose rank and responsibilities entitle him to this elite protection.",scholar,"An elite unit of the Imperial Legion responsible for protecting the Emperor and his direct provincial representatives. Its members are renowned warrior-mages who serve directly in the Emperor's courts, distinct from common guardsmen. A traditional rivalry exists between this unit and the regular Legions.","common, traveler","Imperial Legion, elite unit, bodyguard, warrior-mages, shadow legion, janisieres, Duke Vedam Dren, military, Imperial",factions
imperial_office_of_census_and_excise,,"The Imperial Office of Census and Excise is a bureaucratic organ of the Empire responsible for conducting head counts of citizens, assessing taxes, and collecting Imperial revenue. Beyond taxation, the office administers various Imperial licenses, including those for importation and the incorporation of mercenary companies. As the Empire's primary fiscal and regulatory authority in the provinces, it ensures both the flow of wealth to the Imperial City and compliance with Imperial commercial law.","scholar, imperial","An Imperial bureaucracy that conducts citizen head counts for taxation, collects Imperial revenue, and administers licenses for activities such as importation and mercenary company incorporation.","common, traveler, imperial","Empire, taxation, census, excise, licensing, importation, mercenaries, bureaucracy, Imperial administration, revenue, regulation",factions
lady_of_mercy,,"Lady of Mercy is a title of Almalexia, one of the Tribunal gods of the Dunmer. As the Mother of Morrowind, she is traditionally revered as a healer and protector. However, the ongoing war with Dagoth Ur has compelled a transformation; dissenters questioning her doctrines now disappear, and her Hands act as inquisitors rather than guardians. Mournhold, the City of Love, reflects this hardening, as crisis demands a stern divine hand.","priest, scholar","Lady of Mercy is a title for the Tribunal god Almalexia, traditionally revered as a healing, protective Mother. The current crisis with Dagoth Ur, however, has driven her and her followers toward severity, with her Hands acting as inquisitors and Mournhold losing its reputation as the City of Love.",common,"Almalexia, Tribunal, Lady of Mercy, Mother of Morrowind, City of Love, Mournhold, Hands of Almalexia, Dunmer religion",religion
lake_amaya,,"Lake Amaya is a large body of water situated in the northern Ascadian Isles of Vvardenfell. Nestled in the temperate lowlands between the settlements of Pelagiad and Suran, its shores are dotted with private estates and farmhouses predominantly owned by House Hlaalu nobility. The northern shore holds the Fields of Kummu, site of the Shrine of Humility, a recognized stop on the Tribunal Temple's pilgrimage of the Seven Graces. The southern reaches lie near the Dren Plantation and hold a desolate shipwreck. Roads skirting the northern bank connect the surrounding countryside, and the waters sustain typical regional flora and fauna, including slaughterfish.","traveler, scholar","A large lake in the Ascadian Isles region of Vvardenfell, located between Pelagiad and Suran. House Hlaalu estates line its banks, and the northern shore features the Fields of Kummu and the Shrine of Humility, a Tribunal Temple pilgrimage site.",common,"Ascadian Isles, Vvardenfell, lakes, Fields of Kummu, Shrine of Humility, Seven Graces, House Hlaalu, Pelagiad, Suran, Dren Plantation, geography, water",locations
madstone,Madstone of the Ahemmusa,"The Madstone of the Ahemmusa is a sacred Ashlander amulet serving as a tribal safeguard against hostile magic. When wielded against an adversary, it projects the overwhelming cries of ancestral spirits into the victim's mind, disrupting and confusing their spellcasting. However, this ancestral wailing simultaneously afflicts the bearer, inducing a shared madness that renders the artifact perilous to both parties. This volatile duality makes the Madstone a weapon favored by warriors over mages, as its disorienting effects are best suited for those who do not rely on incantations. It remains a revered artifact of the Ahemmusa tribe.","scholar, esoteric","The Madstone of the Ahemmusa is a sacred Ashlander amulet that protects against witch-warriors. When used to touch an enemy, it projects ancestral voices into the victim's mind to disrupt their spells. This wailing also afflicts the bearer with madness, making it a favored tool for warriors rather than wizards.",esoteric,"Ahemmusa, Ashlander, amulet, artifact, magic resistance, ancestors, witch-warriors, madness",artifacts
mage_disciplines,"schools of magic, magical disciplines, Mages Guild disciplines","The nine disciplines traditionally recognized by the Mages Guild form the foundational framework for magical study across Tamriel. These disciplines—Enchant, Destruction, Alteration, Illusion, Conjuration, Mysticism, Restoration, Alchemy, and Unarmored—each encompass distinct principles and applications. Destruction channels harmful energies; Alteration manipulates physical properties; Illusion affects perception and mind; Conjuration summons entities from other planes; Mysticism explores esoteric phenomena; Restoration heals and preserves; Enchant binds magic into items; Alchemy transforms substances through combination; and Unarmored applies magical principles to bodily defense. Together they constitute the formal curriculum of the Mages Guild and the broader academic understanding of spellcraft.",scholar,"The Mages Guild recognizes nine traditional disciplines of magical study: Enchant, Destruction, Alteration, Illusion, Conjuration, Mysticism, Restoration, Alchemy, and Unarmored. These disciplines form the standard framework for magical education and practice throughout Tamriel, each addressing distinct principles and applications of spellcraft.","common, traveler","magic, Mages Guild, spellcraft, enchantment, destruction, alteration, illusion, conjuration, mysticism, restoration, alchemy, unarmored",magic
mystery_of_the_dwarves,"Disappearance of the Dwarves, Dwemer Disappearance","The disappearance of the entire Dwemer race during the Battle of Red Mountain in the late First Era remains one of Tamriel's most profound historical enigmas. Scholarly inquiry centers on Kagrenac's tools and theoretical texts such as Divine Metaphysics and The Egg of Time, which debate the safety of drawing upon a divine power source. Whether the Dwemer deliberately transcended the mortal plane, were destroyed by their own hubris, or suffered a catastrophic disruption of their connection to the Heart of Lorkhan is fiercely disputed. The last living Dwemer, Yagrum Bagarn, offers fragmentary insight, but no conclusive resolution exists.",scholar,"The sudden disappearance of the Dwemer race during the Battle of Red Mountain remains one of Tamriel's greatest unsolved historical questions. Scholars debate whether Kagrenac's tools destroyed the Dwemer or allowed them to transcend the mortal plane, but no conclusive evidence has ever been found.","common, traveler","Dwemer, Dwarves, Battle of Red Mountain, Kagrenac, Heart of Lorkhan, Yagrum Bagarn, Divine Metaphysics, Egg of Time, First Era, Mages Guild, Trebonius Artorius",history
order_of_the_watch,,"The Order of the Watch serves as the protective and enforcement arm of the Tribunal Temple, providing guards for its temples and shrines. In the Temple city of Vivec, the Order holds particular prominence, acting as the guards who enforce the law and preserve public order. As a distinct branch of the Temple hierarchy, its members ensure the safety of sacred spaces and maintain the stability expected within Tribunal-held territories, operating under the broader authority of the Temple's faith and governance.",scholar,"The Order of the Watch provides guards for Tribunal Temple shrines and temples. In the city of Vivec, members of the Order serve as the guards who enforce the law and preserve order on behalf of the Temple.","common, traveler","Tribunal Temple, Vivec, guards, law enforcement, temple security, Order of the Watch, shrines",factions
puzzle_canal,Vivec Puzzle Canal,"The Puzzle Canal extends beneath the Palace of Vivec as a place of worship and testing for those seeking Vivec's favor. Its five levels form a disorienting maze where southern passages lead to unexpected destinations, and only the third level provides access to the central shrine. This shrine, one of the seven great shrines of the Graces, requires pilgrims to submit to near-drowning as demonstration of faith. Daedric servants guard choice treasures throughout the dark passages. The canal's very layout serves as a trial, demanding perseverance and spiritual commitment from those who would complete the pilgrimage of the Seven Graces.","traveler, scholar","A sacred labyrinth beneath the Palace of Vivec where pilgrims undergo trials to earn the god's favor. Its flooded, confusing passages test the faithful, while Daedric guardians protect treasures within. One of the Seven Shrines of the Graces lies at its heart, requiring near-drowning as proof of devotion.",common,"Vivec, pilgrimage, shrine, Tribunal, Daedra, maze, underwater, Graces, trial, Palace",locations
redoran_compound,"Redoran Canton, House Redoran Compound","The Redoran Compound is the House Redoran canton in Vivec, situated south of the Foreign Quarter and west of the Arena. It serves as the administrative heart of the House, housing the Redoran Treasury, Hall of Records, and Holding Cells. The lowest tier contains a Redoran shrine and ancestral vaults. Two noble families, the Sarens and the Dralors, maintain top-tier manors. The Flowers of Gold cornerclub provides lodgings for Redoran kin and retainers, while numerous tradesmen, craftsmen, and trainers serve the canton's needs.","traveler, scholar","The Redoran Compound is the House Redoran canton in Vivec, located south of the Foreign Quarter and west of the Arena. It serves as the administrative center for House Redoran, featuring the Redoran Treasury, Hall of Records, and Holding Cells. The canton includes the Saren and Dralor noble manors, a shrine, ancestral vaults, and the Flowers of Gold cornerclub for retainers.",common,"Vivec, House Redoran, canton, Redoran Treasury, Hall of Records, Flowers of Gold, Saren Manor, Dralor Manor, ancestral vaults",locations
telvanni_compound,"Telvanni Canton, Vivec Telvanni Canton","The Telvanni Compound is the easternmost canton of Vivec, serving as Great House Telvanni's administrative and residential foothold in the city. Unlike their traditional mushroom towers, the Telvanni rent this canton from the Tribunal Temple, which restricts them to a Velothi tower. The ranking noble presiding over the compound is the mage-lord Mavon Drenim. The canton follows the standard Vivec tier structure: the plaza hosts the administrative center, including a hall of records and a treasury; the waistworks and canalworks house tradesmen, craftsmen, and trainers; and the underworks contain slave quarters. The Lizard's Head cornerclub provides lodgings for Telvanni kin and hired mercenaries.","traveler, scholar","The easternmost canton of Vivec, serving as Great House Telvanni's hold in the city. The Telvanni rent the canton from the Temple and occupy a Velothi tower rather than their preferred mushroom towers. It houses an administrative center, a treasury, slave quarters, and the Lizard's Head cornerclub for kin and mercenaries.",common,"Vivec, Telvanni, canton, settlement, Velothi tower, Mavon Drenim, Lizard's Head, House Telvanni, Tribunal Temple, slavery",settlements
telvanni_council_hall,,"The Telvanni Council Hall is the large spherical structure situated by the harbor in Sadrith Mora. It serves as the administrative seat where the Telvanni Mouths—representatives who speak on behalf of the ruling councilors—conduct faction business. Mage-Mistress Arara Uvulas, the Mouth for Master Neloth of Tel Naga, maintains her residence there. The hall provides a centralized venue for addressing the councilors without directly approaching the reclusive magelords in their distant towers.","traveler, scholar","The Telvanni Council Hall is a large spherical structure by the harbor in Sadrith Mora. It houses the Telvanni Mouths, representatives who speak for the ruling councilors, and serves as the seat of House Telvanni's governance.",common,"Sadrith Mora, House Telvanni, Telvanni Council Hall, Telvanni Mouths, Arara Uvulas, Neloth, Tel Naga, council chamber, wizard tower, Azura's Coast",locations
telvanni_mouths,,"Telvanni Mouths serve as the official representatives of the reclusive Telvanni mage-lords on the Grand Council. Because the lords themselves cannot be bothered with governance, their Mouths attend to all council business in their stead. Each Mouth is a protégé of their patron wizard, traditionally expected to inherit the lord's seat and tower upon the master's death. While Mouths possess complete authority to speak for their lords, they frequently defer difficult or consequential decisions back to their masters rather than risk their standing.",scholar,"Telvanni Mouths represent the reclusive mage-lords of House Telvanni in council affairs. As protégés of their lords, they are expected to eventually inherit their masters' positions. Though they hold full authority to speak for the lords, Mouths often defer difficult decisions to their patrons.","common, traveler","House Telvanni, Grand Council, mage-lords, representatives, protégés, council business, succession, Great Houses",factions
temple_compound,"Temple Canton, Vivec Temple","The Temple Compound is the holiest site in Vvardenfell and the administrative heart of the Tribunal Temple. It encompasses the High Fane, the island's largest Tribunal temple overseen by the Archcanon, alongside the Hall of Wisdom and Hall of Justice, which house the faith's executive, judicial, and martial operations. The Ministry of Truth, a moon suspended above the canton by Vivec's power, serves as an Ordinator-run prison and re-education center for heretics. The Palace of Vivec is the residence of the god-hero, while the subterranean Puzzle Canal provides a proving ground for questing heroes. Hundreds of pilgrims visit daily.","traveler, scholar","The Temple Compound is Vvardenfell's holiest site and the Tribunal Temple's headquarters. It contains the High Fane, the administrative Halls of Wisdom and Justice, the Ordinator-occupied Ministry of Truth suspended above, and the Palace of Vivec. Hundreds of pilgrims journey here daily.",common,"Vivec City, High Fane, Ministry of Truth, Hall of Wisdom, Hall of Justice, Palace of Vivec, Puzzle Canal, Tribunal Temple, Archcanon, Ordinators, pilgrimage, Dunmer",settlements
the_seven_visions,"Seven Visions of Seven Trials of the Incarnate, Seven Trials of the Incarnate","The Seven Visions, fully titled 'Seven Visions of Seven Trials of the Incarnate,' is an esoteric prophecy dictating the ordeals the Nerevarine must overcome. The trials progress from the Incarnate's obscure birth and immunity to disease, through Azura's sign in dark caverns, to uniting the Great Houses as Hortator and the Ashlander tribes as Nerevarine. The sixth trial demands honoring the tribe unmourned and eating their sin, while the seventh speaks of freeing cursed false gods and redeeming the mad. The prophecy concludes with a single destiny: speaking the law for Veloth's people and naming them great. Its verses are subject to varied interpretation among the Dissident Priests and Ashlander wise women.","scholar, esoteric","The Seven Visions is a prophecy detailing the seven trials the Nerevarine must fulfill. It foretells the Incarnate's rebirth, immunity to disease, receiving Azura's sign, uniting the Great Houses as Hortator, uniting the Ashlander tribes as Nerevarine, honoring the tribe unmourned, and freeing the cursed false gods. The prophecy concludes with the Nerevarine speaking the law for Veloth's people.",esoteric,"prophecy, Nerevarine, Azura, Hortator, Ashlanders, Dissident Priests, Velothi, Tribunal, Incarnate, Moon-and-Star",artifacts
withershins,,"Withershins is a rare treatise on apotropaic healing authored by Yaqut Tawashi. The text derives its title from the Old Cyrodilic term withersynes, meaning backwards, and details the metaphysical art of reversing direction to access the spirit world, break curses, and cure severe afflictions such as vampirism and Daedric possession. Its central ritual employs a counter-spinning zoetrope alongside incantations invoking Boethiah, Kynareth, and Drisis to invert metaphysical crises. The book is highly valued by magical practitioners for its profound Restoration principles, and copies are exceedingly scarce, making it a frequent target for specialist acquisition.","scholar, esoteric","Withershins is a rare instructional tome on apotropaic healing and curse-breaking, authored by Yaqut Tawashi. Its title stems from the Old Cyrodilic word for backwards, reflecting its core principle of reversing metaphysical patterns. The book is highly prized by scholars of Restoration magic, and surviving copies are exceedingly difficult to acquire.","esoteric, common","book, restoration, withershins, withersynes, apotropaic, healing, curse-breaking, cyrodilic, octoplasm, thaumaturgy, rare-book",artifacts
athyn_sarethi,,"Athyn Sarethi is a Dunmer noble and Councilor of Great House Redoran, governing the South Gash region of Vvardenfell from Sarethi Manor in Ald'ruhn. Known as the Hope of the Redoran following an omen, he is a respected warrior and political figure. His position has made him powerful enemies; he has survived multiple Morag Tong assassination attempts, and his son was recently kidnapped. Despite these threats, Sarethi remains a steadfast supporter of Redoran traditions and a potential sponsor for those seeking to advance within the House.",scholar,"Athyn Sarethi is a Dunmer Councilor of Great House Redoran who governs the South Gash of Vvardenfell from his manor in Ald'ruhn. Called the Hope of the Redoran, he is a prominent noble who has survived multiple assassination attempts by the Morag Tong.","common, traveler","Dunmer, House Redoran, Councilor, Ald'ruhn, South Gash, Morag Tong, Noble",figures
the_seven_curses,"Seven Curses, Curse-of-Dreams, Curse-of-Flesh","The Seven Curses is an apographal text preserved by the Dissident Priests and annotated by Abbot Gilvas Barelo of Holamayan. Its cryptic verses describe seven calamities issuing from an oath-breaking house, which scholars variously interpret as House Dagoth, House Dwemer, or both. The enumerated curses are Fire, Ash, Flesh, Ghosts, Seed, Despair, and Dreams. Barelo's commentary links Curse-of-Fire and Curse-of-Ash to the eruptions and storms of Red Mountain, and Curse-of-Flesh to corprus disease. The intermediate curses remain obscure. The seventh and final curse, Curse-of-Dreams, corresponds to the recent soul sickness and Sleeper attacks afflicting Vvardenfell's populace, a sign that the eschatological threat may be reaching a crisis.",scholar,"The Seven Curses is a cryptic apographal verse preserved by the Dissident Priests. It lists seven calamities—Fire, Ash, Flesh, Ghosts, Seed, Despair, and Dreams—arising from an oath-breaking house, likely House Dagoth or House Dwemer. Scholars associate the early curses with Red Mountain's perils and corprus, while the final Curse-of-Dreams is linked to recent soul sickness across Vvardenfell.","common, traveler","prophecy, Dissident Priests, Gilvas Barelo, House Dagoth, House Dwemer, Red Mountain, corprus, soul sickness, apographa, curses",lore
the_stranger,"Nerevarine Prophecy, The Stranger Prophecy","The Stranger is the most widely recognized of the Ashlander Nerevarine prophecies, a verse foretelling the coming of the Incarnate. The poem describes a far-journeyed figure of uncertain parentage who arrives at the hearth when the earth sundered and skies choked black, as sleepers serve seven curses. The stranger faces trials and persecution from both the wicked and the righteous, while prophets speak and all deny. The concluding lines declare that many touchstones try the stranger and many fall, but one remains. Ashlander wise women preserve this oral tradition, while the Tribunal Temple suppresses such prophecies as heretical distractions from the authority of the living gods.",scholar,"The Stranger is the best-known Nerevarine prophecy among the Ashlander tribes. The verse tells of a far-journeyed figure of uncertain birth who arrives during a time of terrible curses, facing persecution from both the wicked and the righteous. Many touchstones try the stranger; many fall, but one remains.","common, traveler","Nerevarine, prophecy, Ashlanders, Stranger, curse, Dagoth Ur, Tribunal, Incarnate, Vivec, poetry",lore
centurion_sphere,"dwemer sphere, dwarven sphere","An animated Dwemer construct designed to guard the ruins and workshops of the vanished Deep Elves. When dormant, the device compresses into a compact spherical form; upon detecting intruders, it unfolds into a mobile warrior armed with integrated weaponry. These automatons remain among the more aggressive and dangerous Dwemer defenses still functioning in the present era. The scrap metal recovered from destroyed centurion spheres and similar artifacts is rare and highly valued, sought both by antiquarians and by scholars studying Dwemer metallurgy and enchantment techniques.","scholar, dwemer","A Dwemer automaton that guards ancient ruins. When inactive, it folds into a ball; when disturbed, it transforms into an armed warrior. These constructs are aggressive defenders. The metal recovered from them is rare and prized by collectors and scholars alike.",common,"automaton, dwemer, construct, guardian, ruins, scrap metal, sphere, warrior",creatures
centurion_spider,"spider centurion, Dwemer spider","The centurion spider is an enchanted animated artifact of Dwemer creation, constructed in the form of a large metal spider. Like other Dwemer constructs, these aggressive automata guard the ruins and subterranean networks of the vanished Deep Elves. Their durable frames yield scrap metal, a material prized by collectors of antiquities and students of metallurgy and enchantment. Most specimens encountered in Vvardenfell's ruins lack a capturable soul, though rare functioning variants processed through later Dwemer systems are known to possess them.",scholar,"A Dwemer automaton resembling a large metal spider. These aggressive enchanted constructs guard ancient ruins, and their remains yield rare and precious scrap metal valued by scholars and collectors.",common,"automaton, Dwemer, construct, spider, scrap metal, ruins",creatures
dreugh,"water dreugh, cepholomer","Dreugh are ancient aquatic beastfolk of half-human, half-octopus appearance, inhabiting the seas and coastal waters of Tamriel. They are hunted for their hides, which Dunmer smiths craft into resilient medium armor, and for dreugh wax, a tough, waxy substance scraped from their shells that possesses modest magical properties. Dreugh exhibit a complex life cycle, dwelling in water and on land during different stages; only land dreugh can deliver their infamous shock attacks. They are immune to paralysis, poison, and disease, and resist magic, though frost harms them. Ancient legends claim the dreugh once ruled a great civilization as kings in the mysterious domain of Lyg.",scholar,"Dreugh are ancient aquatic creatures with a half-human, half-octopus appearance. They are commonly hunted for their durable hides, which are used to make armor, and for dreugh wax, a tough, waxy substance with modest magical properties that is scraped from their shells.",common,"dreugh, aquatic, beastfolk, sea monsters, dreugh wax, dreugh armor, Lyg, octopus, carapace, Dunmer",creatures
lame_corprus,"corprus victim, lame corprus stalker","Lame corprus are individuals whose minds and bodies have been profoundly deformed by corprus disease, the divine affliction spread by Dagoth Ur and his servants. Unlike the towering ash slaves or ash zombies, lame corprus retain a vaguely humanoid shape but are driven entirely mad, their forms twisted and stunted by the blight. They are aggressive and dangerous, wandering the ash wastes and Sixth House bases, and carry the corprus infection itself—a contagion that reshapes flesh and shatters sanity. The disease's progression defies conventional healing; only Divayth Fyr's ongoing experiments in Corprusarium offer any study of its mechanisms. Temple doctrine holds that corprus is both a curse and a perverse blessing from the Sharmat, its victims lost to all recovery.",scholar,"Lame corprus are deformed, deranged victims of corprus disease. Aggressive and dangerous, they carry the deadly corprus infection, which profoundly warps both mind and body. Those afflicted by this divine blight lose all sanity and wander the ash wastes as twisted, violent husks of their former selves.",common,"corprus, disease, divine_disease, dagoth_ur, ash_creature, blight, corprus_monster, morrowind_creatures",creatures
sovngarde_a_reexamination,,"A scholarly treatise by Bereditte Jastal challenging the traditional Nordic belief that Sovngarde's entrance is a hidden location one must physically find during life. Drawing upon correspondence between the medium Felga Four-Fingers and the ghost of a Nord warrior named Rolf the Large, Jastal argues that death itself is the portal. According to these parchments, Rolf searched in vain for Sovngarde in life, only to drift into Shor's Hall of Valor after perishing in combat, where Shor revealed that valiant death in honorable combat grants entry. The text reinterprets ancient Merethic Era traditions, asserting that Sovngarde is unattainable through mortal searching and that all courageous Nords who die bravely naturally earn their eternal place in the Hall of Valor.",scholar,"A book by Bereditte Jastal that reexamines the Nordic afterlife known as Sovngarde. It challenges the common belief that its entrance is a hidden location to be found during life, proposing instead that valiant death in combat is the true doorway into Shor's Hall of Valor.","common, traveler","Sovngarde, Nordic religion, Shor, afterlife, Hall of Valor, Bereditte Jastal, Rolf the Large, Nordic traditions, death, Skyrim",lore
steam_centurion,"Dwemer steam centurion, Dwemer construct, centurion steam","A steam centurion is an enchanted animated construct of Dwemer origin, built in the shape of a heavily armored warrior. These autonomous guardians patrol the abandoned halls of Dwemer ruins, exhibiting aggressive behavior toward intruders. Driven by ancient mechanisms and steam power, they represent the pinnacle of Dwemer engineering and enchantment. Their armored frames yield valuable scrap metal when destroyed, a substance prized by scholars of metallurgy and enchantment and by collectors of antiquities alike.",scholar,"A steam centurion is an enchanted Dwemer construct shaped like an armored warrior. These aggressive mechanical guardians patrol ancient Dwemer ruins. Their remains yield rare and precious scrap metal, valued by scholars and collectors of antiquities.",common,"Dwemer, construct, automaton, ruins, scrap metal, enchantment, guardian, artifact",creatures
stendarr_s_hammer,Hammer of Stendarr,"Stendarr's Hammer is a colossal ebony and sapphire weapon rumored to have been wielded by Stendarr, the God of Justice and Righteous Might. Its extreme weight renders it virtually unusable in combat by ordinary mortals; it reportedly required four men simply to lift the artifact onto its display podium. The hammer carries an enchantment that drains or damages the health of those it strikes, though swinging it severely taxes the wielder's stamina. The hammer's true origins remain uncertain, but it is currently held by Torasa Aram as one of the first and most prominent artifacts in her Mournhold museum.","scholar, esoteric","A massive ebony and sapphire weapon rumored to belong to Stendarr, the God of Justice. It is so heavy that it took four men to lift it onto its display podium in Torasa Aram's Mournhold museum, making it impractical for most mortals to wield in combat.","esoteric, common","Stendarr, artifact, hammer, ebony, sapphire, Mournhold, Torasa Aram, God of Justice, weapon, museum, heavy",artifacts
storm_atronach,"storm daedra, thundernach","Storm atronachs are elemental Daedra native to the plane of Levinace, also called storm daedra or thundernachs. They appear as bulky humanoids composed of rocky debris and crackling lightning, though skilled conjurers can bind them into alternate forms. The Direnni, particularly Corvus Direnni, first perfected their summoning. While they possess some intelligence, they remain largely unorganized and chaotic. Storm atronachs can be found unbound in the wild or conjured to serve as guards or laborers; the Psijic Order notably employs them to water crops on Artaeum through their ability to produce controlled rainfall. When banished or destroyed, their remains yield void salts and atronite. Summoning is typically achieved through Koron's Peremptory Summons, a spell allowing conjurers to alter the minutiae of the summons.","scholar, daedra","Storm atronachs are elemental Daedra composed of lightning and rocky debris. Native to the Daedric plane of Levinace, they can be found unbound in the wild or conjured by mages to serve as guardians or laborers. When banished, their remains yield valuable void salts.","common, daedra","atronach, daedra, elemental, levinace, lightning, summoning, void salts, direnni, conjuration, psijic order",creatures
thirsk_a_history,"Thirsk, a History (book)","Thirsk, a History is a chronicle of the famed Nord mead hall on Solstheim, compiled by the Imperial scholar Bereditte Jastal. Inspired by his father's tales of the island, Jastal journeyed from Cyrodiil by way of Vvardenfell to live among the Nords of Thirsk for over a year. His completed work records the hall's residents and their exploits, detailing the succession of its chieftains and the fierce traditions that define the settlement. The text provides an outsider's scholarly perspective on the isolated Thirsk community, distinguishing it from the more reclusive Skaal village and preserving the oral heritage of these proud warriors.",scholar,"Thirsk, a History is a chronicle of the Nord mead hall on Solstheim written by the Imperial Bereditte Jastal. After living among the Nords for over a year, he recorded the hall's traditions and the exploits of its chieftains, preserving their oral heritage.","common, traveler","Thirsk, Solstheim, Skaal, mead hall, Nord, Bereditte Jastal, historical chronicle, Bloodmoon, Imperial scholar, book",history
mysticism,"college of mysticism, mysticism magic, school of mysticism","Mysticism is one of the six recognized schools of magic, devoted to the mastery of spells that manipulate magical forces and boundaries to bypass the structures and limitations of the physical world. Its effects are diverse, encompassing the binding of souls into gems, the teleportation of the caster's body, telekinetic manipulation, the absorption or reflection of magical energies, and the detection of unseen objects at a distance. Practitioners of this discipline exploit the permeable boundaries between the physical and the immaterial, bending the rules that govern conventional reality. Though its mechanisms often appear paradoxical, the College of Mysticism remains a cornerstone of magical scholarship across Tamriel.",scholar,"Mysticism is a school of magic concerned with manipulating magical forces and boundaries to bypass the physical world's limitations. Its spells include soul trapping, teleportation, telekinesis, absorbing or reflecting spells, and detecting distant or unseen objects.","common, traveler","magic, mysticism, school of magic, soul trapping, teleportation, telekinesis, spell reflection, spell absorption, detection, arcane arts, magical disciplines",magic
stronghold,,"A stronghold is a fortified estate constructed for ranking members of Great Houses. Each House commissions these rural manors in distinct regional styles: House Hlaalu builds on the Odai Plateau, House Redoran at Bal Isra, and House Telvanni in the Molag Amur region. Construction proceeds in three distinct phases, requiring significant resources, land deeds, and Imperial construction contracts. Development also demands securing local commerce, such as restoring nearby kwama mines, and hiring garrisons to repel regional bandits. These estates serve as administrative centers and symbols of a councilor's authority within their House.","traveler, scholar","A stronghold is a rural fortified estate built for prominent members of the Great Houses. Each House authorizes these manors in specific regions, such as House Hlaalu on the Odai Plateau or House Redoran at Bal Isra. Construction requires an Imperial contract and proceeds in three phases, demanding local investment and garrisoned guards.",common,"stronghold, estate, manor, House Hlaalu, House Redoran, House Telvanni, Bal Isra, Odai Plateau, construction, Dunmer architecture, fortification",locations
antecedents_of_dwemer_law,Antecedants of Dwemer Law,"A scholarly treatise examining the foundations and historical development of Dwemer legal traditions. The text is widely circulated among Tamrielic academics, making it a common fixture in specialized booksellers' inventories and personal libraries. Its prevalence contrasts with rarer Dwemer studies, and it remains a standard reference for those studying the extinct race's civic structures. Copies are readily available through Imperial provincial merchants, reflecting its established place in the Empire's broader corpus of Dwemer scholarship.",scholar,"A widely available scholarly book concerning the foundations of Dwemer legal traditions. Unlike rarer texts on the extinct Deep Elves, copies are commonly found in booksellers' inventories and personal libraries across Morrowind.","common, traveler","book, dwemer, law, legal history, scholarship, dwarf, text, tome",lore
mistress_therana,Therana,"Mistress Therana is a councilor of House Telvanni who resides in the Upper Tower of Tel Branora on Azura's Coast. Widely regarded as dangerous and unstable, her advancing years have brought mounting eccentricity and mental decline. Her unpredictable temperament poses considerable challenges even for her own Mouth, who must navigate her difficult nature. Her notoriety is such that the Morag Tong has issued a Writ of execution against her, citing her insanity. She is known to possess Auriel's Bow, a relic of significant historical importance.",scholar,"Mistress Therana is a Telvanni councilor ruling from Tel Branora on Azura's Coast. She is widely known as a dangerous, eccentric, and unstable wizard whose mental state has deteriorated with age.","common, traveler","Telvanni, Councilor, Tel Branora, Azura's Coast, Wizard, Morag Tong, Auriel's Bow",figures
king_llethan_s_death,"Athyn Llethan's death, Death of King Llethan, Llethan assassination rumor","King Athyn Llethan's recent death has stirred significant controversy in Mournhold. A broadside publication called 'The Common Tongue' alleges that King Helseth poisoned Llethan to seize the throne, citing Helseth's alleged past poisonings in the West. The royal court dismisses these claims as baseless speculation, and no credible evidence supports them. Nonetheless, many Dunmer privately suspect Helseth's involvement, while Llethan's widow and loyalists openly mourn and seek justice. The true cause of Llethan's death remains a matter of bitter public dispute.",scholar,"King Athyn Llethan died recently in Mournhold. Rumors accuse King Helseth of poisoning him, stemming from an unsubstantiated broadsheet called 'The Common Tongue.' The royal court denies the claims, but many Dunmer remain suspicious, and the exact circumstances of Llethan's death are contested.","common, traveler","Mournhold, Athyn Llethan, Helseth Hlaalu, The Common Tongue, Dunmer royalty, poisoning rumors, Tribunal politics, succession, Hlaalu, broadside",history
dram_bero,,"Dram Bero is a Dunmer noble and councilor of Great House Hlaalu. Highly reclusive, he resides hidden within the lower levels of the Haunted Manor in Vivec's St. Olms Canton. Unlike some of his peers, Bero is considered relatively progressive and shuns petty thuggery, a philosophy outlined in his treatise 'Grasping Fortune.' He distrusts fellow councilor Nevena Ules and is known to favor Crassius Curio. Bero values useful intelligence, famously rewarding knowledge of the lost Vassir-Didanat Ebony Mine. His significance makes him a target for a Morag Tong execution writ.",scholar,"Dram Bero is a reclusive Dunmer councilor of Great House Hlaalu. He lives hidden away in Vivec, where he is known as a relatively progressive and principled noble who disdains common thuggery. He is the author of 'Grasping Fortune,' a treatise on the House's philosophy.","common, traveler","Dunmer, House Hlaalu, Hlaalu Council, Vivec, St. Olms, Grasping Fortune, Vassir-Didanat, Morag Tong, recluse, noble",figures
ordinators,"Temple Ordinators, Order of War, Order of the Inquisition, Order of Doctrine and Ordination","The Ordinators are the holy guards and priest-soldiers of the Tribunal Temple, founded by Saint Olms the Just. Drawn primarily from House Indoril, they are organized into four orders answering to the Alma Rula in Almalexia. The Order of the Watch guards temples and shrines, enforcing Temple and Imperial law. The Order of War fights the Temple's enemies, with most War Ordinators stationed near Red Mountain against the Sixth House. The Order of the Inquisition identifies and suppresses heresy among priests and laymen. The Order of Doctrine and Ordination comprises militant scholars who oppose dissident teachings. On Vvardenfell, the Ordinators operate under Grandmaster Berel Sala. High Ordinators, the most zealous, serve as the elite protectors of Mournhold.",scholar,"The Ordinators are the holy guards and priest-soldiers of the Tribunal Temple. Drawn mainly from House Indoril, they are divided into four orders—the Watch, War, Inquisition, and Doctrine—each responsible for guarding shrines, fighting enemies, suppressing heresy, or opposing dissident teachings. They answer to the Alma Rula in Almalexia.","common, traveler","Tribunal Temple, House Indoril, Almalexia, Berel Sala, Vvardenfell, Mournhold, heresy, Red Mountain, Saint Olms",factions
odirniran,,"Odirniran is a Velothi tower on Azura's Coast, situated west of the Shrine of Azura and south of the Dwemer ruins of Nchurdamz. Long disputed by House Hlaalu and House Telvanni, it has become a flashpoint in the rivalry between the two Great Houses. The Telvanni necromancer Milyn Faram currently occupies the tower, having captured Vedelea Othril during recent fighting. Remasa Othril leads the Hlaalu effort to claim the site, while Hlaalu leadership in Vivec monitors the standoff. The tower contains summoned undead and daedra, and both Houses treat control of Odirniran as a matter of strategic significance on the southeastern coast.","traveler, scholar","Odirniran is a Velothi tower on Azura's Coast, west of the Shrine of Azura and south of Nchurdamz. House Hlaalu and House Telvanni have contested the site for years, reflecting the broader rivalry between the two Great Houses over territory along the southeastern coast.",common,"Azura's Coast, Velothi tower, House Hlaalu, House Telvanni, Milyn Faram, necromancy, Remasa Othril, Nchurdamz, Shrine of Azura, disputed territory, stronghold",locations
smuggling,,"Smuggling ranks among Vvardenfell's most profitable and dangerous criminal enterprises. Imperial law prohibits trade in skooma, moon sugar, raw ebony, Dwemer artifacts, exotic Dunmer weaponry and armor, and slaves, creating lucrative black markets. Lower-tier smuggling evades Imperial tariffs on native liquors—greef, shein, and sujamma—whose taxes exceed those on imported flin. Smuggler caves and hideouts dot the island's remote coastlines and interior. Recent reports suggest the Sixth House cult has begun employing smuggler networks, though the nature of their contraband remains uncertain. At Imperial installations such as Fort Frostmoth, supply diversion compounds enforcement difficulties.","scholar, common","Smuggling thrives throughout Vvardenfell as a highly profitable criminal trade. Imperial bans on skooma, moon sugar, ebony, Dwemer relics, exotic Dunmer arms, and slaves fuel high-price black markets, while tariff evasion on native liquors sustains lower-tier operations. Smuggler hideouts are widespread across the island.","common, traveler","crime, black market, contraband, skooma, moon sugar, ebony, Dwemer artifacts, tariffs, Sixth House, Vvardenfell",history
mythopoeic_enchantments,,"Mythopoeic enchantments are the legendary arcane processes by which mortals shape and bind divine power into physical form. Kagrenac, the Dwemer Architect, famously employed such enchantments upon the Heart of Lorkhan, using specialized tools—Keening, Sunder, and Wraithguard—to tap its mythic essence. These enchantments operate on principles far beyond conventional magicka, requiring precise harmonization between artifact and wielder. As Yagrum Bagarn's study of Kagrenac's journals reveals, adapting a mythopoeic artifact to a new bearer demands careful alignment with the subject's personal magicka signature, a perilous procedure that inflicts severe shock upon first equipping.",scholar,"Mythopoeic enchantments are arcane processes that bind divine power into physical form. Kagrenac employed them on the Heart of Lorkhan using Keening, Sunder, and Wraithguard. These enchantments require harmonization with a wielder's personal magicka signature, a dangerous process that inflicts severe shock upon first use.","common, traveler","enchantment, mythopoeic, Kagrenac, Heart of Lorkhan, Wraithguard, Keening, Sunder, Dwemer, divine, Yagrum Bagarn",magic
shrines,"altars, trioliths, daedric shrines","Shrines are sanctified sites where the faithful communicate with divine powers and seek blessings through prayer and offerings. Tribunal Temple shrines typically take the form of three-sided trioliths inscribed with images of Temple saints, found within temples, at pilgrimage destinations, and in ancestral tombs. Imperial cult shrines are consecrated altars dedicated to the Nine Divines, situated primarily within legion forts and chapels across Vvardenfell, with the main shrine at Ebonheart. Beyond these institutional faiths, ancient Daedric shrines dot the landscape; many dedicated to the Bad Daedra now stand ruined and overrun by Daedric creatures, though a few, such as the Shrine of Azura, remain intact. Higher-ranking faithful of the Temple or Imperial cult may receive blessings without making the customary offerings.","traveler, scholar","Shrines are sanctified sites for prayer and offerings. Tribunal Temple shrines are three-sided trioliths inscribed with saints, while Imperial cult shrines are altars to the Nine Divines found in legion forts. Ancient Daedric shrines, often ruined, also exist across Vvardenfell. Offerings at these sites typically bring healing and blessings.",common,"shrines, altars, trioliths, temple, imperial cult, daedra, nine divines, blessings, offerings, pilgrimage, vvardenfell",locations
dissident_priests,"Dissident Priest, Dissident Priests of the Tribunal Temple, Holamayan Monks","The Dissident Priests are a secretive faction of Tribunal Temple members who dispute official Temple dogma. They question the divine nature of the Tribunal, suggesting their powers may be sorcerous rather than divine, and criticize the Ordinators' arbitrary authority and the Temple hierarchy's corruption. Drawing upon the Apographa—the hidden writings excluded from the public Hierographa—their beliefs are outlined in the text 'Progress of Truth.' They also study Ashlander prophecies concerning the Nerevarine. Declared heretics, they face persecution and imprisonment by the Ordinators, driving them into hiding at the secret monastery of Holamayan on Azura's Coast. Led by Master Gilvas Barelo, the Dissident Priests seek to restore the ancient pillars of faith and offer practical hope against the threat of Dagoth Ur, aspiring to reconcile with the Temple if they can demonstrate a more effective approach to the crisis at Red Mountain.",scholar,"The Dissident Priests are a secretive group of Temple members who challenge official Tribunal dogma. They question the divinity of the Tribunal and criticize the Ordinators' authority. Declared heretics, they are persecuted by the Temple and shelter at the hidden monastery of Holamayan. Their beliefs are recorded in the book 'Progress of Truth.'","common, traveler","Tribunal Temple, heresy, Holamayan, Apographa, Progress of Truth, Gilvas Barelo, Ordinators, Nerevarine prophecies, Azura's Coast, Dagoth Ur",factions
imperial_law,"Cyrodilic law, Imperial legal code","Imperial law is the legal framework governing life and property across Tamriel's provinces, administered through magistrates and enforced by local guards. It classifies offenses by severity: trespassing, verbal assault, and pickpocketing are minor crimes warranting fines, while theft and murder constitute felonies. Theft penalties scale with the value of stolen property, and foul murder carries fines of at least one thousand drakes. Convicted individuals may choose between monetary fines or hard labor in workcamps, where extended sentences erode physical, mental, and emotional aptitude. In Morrowind, Imperial law operates alongside Temple authority, though remote regions like Solstheim demonstrate starkly different legal traditions, such as the Skaal's communal codes prescribing death for outsider transgressions.",scholar,"Imperial law protects life and property throughout Tamriel. Minor offenses like trespassing, pickpocketing, and verbal assault draw fines, while theft and murder are serious felonies. The guilty may pay fines or choose hard labor in workcamps that drain body and mind. In Morrowind, Imperial authority shares enforcement with Temple law.","common, traveler","Imperial law, legal code, crimes, punishments, fines, hard labor, felonies, magistrates, Morrowind, Temple law, Skaal law, Solstheim",history
ald_daedroth,"Ald Daedrothi, Old Daedroth","Ald Daedroth is an ancient Daedric ruin on a remote island in the straits between northern Vvardenfell and Sheogorad island, within the Azura's Coast region. The shrine houses statues venerating multiple Daedric Princes, including Sheogorath, Azura, Malacath, Mehrunes Dagon, and Molag Bal. The Tribunal Temple historically sealed the site and occasionally sent pilgrims to Sheogorath's shrine, though it is now broadly considered abandoned. Recently, however, conflicting reports indicate that worshippers have rededicated the old temple, prompting Ordinators to organize expeditions to purge them. The Ahemmusa Ashlanders also regard the site as a traditional refuge in times of hardship. Accessible only by water-walking or levitation from Tel Mora, the isolated island lies beyond sight of the mainland.","traveler, scholar","Ald Daedroth is an ancient Daedric ruin on a remote island north of Vvardenfell, between the mainland and Sheogorad island. The shrine venerates multiple Daedric Princes, chiefly Sheogorath. Long sealed by the Tribunal Temple, it is now reportedly reoccupied by worshippers. The Ahemmusa Ashlanders traditionally shelter there in hard times.",common,"Daedric ruin, Sheogorad, Azura's Coast, Sheogorath, Ahemmusa, Tribunal Temple, Vvardenfell, Daedric shrine",locations
ebony_trade,"ebony monopoly, Hlaalu ebony, Zainab ebony","The ebony trade is a cornerstone of Morrowind's economy, driven by the rare, divine metal extracted primarily from Vvardenfell's volcanic deposits. House Hlaalu leverages its Imperial connections and diplomatic skill to maintain a dominant position, seeking exclusive contracts with Ashlander tribes like the Zainab to control supply. This monopoly forces the Empire to purchase through Hlaalu intermediaries. The Zainab, possessing their own ebony reserves, hold independent leverage but can be persuaded into exclusive partnerships, illustrating how Hlaalu's commercial power relies on managing Ashlander relations as much as on Imperial favor.",scholar,"Ebony is a rare and valuable metal mined in Vvardenfell. House Hlaalu controls much of the trade, seeking exclusive contracts with ebony-rich Ashlander tribes like the Zainab. This arrangement forces the Empire to buy through Hlaalu, making the ebony trade central to Morrowind's economy and politics.","common, traveler","ebony, House Hlaalu, Zainab Ashlanders, trade, monopoly, Empire, mining, economy, Vvardenfell, Ashlander",history
discontent_in_the_temple,"dissent in the Temple, Temple dissent, Dissident Priests movement","Internal strife within the Tribunal Temple has intensified as the Tribunal's prolonged public absence and the grueling Dagoth Ur conflict erode traditional faith. The Dissident Priasts, a faction advocating a return to ancestor and Daedra worship and revering the Tribunal as saints rather than gods, face ruthless suppression as heretics. Simultaneously, Almalexia's recent public return alarms many followers; her once-motherly homilies now emphasize harsh punishment and unquestioning obedience, frightening previously devout worshippers. Further friction arises from King Helseth's assertive rule, which devout Dunmer view as a direct threat to Temple authority. Conservative hierarchs relocate critical priests, while silent dissenters within the priesthood privately question whether the Tribunal's altered demeanor signals exhaustion or something worse.",scholar,"The Tribunal Temple suffers growing internal dissent. The suppressed Dissident Priests criticize current practices and urge a return to ancestor and Daedra worship, viewing the Tribunal as saints rather than gods. Meanwhile, Almalexia's recent return troubles many faithful, as her once-compassionate sermons have become harsh and frightening, and King Helseth's assertive rule further threatens Temple authority.","common, traveler","Tribunal Temple, Dissident Priests, Almalexia, King Helseth, Mournhold, heresy, doctrinal dispute, Dunmer religion, Tribunal worship, ancestral worship",history
enchanting_items,enchant item,"Enchanting items is the magical discipline of binding spell effects into physical objects. The process requires an item with sufficient capacity and a soul gem containing a trapped soul; the gem's power must match the number and potency of the desired effects. Practitioners may either attempt the binding themselves—risking destruction of the item and gem if their skill is insufficient—or commission professional enchanters, who charge considerable fees for guaranteed results. Self-enchanting is limited to effects the caster already knows. Different items possess varying enchantment capacities, and soul gems range in power accordingly.",scholar,Enchanting binds spell effects into items using filled soul gems. The soul gem must be powerful enough for the desired effects. Practitioners can attempt this themselves—risking the item and gem if their skill fails—or pay skilled enchanters for the service.,"common, traveler","magic, enchanting, soul gems, spell effects, enchanters, enchantment capacity, arcane arts",magic
fort_frostmoth,,"Fort Frostmoth is the primary Imperial settlement on Solstheim's south coast, situated within the Hirstaang Forest. Established during the Third Era after the Imperial discovery of the island, it serves as the area office for the East Empire Company, which oversees ebony mining at Raven Rock, and acts as the main link to Vvardenfell via Khuul. The sizeable garrison represents one of the few signs of civilization on the island. Among legionnaires, the fort is widely regarded as a punishment detail due to the harsh climate and disciplinary issues; unruly soldiers are frequently sent here as penance. Under the command of Captain Carius, the garrison strives for discipline despite low morale and the difficult conditions of their remote posting.","traveler, scholar, imperial","Fort Frostmoth is the primary Imperial fort on Solstheim's southern coast. It serves as the East Empire Company's area office for the Raven Rock ebony mine and provides the main transport link to Vvardenfell. The remote garrison is widely considered a punishment detail by the Legion, its soldiers enduring harsh weather and low morale under Captain Carius.","common, imperial","Solstheim, Imperial Fort, East Empire Company, Hirstaang Forest, Raven Rock, Legion, Captain Carius, Khuul, Ebony",locations
bal_molagmer,Stone Fire Men,"The Bal Molagmer, meaning ""Stone Fire Men"" in Dunmeri, were a legendary order of righteous thieves who stole only from the unjust and gave to those in need. According to tradition, they carried burning stones from Red Mountain to light hearth fires and spread the light of justice across Morrowind. They were also known for opposing slavery. Their distinctive protective gloves, used to handle the hot stones, became the group's symbol. The original Bal Molagmer vanished early in the Third Era and have not been seen since, surviving only as legend. Recently, rumors circulate that the Bal Molagmer have resurfaced in Vvardenfell, wearing the iconic gloves and committing acts of justice against corruption and cruelty.",scholar,"The Bal Molagmer, or ""Stone Fire Men,"" were a legendary order of righteous Dunmer thieves who stole from the unjust and aided the poor. They famously carried burning stones from Red Mountain and opposed slavery. The order vanished early in the Third Era, though recent rumors claim they have resurfaced in Vvardenfell.","common, traveler","thieves, Vvardenfell, Red Mountain, righteous thieves, Dunmer, slavery opponents, legendary order, gloves, justice, Stone Fire Men",factions
buoyant_armigers,"Vivec's knights-errant, Temple champions","The Buoyant Armigers are a small military order of the Tribunal Temple answering exclusively to Lord Vivec. They serve as the Temple's champions and knights-errant, patterning themselves on Vivec's heroic spirit of exploration and adventure while emulating his mastery of personal combat, chivalric courtesy, and subtle verse. They maintain a friendly rivalry with the more solemn Ordinators. Most members hail from House Redoran due to closely aligned ideals, though the order accepts others. Based primarily at Ghostgate and Molag Mar, their duties include containing Dagoth Ur's forces within the Ghostfence and hunting necromancers. Armigers don traditional chitin armor as novices, while renowned knights wear distinctive spiky glass or Daedric equipment inspired by Vivec's sermons.",scholar,"A small military order of the Tribunal Temple exclusively serving Lord Vivec as his champions and knights-errant. They emulate Vivec's mastery of combat, courtesy, and verse, and share a friendly rivalry with the solemn Ordinators. Most members are drawn from House Redoran, and their primary duty involves containing the forces of Dagoth Ur within the Ghostfence.","common, traveler","Tribunal Temple, Vivec, military order, knights-errant, Ghostgate, House Redoran, Ordinators, warrior-poets, chivalry, Dagoth Ur",factions
false_incarnate,False Nerevarine,"The False Incarnate is the Tribunal Temple's designation for any individual who falsely claims to be the Nerevarine. Temple doctrine treats such claimants as demented heretics, and Ordinators pursue and imprison them for their own protection. The most recent designated False Incarnate, a girl named Peakstar, reportedly died in Temple custody, though the absence of a body has fueled skepticism among dissidents regarding the Temple's official claims. Others, such as Elvil Vidron of Suran, experience genuine prophetic dreams that they interpret as confirmation of their identity. These visions are often externally induced, as evidenced by the Sixth House ash statues found among the afflicted, which corrupt the sleeper's mind. The Temple dispatches operatives to convince such claimants of their error or, failing that, to kill them, operating on the theological premise that a true Incarnate is protected by prophecy and cannot die.",scholar,"The False Incarnate is the Tribunal Temple's term for anyone who falsely claims to be the Nerevarine. The Temple considers such individuals insane heretics and has Ordinators hunt and imprison them for their own protection. Notable claimants include Peakstar, whose death in Temple custody remains disputed, and Elvil Vidron of Suran, whose prophetic dreams were likely induced by Sixth House corruption.","common, traveler","Nerevarine, Tribunal Temple, heresy, Ordinator, Elvil Vidron, Peakstar, Incarnate, prophecy, Sixth House, Ash Statue, Suran",history
maar_gan,Markgran Forest,"Maar Gan is a small, walled kwama-egg mining village in the northern Ashlands north of Ald'ruhn, built in the House Redoran style beneath Red Mountain. As the settlement closest to the Ghostfence aside from Ghostgate, it relies on Redoran volunteers to defend against Blight monsters breaking through. The village's primary significance is the Tribunal Temple shrine housing the Magic Rock of Maar Gan and a captive Dremora named Anhaedra. According to Temple tradition, Vivec once taunted Mehrunes Dagon here, causing the Daedra to hurl a rock at the Dunmer; pilgrims commemorate this event by reading the shrine's inscription and imitating Vivec's defiance.","traveler, scholar","Maar Gan is a small, isolated kwama-mining village in the Ashlands north of Ald'ruhn. It is known for its Tribunal Temple shrine, a popular pilgrimage site commemorating Vivec's legendary confrontation with Mehrunes Dagon at the Magic Rock of Maar Gan.",common,"Ashlands, House Redoran, Tribunal Temple, pilgrimage, shrine, Vivec, Mehrunes Dagon, Anhaedra, kwama mine, Ghostfence, Ald'ruhn",settlements
zainab_camp,Zainab tribe camp,"The permanent settlement of the Zainab Ashlander tribe, situated in the rolling plains of the Grazelands on Vvardenfell's northeastern edge. The camp lies southwest of the village of Vos and south of the Dwemer ruins of Nchuleft, positioned near the foothills of Red Mountain. Comprising eight to ten yurts, the encampment is led by Ashkhan Kaushad and Wise Woman Sonummu Zabamat. From this location, the Zainab maintain their presence across the southern Grazelands, sustaining their traditional herding way of life between the coast and the interior ashlands.","traveler, scholar","A permanent Ashlander settlement in the Grazelands of northeastern Vvardenfell. The Zainab tribe's village of eight to ten yurts lies southwest of Vos and near the foothills of Red Mountain, serving as the tribe's home in the region's rolling plains.",common,"Ashlanders, Zainab, Grazelands, Vvardenfell, Vos, Nchuleft, Red Mountain, Ashkhan, Wise Woman, yurt",settlements
soul_sickness,,"Soul sickness is the Tribunal Temple's term for madness or insanity, attributed to a spiritual failing rather than a natural malady. The Temple holds that Dagoth Ur sends dark dreams through the Blight to assault the faithless in their sleep, manifesting as strange visions, uncontrollable impulses, and cruel deeds. Those strong in faith resist; the weak must seek Temple counsel. Imperial authorities classify the condition as a mundane delusion disease, skeptical of the theological explanation. Ashlanders corroborate the supernatural origin, blaming bad magic in Red Mountain's ash for sleeplessness and erratic behavior during blight storms. Whether the affliction is a divine curse or a physiological blight effect remains contested across cultural traditions.",scholar,"Soul sickness is the Tribunal Temple's term for madness or insanity. The Temple considers it a spiritual curse sent by Dagoth Ur through dark dreams and blight storms, afflicting those weak in faith with strange visions and uncontrollable impulses. Imperial healers classify it as a mundane disease, disputing the theological explanation.",common,"Dagoth Ur, Tribunal Temple, Blight, madness, dark dreams, Red Mountain, Imperial, Dunmer, curse, insanity, faith",diseases
ald_velothi,Old Velothi,"Ald Velothi, meaning 'Old Velothi,' is a small fishing village and harbor on the northern coast of the West Gash, directly north of Gnisis. Named for the patron saint Veloth, the settlement has existed since at least the mid-Second Era, when it hosted a private estate. In the late Third Era, House Redoran maintains an outpost there, featuring a watchtower, a basement Tribunal Temple shrine, a smith, and a trader. Theldyn Virith serves as the reluctant Redoran hetman, overseeing the quiet post. The Daedric ruin of Ashalmawia lies visibly to the east, and outcast Ashlander camps occupy the southern hills, occasionally threatening local pilgrims.","traveler, scholar","Ald Velothi is a small fishing village on Vvardenfell's northern coast, north of Gnisis. Named for Saint Veloth, it features a House Redoran outpost with a watchtower, a Tribunal Temple shrine, and basic trade services. The Daedric ruin Ashalmawia is located nearby.",common,"Vvardenfell, West Gash, House Redoran, fishing village, northern coast, Velothi, Gnisis, harbor, outpost, Tribunal Temple, Ashalmawia",settlements
erabenimsun_camp,,"The permanent settlement of the Erabenimsun Ashlander tribe, situated in a small hollow among the lava flows and ridges of Molag Amur. Comprising five or six yurts, the isolated camp lies north-northwest of Mount Assarnibibi, roughly halfway between the Zafirbel Bay coast and Red Mountain. The Erabenimsun are regarded as the most warlike of the Ashlander tribes, and their home reflects this character; the inhabitants are divided between factions favoring armed peace and outright violence, making the camp unwelcoming to outlanders. Reaching the settlement requires navigating treacherous, trackless terrain, typically by traveling north from Molag Mar or following the coast west of Tel Fyr inland.","traveler, scholar","An isolated Ashlander settlement of five or six yurts in the Molag Amur wasteland. Home to the warlike Erabenimsun tribe, the camp sits north-northwest of Mount Assarnibibi. Its residents are divided and unwelcoming toward outlanders, and reaching it demands careful navigation through lava flows and ridges.",common,"Ashlanders, Molag Amur, Vvardenfell, Erabenimsun, yurts, Mt. Assarnibibi, Molag Mar, Tel Fyr, Red Mountain, nomads, hostile",settlements
ald_sotha,Old Sotha,"Ald Sotha, meaning 'Old Sotha,' is a Daedric ruin northeast of Vivec in the Ascadian Isles. Originally a town of House Sotha, it was destroyed by Mehrunes Dagon; only Sotha Sil survived. Now a temple to Dagon, it remains a site of the Tribunal's Four Corners pilgrimage. The ruins are haunted by dark cultists and Daedric summonings, and the rare Roland's Tear flower grows among its stones.","traveler, scholar","Ald Sotha is a Daedric ruin northeast of Vivec, dedicated to Mehrunes Dagon. Once the town of House Sotha before its destruction, it now draws dark cultists and dangerous Daedric summonings.",common,"Ascadian Isles, Daedric Ruin, Mehrunes Dagon, House Sotha, Sotha Sil, Four Corners Pilgrimage, Vivec, Vvardenfell, Roland's Tear, Dark Brotherhood",settlements
pelagiad,,"Pelagiad is a newly chartered Imperial village on the western edge of Vvardenfell's Ascadian Isles, near the southern shore of Lake Amaya. Following the opening of Vvardenfell for settlement in 3E 414, the Imperial Legion and House Hlaalu constructed Fort Pelagiad to guard the road nexus between Vivec, Balmora, and Seyda Neen. Legion veterans mustered out and established farms around the garrison, naturally attracting shops and services. Today, the settlement boasts a tavern, tradehouse, blacksmith, and Imperial Cult services. Its architecture strictly follows the Western Imperial style, giving the community the distinct appearance of a High Rock town rather than a native Morrowind settlement.","traveler, scholar, imperial","Pelagiad is a newly chartered Imperial village on the western edge of the Ascadian Isles. It grew around Fort Pelagiad, an Imperial Legion garrison built to guard roads between Vivec, Balmora, and Seyda Neen. Legion veterans founded farms there, and the settlement is noted for its Western Imperial architecture.",common,"settlement, village, imperial, fort-pelagiad, ascadian-isles, vvardenfell, house-hlaalu, legion-veterans, western-architecture, lake-amaya",settlements
urshilaku_camp,"Urshilaku settlement, Urshilaku Ashlander camp","The Urshilaku camp is the permanent settlement of the Ashlander Urshilaku tribe, situated inland along the northern coast of Vvardenfell, north of Maar Gan and near the mouth of the Foyada Bani-Dad. As the westernmost of the Ashlander tribes, the Urshilaku hold their cultural traditions in high regard and maintain a particularly strong devotion to the memory of the Dunmer hero Nerevar. The Nerevarine Cult finds its greatest strength here, guided by the wise woman Nibani Maesa and the ashkhan Sul-Matuul. Though the camp relocates with the herds, it consistently lies close to the Sea of Ghosts. Travelers approaching from Maar Gan must navigate the foyada and pass near the dangerous Daedric ruins of Assurnabitashpi. The Urshilaku are reserved with outlanders but not inherently hostile if their customs are respected. Trade opportunities are minimal, as the camp offers only limited merchandise.","traveler, scholar","Urshilaku camp is the permanent settlement of the Ashlander Urshilaku tribe on Vvardenfell's northern coast, north of Maar Gan. The Urshilaku are the westernmost Ashlander tribe and maintain strong devotion to the traditions of the hero Nerevar. The camp typically lies close to the Sea of Ghosts, reachable via the Foyada Bani-Dad.",common,"Ashlanders, Urshilaku, Ashlands, Vvardenfell, Nerevarine Cult, Nibani Maesa, Sul-Matuul, Foyada Bani-Dad, Sea of Ghosts, Maar Gan",settlements
godsreach,,"Godsreach is a district on the western side of Mournhold, Almalexia. It houses manors belonging to some of the city's wealthier citizens alongside notable public establishments. The Craftsmen's Hall serves as a center for armorers and weaponsmiths, who craft equipment to order if materials are provided. The Winged Guar offers lodging and drink, while the Museum of Artifacts displays curated relics, its curator actively seeking additions to the collection. Together, these landmarks make Godsreach a prominent destination for commerce, culture, and elite residence within the capital.","traveler, scholar","Godsreach is a district on the western side of Mournhold, Almalexia. It contains manors of wealthy citizens, the Craftsmen's Hall for custom armor and weapons, the Winged Guar tavern for lodging, and the Museum of Artifacts.",common,"Mournhold, Almalexia, district, Craftsmen's Hall, Winged Guar, Museum of Artifacts, manors, Tribunal",locations
high_ordinators,"High Ordinator, Mournhold Ordinators","The High Ordinators are the elite warrior-priests of the Tribunal Temple, serving as the primary guardians of Mournhold, the capital of Morrowind. Drawn from the most skilled and devout members of the sacred Ordinator order, they surpass the Ordinators stationed in Vivec in martial prowess and authority. Clad in distinctive heavy armor, they enforce Temple doctrine and maintain order throughout the goddess Almalexia's city. Wearing their sacred garb is a privilege reserved exclusively for their ranks; unauthorized persons found in it face summary execution. While revered by the faithful as holy protectors, dissenters regard them as religious zealots and enforcers of orthodoxy.",scholar,"The High Ordinators are the elite warriors of the Tribunal Temple, chosen from the most skilled and devout Ordinators to guard Mournhold. They enforce order in the capital with absolute authority. Wearing their sacred armor without authorization is punishable by death.","common, traveler","High Ordinators, Ordinators, Tribunal Temple, Mournhold, Almalexia, holy warriors, elite guard, Temple law enforcement, sacred armor, Morrowind",factions
slave_rebellion,"Alessian Slave Rebellion, slave revolt","Slave rebellions are uprisings of enslaved peoples against their masters, a recurring phenomenon throughout Tamrielic history. The most historically consequential was the Alessian Slave Rebellion of 1E 242–243, in which the enslaved Nedes, led by Alessia and aided by Pelinal Whitestrake, overthrew the Ayleid Empire and established the first human empire in Cyrodiil. In the present day, such revolts continue to erupt wherever the institution persists. In Morrowind, the illegal but tolerated slave trade—particularly involving Argonian and Khajiit labor—periodically produces violent insurrections. These uprisings are typically localized and brutally suppressed by Great House authorities, though they reflect persistent tensions surrounding the practice.",scholar,"Slave rebellions are uprisings of enslaved peoples against their masters. The most famous was the Alessian Slave Rebellion of 1E 242–243, when Nedic slaves led by Alessia overthrew the Ayleid Empire. Smaller revolts continue to occur in regions where slavery persists, including Morrowind.","common, traveler","slavery, Alessia, Ayleids, Cyrodiil, First Era, Argonians, Morrowind, House Telvanni, revolts, Nedes",history
ahemmusa_camp,,"Ahemmusa Camp is the permanent settlement of the Ahemmusa Ashlander tribe, situated on a rocky promontory at the northeastern tip of Vvardenfell. The camp comprises eight to ten yurts and serves as the tribe's seat of governance, housing its wise woman, healer, and other dignitaries. The Ahemmusa claim the northern Grazelands as their herding and hunting territory. Located north of Tel Mora near the Daedric ruins of Ald Daedroth, the camp remains a point of relative stability for the tribe despite its remote position.","traveler, scholar, ashlander","Ahemmusa Camp is the permanent settlement of the Ahemmusa Ashlander tribe at the northeastern tip of Vvardenfell, north of Tel Mora. The camp consists of yurts housing the tribe's wise woman, healer, and other members. The Ahemmusa claim the surrounding territory as their herding grounds.",common,"ashlander, ahemmusa, vvardenfell, grazelands, yurt, tel mora, ald daedroth, azura's coast",settlements
ice_blade_of_the_monarch,,"The Ice Blade of the Monarch is a renowned enchanted claymore that inflicts severe frost damage upon its targets. Forged by the Summerset Isles archmage Almion Celmo, the weapon was intended for the warrior Thurgnarr Assi to carry out a royal assassination. The plot failed, resulting in Assi's death and Celmo's imprisonment. Subsequently, the blade passed through the hands of numerous malefactors. Persistent rumors attribute a semi-sentient nature to the weapon, suggesting it abandons its wielder of its own volition. The blade's current whereabouts remain a subject of esoteric speculation among scholars of Tamrielic relics.","scholar, esoteric","The Ice Blade of the Monarch is an enchanted claymore that inflicts frost damage. The Summerset Isles archmage Almion Celmo forged it for a failed royal assassination. The weapon subsequently passed through many infamous hands, and rumors claim it abandons its wielders of its own volition.",esoteric,"artifact, weapon, claymore, enchantment, frost, Summerset Isles, Almion Celmo, legendary weapon",artifacts
lost_kogoruhn,,"Lost Kogoruhn is the ruined remnant of an ancient Sixth House stronghold that once stood north of the Ghostfence's northern boundary, positioned northeast of Maar Gan and west of present-day Vos, near the fortress of Falasmaryon. Once a significant center of Dagoth's power, it has been abandoned and lost to common knowledge for years. The Tribunal Temple regards its location as uncertain, though Ordinators have attempted expeditions to rediscover it. The Ordinator Feril Salmyn, wearing the Hair Shirt of St. Aralor, undertook such a search but is now presumed lost himself, leaving the relic's recovery as a matter of concern for the Temple.","traveler, scholar","Lost Kogoruhn is the ruin of an ancient Sixth House stronghold that once stood north of the Ghostfence, northeast of Maar Gan and west of Vos. Its exact location is no longer commonly known, and expeditions to find it have ended in failure.",common,"Kogoruhn, Sixth House, Ghostfence, Maar Gan, Vos, Falasmaryon, House Dagoth, ruin, Tribunal Temple, Feril Salmyn, Ashlands",locations
mount_kand,Mountain of Fear,"Mount Kand, also called the Mountain of Fear, is a mountain in the Molag Amur region, situated northwest of Molag Mar. A Tribunal Temple shrine within its caverns serves as a significant pilgrimage site, commemorating Vivec's legendary contest of wits against three Daedra. Pilgrims following the trail from Molag Mar must answer the riddles of these Daedra to proceed peacefully, a trial reflecting the deity's triumph. The surrounding Molag Amur terrain is notoriously wild and treacherous, and the mountain's peak is infested with cliff racers. The caverns hold few lights, and the remains of past pilgrims attest to the journey's danger.","traveler, scholar","Mount Kand is a mountain in the Molag Amur region, northwest of Molag Mar. It holds a Tribunal Temple shrine commemorating Vivec's legendary victory over three Daedra in a contest of riddles. Pilgrims travel there to answer the Daedra's riddles, though the surrounding terrain is wild and dangerous.",common,"Molag Amur, mountain, Tribunal Temple, pilgrimage, Vivec, Daedra, riddles, Molag Mar, shrine",locations
founder_s_helm,,"The Founder's Helm is an ancestral relic of House Redoran, traditionally interred within the Uveran Ancestral Tomb. Its significance is deeply tied to Redoran heritage and the veneration of their forebears. Recently, the helm was stolen from the tomb by a thief named Alvis Teri, who brazenly wears it while boasting of his deed at the Eight Plates in Balmora. House Redoran considers the theft a grave affront to their honor, and its recovery is a matter of considerable importance to the council in Ald'ruhn, though the method of retrieval must adhere to strict codes of conduct to avoid bringing further shame upon the House.","scholar, esoteric","The Founder's Helm is an ancestral relic of House Redoran, kept in the Uveran Ancestral Tomb. It was recently stolen by a thief who openly flaunts the prize in Balmora. House Redoran places great importance on recovering the helm to restore their honor.","esoteric, common","House Redoran, artifact, relic, Uveran Ancestral Tomb, ancestral helm, Ald'ruhn, Balmora",artifacts
bal_fell,City of Stone,"Bal Fell, meaning City of Stone, is an ancient First Era ruin on an island east of Vivec City along Azura's Coast. Legend holds it was built atop a Daedric worship center dedicated to Sheogorath. The site carries a nasty reputation and currently draws competing camps of hirelings and adventurers backed by Telvanni wizards, alongside Mages Guild expeditions, all exploring and looting the shrine's outer and inner chambers.","traveler, scholar","Bal Fell, the City of Stone, is an ancient First Era ruin on Azura's Coast. Legend says it was built on an old Daedric worship center. The site has a nasty reputation and currently attracts competing Telvanni hirelings exploring its depths.",common,"Bal Fell, City of Stone, Azura's Coast, First Era ruin, Daedric shrine, Sheogorath, Telvanni, Vvardenfell",locations
shishi,,"Shishi is a Velothi tower situated along the Foyada Bani-Dad northwest of Maar Gan. It currently serves as a Telvanni holding under the stewardship of Faves Andas, making it a flashpoint in the territorial rivalry between House Telvanni and House Redoran. The tower contains a concealed chamber, accessed by manipulating a Breton skull on an upper-floor desk, which Faves Andas uses as a refuge during hostile incursions. Redoran forces have besieged the site seeking to claim it for their own house, resulting in casualties among both factions. The tower's contested status exemplifies the broader friction over Vvardenfell land among the Great Houses.","traveler, scholar, house_telvanni, house_redoran","Shishi is a Velothi tower located along the Foyada Bani-Dad northwest of Maar Gan. Held by House Telvanni, it is currently contested by House Redoran forces. The tower contains a secret room hidden behind a Breton skull on an upper-floor desk.",common,"Velothi tower, Foyada Bani-Dad, Maar Gan, House Telvanni, House Redoran, Faves Andas, Brerama Selas, Ashlands",locations
imperial_cult_doctrine,"Nine Divines doctrine, Imperial Cult teachings","The Imperial Cult's doctrine venerates the Nine Divines as exemplars of virtuous conduct, each Divine embodying distinct aspects of righteous living. Its simplest tenet holds that members must help and protect one another, with greater strength and wealth imposing greater responsibility for aiding others. A member's first duty is to fellow cult adherents, extending thereafter to any person in need. The cult enforces strict prohibitions among its membership: harming, killing, stealing from, or trespassing upon another member's property warrants expulsion. These principles reflect the broader Imperial mission of civilizing virtue through devotion to the Divines.","priest, scholar, imperial","The Imperial Cult venerates the Nine Divines as models for virtuous living. Its central doctrine commands members to help and protect one another, with the strong and wealthy bearing greater responsibility. Duty extends first to fellow cultists, then to all needy persons. Violating prohibitions against harming, stealing from, or trespassing upon members results in expulsion.",common,"Imperial Cult, Nine Divines, doctrine, virtue, charity, worship, Cyrodiil, Empire, faith, commandments",religion
mages_guild_monopoly,"Mage Guild monopoly, Mages Guild exclusive rights","According to one interpretation of the Armistice, the Mages Guild alone may officially offer spellmaking, enchanting, and magical training to non-members in Morrowind. House Telvanni contests this exclusive privilege, arguing that it unfairly restricts their traditional practices. Master Aryon of Tel Vos seeks to overturn the monopoly by securing a majority vote in the Grand Council, requiring the support of at least three House Redoran councilors in Ald'ruhn. Councilor Athyn Sarethi is the most amenable to an appeal to fairness, while Archmaster Bolvyn Venim firmly opposes any measure benefiting the Telvanni. The remaining Redoran councilors may be persuaded through similar appeals. The dispute remains unresolved pending the Grand Council vote.",scholar,"An interpretation of the Armistice grants the Mages Guild exclusive rights to offer magical services to non-members in Morrowind. House Telvanni disputes this monopoly and seeks Grand Council support to overturn it, requiring several House Redoran councilors to vote in favor.","common, traveler","Mages Guild, House Telvanni, House Redoran, Armistice, Grand Council, monopoly, magic services, Aryon, Athyn Sarethi, Bolvyn Venim, politics, law",factions
other_cults,,"Within the Tribunal Temple's orthodox framework, religious groups outside the veneration of Almalexia, Vivec, and Sotha Sil are categorized as other cults. These include the Ashlander ancestor and Daedra worshippers, whose practices are acknowledged as the ancestral faith of the Dunmer but dismissed as ignorant and unenlightened. Daedric cults venerating the bad Daedra—the House of Troubles—are condemned as inherently evil. The Imperial Cult, representing the Empire's official faith, is judged as false and unworthy, though its adherents are viewed no more harshly than any misguided followers. Additionally, the Nerevarine Cult and the Dissident Priests exist as persecuted heterodox movements challenging Temple doctrine.","priest, scholar","The Tribunal Temple labels faiths beyond the Tribunal's veneration as other cults. Ashlander ancestor and Daedra worship is called unenlightened but not evil. Daedric cults honoring the bad Daedra are condemned as evil. The Imperial Cult is deemed a false and unworthy faith, though its ordinary followers are not considered evil.",common,"Tribunal Temple, Daedra worship, Ashlanders, Imperial Cult, bad Daedra, tribal ancestors, House of Troubles, Nerevarine Cult, Dissident Priests, heresy",religion
pilgrimages,"Pilgrimages of the Seven Graces, Pilgrim's Path","Pilgrimages are devotional journeys undertaken by the faithful of the Tribunal Temple to sacred sites across Vvardenfell. By retracing the trials of gods and saints and contemplating their experiences, pilgrims seek spiritual advancement. The most prominent circuit, the Pilgrimages of the Seven Graces, visits shrines commemorating Vivec's legendary feats. Each shrine requires a symbolic offering—such as muck at the Fields of Kummu or a soul gem at the Ghostfence—and bestows a blessing in return. The Temple distributes the text *The Pilgrim's Path* to guide devotees through these rites of humility, daring, generosity, courtesy, justice, valor, and pride.","priest, scholar","Pilgrimages are devotional journeys to sacred Tribunal Temple shrines across Vvardenfell. The faithful retrace the trials of gods and saints to advance on the path of enlightenment. The most prominent circuit, the Seven Graces, requires symbolic offerings at each shrine and is guided by the book *The Pilgrim's Path*.",common,"Tribunal Temple, Vvardenfell, shrines, devotion, Vivec, Seven Graces, spiritual practice, blessings",religion
trebonius,"Trebonius Artorius, Arch-Mage Trebonius, Scuttlehead","Trebonius Artorius is the Arch-Mage of the Vvardenfell Mages Guild, based in Vivec City. Widely rumored to have been promoted to the position merely to remove him from Cyrodiil, he is regarded by guild members and locals as an inept leader ignorant of Dunmer culture and politics. Despite his proven prowess as a battlemage and possession of formidable artifacts like the Necromancer's Amulet, his tenure is defined by absurd directives—such as learning the Silt Strider language, building a new Anumidium, or towing cantons with chained dreugh—and an obliviousness to Telvanni infiltration. His deep paranoia regarding House Telvanni further strains the Guild's regional standing.",scholar,"Trebonius Artorius is the Arch-Mage of the Vvardenfell Mages Guild. Rumored to have been promoted to remove him from Cyrodiil, he is a powerful battlemage but a widely mocked leader. Ignorant of local culture, he issues absurd orders and remains oblivious to Telvanni spies.","common, traveler","Mages Guild, Arch-Mage, Vivec, Imperial, battlemage, Necromancer's Amulet, House Telvanni, Vvardenfell, Cyrodiil, Dunmer",figures
writ,"execution writ, Morag Tong writ, writ of execution","A Writ is an official legal document authorizing the Morag Tong to perform an honorable execution. Endorsed by Dunmer custom and negotiated with the Great Houses, these instruments sanction targeted killings to resolve disputes among the noble factions. The Tong issues Writs internally to its operatives, who carry out the sanctioned executions as both religious duty and civic function under the patronage of Mephala. The tradition provides a controlled outlet for House conflicts, preventing wider bloodshed. Writs are also issued against those who betray the guild's strict codes. The current political tensions in Vvardenfell have led to a notable number of active Writs.",scholar,"A Writ is an official document authorizing the Morag Tong to perform an honorable execution. Sanctioned by Dunmer custom and negotiated with the Great Houses, Writs provide a legal means for the guild to resolve noble disputes through targeted assassination without wider bloodshed.","common, traveler","Morag Tong, assassination, execution, law, Vvardenfell, Great Houses, legal document, Mephala, guilds, Dunmer",factions
nchuleft,,"Nchuleft is a ruined Dwemer freehold colony situated in the Grazelands of Vvardenfell, west of the town of Vos. Scholars believe it formerly served as a heavy manufacturing facility. Deep within the site, a massive machine extends from the ceiling down to a lava bed, still churning and vibrating. Active Dwemer centurions continue to guard the premises. The Zainab Ashlanders have long scavenged the ruins for curios, though historical records also note diplomatic visits by Lord Ihlendam to the Dwemer Council here. The site contains notable Dwemer schematics and a copy of the historical chronicle detailing its past.","traveler, scholar","Nchuleft is a ruined Dwemer freehold colony in the Grazelands of Vvardenfell, west of Vos. Believed to be a former heavy manufacturing facility, the site still contains active centurion defenders and a large, vibrating machine extending to a subterranean lava bed. The local Zainab Ashlanders frequently scavenge the ruins for curios.",common,"Dwemer, ruin, Grazelands, Vvardenfell, Vos, Zainab, manufacturing, freehold",locations
nchurdamz,Nchardumz,"Nchurdamz is a Dwemer ruin situated on the southeastern mainland of Morrowind, far south of Sadrith Mora and east of Molag Mar. It lies near another similarly named site, Nchardumz, with which it is occasionally confused. The interior is relatively confined, housing active Dwemer constructs and a lava pit. A locked chamber within holds the Daedroth Hrelvesuu. The site also contains a raw glass deposit and the unique spear Illkurok. Recently, the warrior Larienna Macrina entered Nchurdamz to hunt Hrelvesuu, contracting assistance through the Sadrith Mora Fighters Guild chapter.","traveler, scholar",Nchurdamz is a Dwemer ruin located far south of Sadrith Mora on the southeastern mainland of Morrowind. It should not be confused with the nearby site of Nchardumz. The ruin is known to house Dwemer constructs and the Daedroth Hrelvesuu.,common,"Dwemer, ruin, Nchurdamz, Nchardumz, Sadrith Mora, Molag Mar, Hrelvesuu, Daedroth, Vvardenfell, Fighters Guild, glass",locations
plaza_brindisi_dorom,Brindisi Dorom Plaza,"The Plaza Brindisi Dorom occupies the southernmost quadrant of Mournhold, serving as a public garden with fountains and trees. It is named after Indoril Brindisi Dorom, the Duke of Mournhold slain when Mehrunes Dagon destroyed the city in 1E 2920. A great statue at its center honors Almalexia and her battle with the Daedra Prince, which leveled the city but saved many lives. The plaza connects to Godsreach via its southwest gate, the Great Bazaar to the southeast, and the Gates of Symmachus to the outside world. Recently, the plaza has suffered significant damage from an attack.","traveler, scholar","The Plaza Brindisi Dorom is a public garden in southern Mournhold, named for Duke Indoril Brindisi Dorom. A central statue honors Almalexia's battle against Mehrunes Dagon. The plaza connects to Godsreach, the Great Bazaar, and the outside world, though it has recently suffered damage from an attack.",common,"Mournhold, plaza, park, Almalexia, Mehrunes Dagon, Indoril Brindisi Dorom, statue, Godsreach, Great Bazaar, Tribunal",locations
redas_tomb,Redas Ancestral Tomb,"Redas Ancestral Tomb is a sizeable burial site of the Redas family, carved into the mountainside on Azura's Coast just south of Molag Mar, near an Ashlander camp. The tomb houses three notable family heirlooms: the Redas War Axe, the Redas Chalice, and the Redas Robe of Deeds. Tribunal shrines stand within its chambers. The tomb is currently infested with Daedra, making entry hazardous. The surrounding mountains require travelers to follow a winding path west and then east around the slopes, or employ levitation to reach the entrance directly.","traveler, scholar","Redas Ancestral Tomb is a mountain-side burial site on Azura's Coast south of Molag Mar. It houses the Redas family treasures, including a war axe, chalice, and robe of deeds. Daedra currently occupy the chambers, and the mountainous terrain makes approach difficult.",common,"ancestral tomb, Redas family, Azura's Coast, Molag Mar, Daedra, House Redoran, Tribunal shrine, family treasures",locations
redoran_councilors,"Councilors of House Redoran, House Redoran Council, Redoran Council","The Redoran councilors govern Great House Redoran, the staunchest Dunmer Great House in Tribunal worship and martial tradition. Convening in Ald'ruhn beneath Skar, the shell of a colossal Emperor crab, they uphold strict codes of honor and piety. Archmaster Bolvyn Venim presides over the body, which includes Athyn Sarethi, Garisa Llethri, Hlaren Ramoran, Brara Morvayn, and Miner Arobar. Their names and residences are recorded in the Red Book of Great House Redoran. Fiercely conservative, the councilors view the Nerevarine prophecies as heresy and deeply distrust outlanders, making any foreigner's appeal for their support a considerable challenge.",scholar,"The Redoran councilors govern Great House Redoran from Ald'ruhn beneath the giant Emperor crab shell known as Skar. Proud warriors devoted to the Tribunal, they despise the Nerevarine prophecies and deeply distrust outlanders. The Red Book of Great House Redoran records their names and residences.","common, traveler","Great House Redoran, Ald'ruhn, Skar, Bolvyn Venim, Athyn Sarethi, Garisa Llethri, Hlaren Ramoran, Brara Morvayn, Miner Arobar, Red Book of Great House Redoran, Tribunal Temple",factions
saints,Dunmer saints,"The Tribunal Temple honors its greatest ancestors as saints, celebrating them as models of virtue and piety and invoking their aid and protection. Each saint holds a proper sphere of influence, offering particular sympathy and patronage to worshippers of various walks of life. Temple hagiographies such as Lives of the Saints recount the deeds of these figures, from Saint Nerevar the Captain and Saint Veloth the Pilgrim to lesser saints like Saint Rilms the Barefooted and Saint Olms the Just. Some, like Saint Olms, founded enduring institutions such as the Ordinators, while others, like Saint Llothis the Pious, formulated the central rituals bridging the faithful and the Tribunal.","priest, scholar","The Tribunal Temple honors its greatest ancestors as saints, venerating them as models of virtue and piety whose aid and protection the faithful invoke. Each saint holds a proper sphere of influence, serving as patron to specific trades and walks of life. Temple hagiographies celebrate these figures, from Saint Nerevar the Captain to Saint Veloth the Pilgrim and numerous lesser saints.",common,"Tribunal Temple, Dunmer, hagiography, ancestors, patron saints, virtue, piety, Lives of the Saints, Saint Nerevar, Saint Veloth, Ordinators",religion
seven_graces,Seven Graces pilgrimage,"The Seven Graces form the foundational pilgrimage circuit of the Tribunal Temple, guiding the faithful to seven holy shrines across Vvardenfell. Each shrine embodies a specific virtue—Humility, Daring, Generosity, Courtesy, Justice, Valor, and Pride—and requires a symbolic offering. The Graces of Daring, Generosity, and Courtesy are observed in Vivec City, while the others lie at the Fields of Kummu, Gnisis, Koal Cave, and Ghostgate. Customary for all Temple members, the circuit is detailed in the devotional text The Pilgrim's Path. Completing these pilgrimages demonstrates a worshipper's devotion and readiness for greater duties within the Temple hierarchy.","priest, scholar","The Seven Graces are the seven sacred pilgrimages of the Tribunal Temple. Each shrine represents a different virtue—Humility, Daring, Generosity, Courtesy, Justice, Valor, and Pride—and requires a symbolic offering from the worshipper. The faithful undertake this circuit across Vvardenfell as a customary devotional practice, following the directions recorded in The Pilgrim's Path.",common,"Tribunal Temple, pilgrimage, Vivec, Ghostgate, Gnisis, Koal Cave, Fields of Kummu, shrines, virtues, devotion",religion
abolitionists,,"Abolitionists are activists dedicated to ending slavery in Morrowind. Their position places them in direct conflict with Dunmer law and custom, which permits slavery under the Armistice's protections for ancient Dark Elf traditions. While the Empire officially frowns upon the practice, it recognizes slavery as legal within Morrowind's borders, creating a contentious legal gray area. Some abolitionists work within the law, hoping to change Dunmer perspectives through example; others take direct action. The most notable abolitionist group is the Twin Lamps, a secret and illegal organization dedicated to helping runaway slaves escape to freedom. Aiding escaped slaves constitutes theft under Morrowind law, as slaves are legally property, making Twin Lamps activities criminal offenses.",scholar,"Abolitionists seek to end slavery in Morrowind, where the practice remains legal under Armistice protections for Dunmer custom. Their activism conflicts with local law, which treats slaves as property. The Twin Lamps, a secret illegal organization, actively helps runaway slaves escape despite the criminal penalties for aiding them.","common, traveler","slavery, abolition, Twin Lamps, Morrowind law, Imperial law, Dunmer custom, outlanders, runaway slaves, Armistice, illegal organization, activism",factions
holamayan,,"Holamayan is a secret monastery of the Dissident Priests hidden beneath the surface of a remote island along Azura's Coast, south of Sadrith Mora and east of Mount Assarnibibi. Its entrance is concealed by hills and vegetation, and a magical stone hood further protects the site, opening only during the twilight hours of dawn and dusk sacred to Azura. For thousands of years, it has served as a pilgrimage destination and temple to the Daedric Prince. In the First Era, Nerevar journeyed here to consult Azura, an encounter that precipitated the War of the First Council. After the Dissident Priests rejected Tribunal doctrine, Holamayan became their refuge and a repository for the Apographa, the suppressed writings banned by the Temple. Within its halls, the monks venerate Azura and the Dunmer saints, excluding the Tribunal, and preserve forbidden theological scholarship.","traveler, scholar","Holamayan is a secret monastery of the Dissident Priests on a remote island along Azura's Coast. Hidden beneath the surface and guarded by a magical stone hood that opens only at dawn and dusk, it serves as a refuge for those who dispute Tribunal doctrine and a repository for their suppressed Apographa writings.",common,"Holamayan, Dissident Priests, Azura's Coast, monastery, Apographa, Azura, Vvardenfell, Tribunal Temple, Nerevar, secret",locations
goblins,,"Goblins are vicious humanoid creatures whose size ranges from smaller than a Bosmer to larger than a Nord. While some are mindless beasts, others demonstrate magical aptitude. They frequently domesticate durzogs, creatures equally despised. Goblins typically inhabit subterranean environments; recently, alarming reports place them in the sewers beneath the Godsreach district of Mournhold, stirring public unease. Their temperament and unpredictability make them widely loathed across Tamriel.",scholar,"Goblins are vicious, widely despised humanoid creatures ranging from smaller than a Bosmer to larger than a Nord. Some are mindless, while others practice magic. They often keep trained durzogs as companions. Goblins recently stirred public alarm with reported sightings in the sewers beneath Mournhold's Godsreach district.",common,"goblin, goblins, humanoid, beasts, durzog, Mournhold, Godsreach, sewers, magic, hostile",creatures
halls_of_the_dead,cardruhn,"Halls of the Dead is a phrase used by outlanders to describe the ancestral tombs of the Dunmer, known in the native tongue as 'cardruhn'. The term 'ruhn' translates to home or hearth-hall, while 'card' refers to the undeparted kin-wardens, together conveying the enduring presence of venerated ancestors within these subterranean sanctuaries. The phrase also appears in cryptic prophecy and divine vision, where its exact referent becomes ambiguous; one such vision links the Halls of the Dead to access for Hilbongard's forge, prompting seekers to consult Dunmer savants and scouts to decipher the riddle.","traveler, scholar","Halls of the Dead is an outlander phrase for Dunmer ancestral tombs, called 'cardruhn' in the native tongue. The word means the home of undeparted kin-wardens. The phrase also appears in cryptic prophecy, such as one linking it to Hilbongard's forge, requiring consultation with Dunmer savants to interpret.",common,"Dunmer, ancestral tomb, cardruhn, death customs, prophecy, Hilbongard's forge, Morrowind",locations
wolves,,"Wolves are swift, clever predators found across Tamriel, particularly in northern regions like Solstheim where the Skaal revere them as blessed creations of the All-Maker. They typically hunt in packs, making them formidable despite their individual size. While attempts at taming occasionally occur, wolves resist domestication far more stubbornly than guar or similar beasts, and failures often prove fatal for the would-be handler. Certain populations carry diseases, adding to the danger they pose. Rare white wolves are reported in Solstheim's wilderness. Distinguished from the larger, solitary dire wolves—which require entirely different, more perilous handling techniques—common wolves retain a pack instinct that theoretically allows for social bonding, though success remains exceptional. Their speed and cunning make them effective hunters.",scholar,"Wolves are fast, clever predators that hunt in packs across Tamriel's wilderness, particularly in northern regions like Solstheim. The Skaal regard them as blessed creations of the All-Maker. They resist taming, and some populations carry disease, making them dangerous encounters in the wild.",common,"wolf, wolves, predator, pack hunter, Solstheim, Skaal, All-Maker, disease, beast, carnivore",creatures
fields_of_kummu,"Shrine of Humility, Kummu","The Fields of Kummu are a Temple holy site along the Balmora-Suran road on the northern shore of Lake Amaya. The location commemorates the occasion when Lord Vivec encountered a destitute farmer whose guar had perished, rendering him incapable of harvesting his muckspunge crop. Demonstrating profound compassion, Vivec set aside his fine garments and labored in the fields as a beast of burden until the harvest was complete. The Shrine of Humility now stands at this site, where the faithful travel to pray and reflect upon Vivec's selflessness. Pilgrims traditionally donate muck at the shrine in observance of this virtue.","traveler, scholar","The Fields of Kummu are a Temple holy site on the northern shore of Lake Amaya, along the road between Balmora and Suran. The Shrine of Humility stands there to commemorate Lord Vivec's act of laboring in a poor farmer's fields after the farmer's guar died. The faithful visit to pray and reflect upon this humility.",common,"shrine, pilgrimage, Vivec, humility, Lake Amaya, muckspunge, Tribunal Temple, Balmora-Suran road",locations
rotheran,,"Rotheran is an ancient Dunmer stronghold on the southern coast of Sheogorad, remote and of evil reputation. Built before the Great Houses formed, these Chimer fortifications defended against Nordic raiders but were largely abandoned after the Tribunal Temple's rise. The stronghold has since attracted various occupants, including the noble Ulasa Redoran in the mid-Second Era. Currently, the sorcerer and Molag Bal worshipper Llaren Terano commands Rotheran with his followers. They have hollowed the interior into a gladiatorial arena that pits enslaved captives against Daedra and beasts. The stronghold's propylon chamber links to Indoranyon and Valenvaryon.","traveler, scholar","Rotheran is an ancient Dunmer stronghold on the southern coast of Sheogorad. Remote and of evil reputation, it is seldom visited. The stronghold's propylon chamber links to Indoranyon and Valenvaryon.",common,"Sheogorad, Dunmer stronghold, propylon, Llaren Terano, gladiatorial arena, Molag Bal, Ulasa Redoran, Indoranyon, Valenvaryon, ruins",settlements
ashlander_gifts,,"Among the Ashlander tribes, gift-giving is a nuanced social custom serving distinct functions depending on the relationship between parties. When approaching strangers, a thoughtful gift signals caution, consideration, and awareness of the recipient's wants and needs, making it a vital practice for traders and travelers navigating the harsh wilderness. Among friends, however, the exchange becomes a private and subtle affair carrying great risk. The true test of a gift between companions lies in how precisely it is tailored to the receiver, reflecting deep personal affection and mutual understanding rather than mere courtesy.",scholar,"Among the Ashlanders, gifts serve as tokens of courtesy toward strangers and affection among friends. A thoughtful gift signals consideration to strangers, aiding traders and travelers. Between friends, giving is private and subtle, with the gift's value judged by how well it suits the receiver.","common, traveler","Ashlanders, gift-giving, customs, courtesy, friendship, trade, nomads, Vvardenfell, traditions, social-bonds",cultures
conspiracy_against_the_emperor,"plot against the Emperor, assassination plot against Uriel Septim","A recently uncovered plot within the ranks of the Imperial Legion to assassinate Uriel Septim VII. Evidence implicates Aurius Rulician and Oritius Maro as traitors conspiring against the Emperor. The discovery of a troubling letter confirmed the conspiracy, prompting swift orders for the execution of the treacherous soldiers. The betrayal has caused significant distress among loyal Legion officers, who remain troubled that sworn servants of the Empire could contemplate such treason. The full extent of the plot and its ultimate architects remain uncertain, but the immediate threat has been addressed through the execution of the identified conspirators.",scholar,"A plot by Imperial Legion soldiers to assassinate Uriel Septim VII. Evidence, including a troubling letter, implicated Aurius Rulician and Oritius Maro in the conspiracy. Loyal Legion officers ordered the traitors executed for their crimes against the Empire.","common, traveler","Uriel Septim VII, Imperial Legion, treason, assassination plot, Aurius Rulician, Oritius Maro, Empire, conspiracy",history
dreams_and_visions,"visions, prophecy, dream interpretation","Dreams and visions are phenomena regarded across Tamriel as potential conduits for divine communication, prophecy, and spiritual revelation. Within Ashlander tradition especially, such experiences carry profound religious weight, often interpreted as direct messages from ancestors or spirits. Wise women and ashkhans rely on visions to guide their tribes, discern divine will, and seek remedies for afflictions that resist mundane healing. Recurring dreams—such as those of a spirit animal appearing in a specific landscape—are treated as sacred signs demanding interpretation and action. While the Tribunal Temple acknowledges the power of visions, Ashlanders maintain that their unbroken ancestral practices preserve a purer connection to these divine messages.","priest, scholar","Dreams and visions are widely regarded as channels for divine communication and prophecy. In Ashlander tradition, they hold particular religious significance, often interpreted as direct messages from ancestors or spirits. Wise women rely on such visions to guide their people and seek spiritual remedies for afflictions that resist ordinary healing.",common,"dreams, visions, prophecy, Ashlanders, wise women, ancestors, spirits, divine communication, Tribunal Temple, revelation, signs, spiritual healing",religion
dwemer_language,"Dwemeri, Dwemeris, Deep Elf language","The Dwemer language remains largely untranslatable, a persistent barrier to understanding their civilization. While the alphabet is documented and brief inscriptions can occasionally be deciphered through contextual clues, the broader tongue defies conventional scholarship. Fortunately for historians, many Dwemer records—particularly those from Resdayn's founding era—were written in Aldmeris, a language accessible to modern Elven scholars. Even in these translated texts, however, specialized Dwemer terminology retains uncertain meaning. The remarkable preservation of Dwemer texts and artifacts, seemingly untouched by time, suggests the deep elves possessed a preservative knowledge or active mechanism capable of denying the Earth Bones governing decay.",scholar,"The Dwemer language is largely untranslatable, though its alphabet is known and short inscriptions can sometimes be deciphered. Many Dwemer documents were written in Aldmeris, which modern scholars can read, though specialized Dwemer terms remain uncertain.","common, traveler","Dwemer, language, Aldmeris, Resdayn, Earth Bones, translation, alphabet, inscriptions",history
enchantments,enchanted items,"Enchantments are persistent magical effects bound into physical objects through the discipline of Enchant. The practice varies considerably across Morrowind's factions: the Temple favors healing and protective wards, House Redoran prefers wounding missile loads and shields, House Hlaalu favors weapon enhancements and spell rings, and the Imperials employ a broad array of destructive weapon and ring effects. House Telvanni are widely acknowledged as the masters of the craft, combining multiple effects on single items and showing a particular fondness for summoning creatures and conjured armaments. Common enchantments include elemental damage, attribute fortification, and resistances, while paralyzation and banishment remain rare and highly prized.",scholar,"Enchantments are lasting magical effects bound into items. The practice varies by culture: the Temple favors healing and protection, Redoran prefers shields and wounding missiles, Hlaalu likes weapon and ring spells, and the Telvanni are masters who combine multiple effects and favor summonings. Common forms include elemental damage and resistances, while paralyzation and banishment are rare.","common, traveler","magic, enchantments, enchanting, Telvanni, spellcasting, artifacts, conjuration, elemental magic, soul gems, warding, Morrowind factions, magical effects",magic
imperial_provinces,,"The nine provinces constitute the Empire of Tamriel: Skyrim, High Rock, Hammerfell, Summerset Isle, Valenwood, Elsweyr, Black Marsh, Morrowind, and the ancient central province of Cyrodiil. Each territory maintains distinct cultural traditions and governance structures under the broader imperial system. Morrowind stands out among these provinces, having been integrated by treaty rather than conquest, a status that allows it to retain exceptional power to define local law by reference to ancient Great House precedents rather than adopting standard imperial legal frameworks.","traveler, scholar","The Empire of Tamriel encompasses nine provinces: Skyrim, High Rock, Hammerfell, Summerset Isle, Valenwood, Elsweyr, Black Marsh, Morrowind, and the central province of Cyrodiil. Morrowind joined the Empire by treaty rather than conquest, retaining the right to define local law through ancient Great House precedents.",common,"Tamriel, Empire, Cyrodiil, Skyrim, High Rock, Hammerfell, Summerset Isle, Valenwood, Elsweyr, Black Marsh, Morrowind",regions
lake_fjalding,,"Lake Fjalding is the largest lake on Solstheim, situated in the Felsaad Coast region north of Fort Frostmoth. It remains covered by ice year-round, rendering it largely impassable. The Isild and Iggnir Rivers flow from its waters, separating the Felsaad Coast from the Isinfier Plains to the south. Thirsk mead hall stands on its eastern shore. The lake serves as a mating ground for horkers, drawing hunters from Thirsk and Skaal who also pursue snow bears and wolves. Ritualistic hunts are frequently conducted here. Holly bushes occasionally grow along the shore, and the surrounding landscape features numerous tombs and caves. An extensive cave system lies beneath the ice, reportedly harboring beasts and undiscovered treasures. Strange occurrences have recently been reported at the lake, leaving residents unsettled.","traveler, scholar","Lake Fjalding is the largest lake on Solstheim, located in the northeast of the island. It remains covered by ice year-round. The lake serves as a mating ground for the island's horkers, and both the Isild and Iggnir Rivers flow from it. Thirsk mead hall sits on its eastern shore.",common,"Solstheim, lake, ice, horker, Felsaad Coast, Isinfier Plains, Thirsk, Isild River, Iggnir River, cave",locations
necromancers,,"Practitioners of necromancy, the proscribed arcane discipline of manipulating the dead, necromancers raise skeletal minions and command ancestral spirits. The art is broadly condemned across Tamriel, forcing its adherents to operate in secrecy. In Morrowind, the veneration of ancestors complicates this practice considerably; summoning and binding ancestral spirits for servitude rather than respectful communion violates Dunmeri tradition and Tribunal law. Consequently, necromancers in Morrowind must conceal their activities, practicing their arts covertly to avoid persecution by both the Temple and general society.",scholar,"Practitioners of necromancy, the forbidden art of raising and commanding the dead. Widely condemned across Tamriel, necromancers must typically operate in secret. In Morrowind, their craft is especially reviled by the Tribunal Temple, as binding ancestral spirits for servitude violates sacred Dunmeri tradition.","common, traveler","necromancy, undead, skeletal minion, ancestral ghost, Tribunal Temple, dark magic, forbidden arts, conjuration, Dunmer, secretive",factions
skyrim,"Old Kingdom, Fatherland, Keizaal, Mereth","Skyrim, the northernmost province of Tamriel, is a cold and mountainous land also known as the Old Kingdom, Mereth, or the Fatherland. It was the first region settled by humans from Atmora, whose descendants, the Nords, still occupy its rugged terrain. Though more civilized than their ancestors, the Nords retain their martial traditions. The province is divided into nine holds, each governed by a jarl, while a High King is chosen by the Moot. The Old Holds—Winterhold, Eastmarch, the Pale, and the Rift—remain geographically and politically isolated, whereas the Reach is historically more cosmopolitan. Skyrim borders Morrowind across the Velothi Mountains, Cyrodiil beyond the Jeralls, and the Sea of Ghosts along its northern coast.","traveler, scholar","Skyrim, the northernmost province of Tamriel, is also known as the Old Kingdom or the Fatherland. It was the first region settled by humans from Atmora, and their descendants, the warlike Nords, still populate this cold and rugged land. The province is divided into nine holds governed by jarls, and its High King is chosen by a traditional Moot of these rulers.",common,"Skyrim, Nords, Old Kingdom, Fatherland, Atmora, Tamriel, Northern Tamriel, Sea of Ghosts, High King, Jarl, Moot",regions
snow_bears,"snow bear, solstheim bear, white bear","Snow bears are large, aggressive predators endemic to Solstheim, distinguished from common bears by their thick white fur, which insulates them against severe cold. Their attacks are notably dangerous, as their claws and teeth can freeze the flesh of their victims. They inhabit the snowy forested regions along Solstheim's southern coast, though they remain difficult to find. Hunters and travelers consider them among the island's more formidable wildlife hazards.",scholar,"Snow bears are large, white-furred predators found on the island of Solstheim. Thicker fur protects them from extreme cold, and their attacks can freeze human flesh. They inhabit snowy forests along the southern coast and are notoriously aggressive.",common,"bear, solstheim, predator, beast, cold, ice, wildlife, snow",creatures
snow_wolves,,"Snow wolves are large, elusive predators inhabiting the Moesring Mountains of Solstheim. Protected against extreme cold by a thick white coat, they possess a bite so chill that it can freeze human flesh. Skaal legend holds them as the descendants of Ondjage, the Fell Wolf who devoured Hrothmund the Red, a revered hero and founder of Thirsk mead hall. While their existence is treated as fact by some locals, others consider them a myth, claiming no firsthand encounter. Their remote habitat and rarity contribute to the uncertainty surrounding them.","scholar, solstheim","Snow wolves are elusive, thick-coated predators said to inhabit Solstheim's Moesring Mountains. Legend claims they descend from Ondjage, the Fell Wolf that devoured Hrothmund the Red, and that their bites can freeze human flesh. Some locals doubt their existence, never having seen one.",common,"wolf, snow wolf, Solstheim, Moesring Mountains, Ondjage, Hrothmund, frost, predator, beast, legend",creatures
ashlander_courtesy,,"Ashlander courtesy governs interaction with the nomadic Dunmer tribes of the Ashlands. A fundamental principle is that entering a yurt without invitation may provoke a challenge, as customs differ between tribes. Visitors must exercise particular caution around ashkhans—tribal chiefs—and wise women—tribal seers and counselors—whose dispositions range from welcoming to hostile. The paramount rule of engagement is to depart immediately when requested; compliance typically earns forgiveness for the intrusion, while refusal risks violent retaliation from offended tribesfolk.",scholar,"Ashlander courtesy demands that strangers not enter yurts without invitation, as customs vary between tribes. Visitors should be especially cautious around ashkhans and wise women. If requested to leave, one must depart immediately to avoid violent retaliation.","common, traveler","Ashlanders, Dunmer, Ashlands, customs, ashkhan, wise women, yurt, nomads, hospitality, tribal law",cultures
bears,bear,"Bears are large, powerful beasts found across Tamriel, with notable populations on the island of Solstheim. The Skaal revere them as sacred creatures of the All-Maker, embodying a warrior's strength; some among the Skaal possess the ability to summon bears as allies. Nord skalds recount tales of their ferocity, yet also speak of a fierce protective loyalty, noting that a bonded bear will defend its rider against even the greatest of threats. In the wild, they are vicious fighters, and diseased specimens pose a significant danger. Their pelts hold commercial value, though acquiring them is perilous.",scholar,"Bears are large, powerful beasts found across Tamriel, especially on Solstheim. They are vicious fighters, and some carry dangerous diseases. The Skaal revere them as sacred creatures of the All-Maker that embody a warrior's strength, and some can summon them as allies. Bear pelts are valuable.",common,"beasts, Solstheim, Skaal, All-Maker, Nords, pelts, disease",creatures
egg_mining,"kwama egg mining, kwama eggs","Egg mining is a cornerstone of the Morrowind economy, centered on the harvesting of kwama eggs from subterranean colonies. The industry depends entirely on the health of the kwama queen; if she perishes or falls to the Blight, the mine's productivity ceases entirely. Curing a blighted queen and securing unemployed miners are necessary steps to restore a profitable operation. The trade is not considered glamorous, but it provides steady commerce. Great House Hlaalu relies heavily on these enterprises to support its holdings and strongholds, making the control and maintenance of viable egg mines a matter of significant strategic and economic importance.",scholar,"Egg mining is a steady, widespread industry in Morrowind built around harvesting kwama eggs from subterranean mines. The trade depends on a living, healthy kwama queen; if she dies or falls to the Blight, the mine fails. House Hlaalu values these profitable enterprises highly.","common, traveler","kwama, egg mine, mining, House Hlaalu, Shurdan-Raplay, blight, kwama queen, economy, Morrowind, industry",cultures
foreigners,"outlanders, foreigners in Morrowind, non-Dunmer","The term denotes non-native inhabitants of Morrowind, whose presence generates deep cultural friction. Native Dunmer regard foreigners with pronounced suspicion, resenting external claims on ancestral lands, wealth, and governance. This xenophobia extends beyond other races to include outland Dunmer—Dark Elves raised within the Imperial system who lack traditional Dunmeri upbringing. Despite this pervasive hostility, grudging assimilation remains possible; Great Houses occasionally accept and adopt foreigners into their ranks, even elevating a Nord to the House Hlaalu Council. However, such acceptance is exceptional and demands considerable time and effort to overcome ingrained distrust.",scholar,"Native Dunmer harbor deep distrust toward foreigners in Morrowind, resenting external influence on their ancestral lands and traditions. This suspicion extends even to outland Dunmer raised under Imperial customs. Though Great Houses occasionally adopt outsiders into their ranks, earning native trust is a slow, difficult process.","common, traveler","Dunmer, Morrowind, xenophobia, outlanders, Great Houses, Imperial, culture, outland Dunmer",cultures
white_guar,"white guar of the Ahemmusa, vision guar","A pale guar appearing in the prophetic visions of the Ahemmusa Ashlanders, who regard it as a spiritual guide sent to aid their blight-stricken tribe. The wise woman Urshamusa Rapli has dreamed of this creature leading the way to the ancient remains of Ashamanu, a healer who sacrificed her life for others in ages past. According to Ahemmusa belief, Ashamanu's enduring spirit grants renewed protection through her recovered amulet, allowing the afflicted tribe to endure. The white guar itself is encountered in the Grazelands near the five stone fingers, where it leads followers westward to the healer's resting place. Whether the guar is a living beast guided by unseen forces or a manifest spirit remains a matter of Ashlander religious interpretation.","scholar, ashlander","A pale guar regarded as a spiritual sign by the Ahemmusa Ashlanders. Wise woman Urshamusa Rapli has dreamed of this creature leading the way to the ancient remains of the healer Ashamanu, whose amulet is believed to cure the blight afflicting the tribe. The guar appears in the Grazelands near distinctive stone formations.","common, ashlander","guar, Ashlander, Ahemmusa, vision, Ashamanu, Grazelands, blight, healer, amulet, Ashlands",creatures
archmagister_gothren,"Gothren, Head of House Telvanni","Archmagister Gothren is the current head of House Telvanni, having held the position for many years. He resides in Tel Aruhn, west of Sadrith Mora. Known for his evasive governance, Gothren never directly refuses petitions; instead, he delays indefinitely without giving an answer. This obstructionist approach is well-known among the Telvanni, and Master Aryon openly advises that killing Gothren is the only practical solution to his stonewalling, noting that such lethal disputes are customary within House Telvanni. His Mouth, Mallam Ryon, serves as his representative.",scholar,"Archmagister Gothren is the long-serving head of House Telvanni, ruling from his tower of Tel Aruhn west of Sadrith Mora. He is notorious for never directly refusing requests, instead delaying his answers indefinitely.","common, traveler","House Telvanni, Archmagister, Tel Aruhn, Sadrith Mora, Mallam Ryon, Aryon, Telvanni Council, Morrowind, Dunmer, Wizard",figures
blight_diseases,"the blight, blight illness","Blight diseases are virulent afflictions originating from the blight storms sweeping out of Red Mountain. They resist common herbal and magical treatments, requiring specialized cure blight disease spells or potions. They manifest as wasting diseases, which attack an organism's systems, or abnormal growth diseases, which distort functions and structures. Normal creatures caught in blight storms can mutate into monstrous forms. Vvardenfell's natives avoid exposure and wear protective garments when traveling through blight-prone regions.","scholar, common",Blight diseases are dangerous afflictions spread by blight storms from Red Mountain and contact with diseased creatures. They cannot be cured by common spells or potions; specialized cure blight disease remedies are required. Natives wear protective garments to avoid exposure in blight-prone regions.,common,"blight, disease, corprus, Vvardenfell, wasting disease, abnormal growth, blight storm, cure blight disease, Ashlands, Red Mountain, Dagoth Ur",diseases
sleepers,"Sleeper cultists, Sixth House sleepers","Sleepers are Dunmer corrupted by the dream-sendings of Dagoth Ur, their minds overwhelmed by the Sharmat's growing power. Wandering the streets of Ald'ruhn, Balmora, Vivec, and smaller settlements, they prophesy the awakening of the Sixth House and threaten outlanders with expulsion from Morrowind. Some merely speak madness; others, driven to violence, attack those they encounter. The Sleepers represent the early manifestation of Dagoth Ur's influence beyond Red Mountain, mortals caught between waking and nightmare whose condition may worsen into full Ash Creature transformation. Even with Dagoth Ur's defeat, some victims never awaken from their fevered dreams, their minds permanently shattered.",scholar,"Sleepers are Dunmer driven mad by the dream-sendings of Dagoth Ur. Found wandering in Morrowind's towns, they prophesy the Sixth House's awakening and threaten outlanders. Some become violent. They are victims of the Sharmat's growing influence, their minds trapped between nightmare and waking.",common,"Dagoth Ur, Sixth House, dreams, corruption, cultists, madness, Morrowind, House Dagoth, ash creatures, Sharmat",creatures
ancestral_tomb,"Dunmer tomb, family tomb","Ancestral tombs are subterranean Dunmer crypts where the dead are interred to rest alongside their kin. Maintained by the Great Houses and individual families, these sites anchor the spirits of ancestors, who may be venerated or called upon for counsel and protection. Outsiders are strongly discouraged from entering; while formal rules govern who may lawfully visit, trespassers risk grave offense to the living and the dead alike. Many tombs have fallen to neglect, Daedric incursion, or undead infestation, making them perilous even to legitimate descendants.","traveler, scholar","Ancestral tombs are Dunmer crypts where the dead are buried with their kin. The spirits of these ancestors are venerated by their living descendants. Outsiders are advised to avoid these sites, as unauthorized entry deeply offends Dunmer custom. Many tombs are now neglected or overrun by hostile forces.",common,"Dunmer, burial, ancestor, spirit, crypt, custom, tomb, death",locations
ashlander_nomadic_camp_style,,"Ashlander nomadic camps are defined by their portable hide-and-chitin huts, designed for rapid assembly and dismantlement to facilitate migration between grazing and hunting grounds. Hide coverings are stretched taut over lightweight frames constructed from native chitin, yielding sturdy yet easily transportable shelters. When a tribe relocates, these structures are broken down and packed atop guar for transport across the ash wastes. The Ashkhan's dwelling adheres to this same architectural tradition, distinguished only by its larger scale and more elaborate execution rather than by any fundamental difference in form or material.",scholar,"Ashlander camps feature portable huts built by stretching hides over chitin frames. Designed for a migratory lifestyle, these shelters are quickly dismantled and packed onto guar when tribes move to new hunting grounds. The Ashkhan's hut follows the same design, merely larger and more elaborate.","common, traveler","Ashlanders, nomadic camps, chitin architecture, hide huts, guar pack beasts, Ashkhan dwellings, Vvardenfell nomads, Ashlander culture, tribal shelters, Ashlander architecture",cultures
atronachs,"elemental daedra, fire daedra, frost daedra, flame atronachs, frost atronachs, storm atronachs, iron atronachs","Atronachs are elemental Daedra manifesting from the domains of flame, frost, and storm. Known respectively as fire, frost, and storm daedra, these beings inhabit Oblivion and are frequently bound by conjurers. Beyond these familiar types, rarer variants exist in more remote realms, such as the towering Iron Atronachs produced in abundance within an unnamed volcanic collective realm. While commonly summoned for their elemental utility, such as the Iron Atronachs' formidable power, their destructive appetites make them dangerous servants. Atronachs represent a fundamental category of Daedric entity whose elemental nature dictates both their native plane and their capabilities when summoned into Mundus.","scholar, daedra","Atronachs are elemental Daedra encountered in three common forms: flame atronachs, frost atronachs, and storm atronachs. These beings are native to Oblivion and are frequently summoned by conjurers, though their destructive natures make them dangerous to command.",common,"atronachs, daedra, elementals, flame, frost, storm, conjuration, Oblivion, creatures, summoning, iron atronachs, fire daedra",creatures
caldera_mining_company,Caldera Mine Company,"The Caldera Mining Company is an Imperial-chartered enterprise authorized by the Emperor to extract ebony ore from rich underground deposits near Caldera. It holds sole ownership of the local ebony mine, operating under Imperial license to exploit one of Vvardenfell's most valuable resources. The company's presence represents the Empire's direct economic interest in Morrowind's ebony wealth, functioning as a significant commercial entity extracting the rare metal crucial for Imperial trade and armaments.",scholar,"The Caldera Mining Company is chartered by the Emperor to extract ebony ore from rich underground deposits near Caldera. It owns and operates the local ebony mine, representing Imperial commercial interests in Morrowind's valuable ebony resources.","common, traveler","Caldera, ebony, mining, Imperial charter, ebony mine, trade",factions
corprus_weepings,,"Corprus weepings are hardened secretions that fall from the fleshy sores of corprus victims. These foul growths are typically found upon the remains of corprus stalkers and lame corprus, abominations that shamble through the blighted wastes of Red Mountain and the cursed depths of Sixth House strongholds. As physical byproducts of the Divine Disease, they serve as grim evidence of Dagoth Ur's spreading corruption and the horrific bodily warping inflicted upon those who succumb to the Blight.",scholar,Corprus weepings are hardened secretions that fall from the fleshy sores of corprus victims. They are commonly found on the remains of corprus stalkers and lame corprus in blighted regions.,common,"corprus, blight, disease, secretions, Red Mountain, Sixth House, corprus stalker, lame corprus",diseases
daedric,,"Daedric equipment encompasses the rarest and most formidable arms and armor known in Tamriel. Crafted from raw ebony refined through the craft and magical substances of Oblivion's lesser minions, the forging process inflicts preternaturally prolonged suffering upon the Daedra involved. These echoes of torment linger within the finished arms. The resulting weapons and heavy armor are exceptionally dense and carry enormous enchantment capacity. Summoned bound equivalents mimic standard Daedric gear's protective qualities while exhibiting significantly lighter properties. Due to the extraordinary difficulty and cost of its creation, authentic Daedric equipment is exceedingly scarce, with many pieces existing as singular artifacts across Vvardenfell and beyond.",scholar,Daedric weapons and armor are forged from raw ebony refined using the craft and substances of Oblivion's lesser minions. The painful forging process leaves echoes of Daedric suffering within the equipment. Daedric gear is the rarest and most expensive of its kind in Tamriel.,"common, traveler","Daedric, ebony, Oblivion, armor, weapons, smithing, Daedra, enchantment",magic
daedric_sites,,"Daedric sites are ancient shrines scattered across Morrowind, dating to the arrival of the Velothi. Legend holds that the Daedra Lords themselves raised these structures, as mortals could not build anything grand enough to suit them. When the Tribunal claimed dominion over the Daedra, they forbade worship of the so-called Bad Daedra—Malacath, Mehrunes Dagon, Molag Bal, and Sheogorath—and the Temple sealed the shrines for thousands of years. In recent decades, however, the Temple's strength has waned. With priest-soldiers diverted to Ghostgate against Dagoth Ur's advance, the old barriers have fallen, and witches and warlocks of the Daedric cults have begun restoring the shrines to active use.","traveler, scholar","Daedric sites are ancient shrines raised, according to legend, by the Daedra Lords themselves when the Velothi first settled Morrowind. The Tribunal later forbade worship of the Bad Daedra and sealed these places for millennia. Now, as the Temple weakens and its warriors guard Ghostgate, cultists are reviving the old shrines.",common,"Daedra, shrines, Velothi, Tribunal, Bad Daedra, cults, Morrowind, ancient, worship, Ghostgate",locations
dwarven_ghost,"dwarven spectre, dwemer ghost, dwemer spirit, dwarven revenant","Dwarven ghosts are the revenant spirits of the Dwemer that haunt their ancient abandoned ruins. Aggressive and dangerous, they are immune to normal weapons, requiring enchanted or silver arms and destructive spells to be banished. Upon defeat, they leave behind ectoplasm, a filmy residue with modest magical properties that is considered a rare and valuable substance.",scholar,"Dwarven ghosts are hostile spirits found in abandoned Dwemer ruins. They cannot be harmed by normal weapons; only silver, enchanted weapons, or spells affect them. Banishing them yields valuable ectoplasm.",common,"undead, ghost, dwemer, ectoplasm, ruins, revenant, incorporeal, silver, enchantment",creatures
eggmines,"kwama egg mine, kwama mine","Eggmines are the subterranean kwama colonies harvested for their eggs, a principal agricultural commodity of Vvardenfell District. Miners protect the eggs from poachers, predators, and raiding kwama foragers from other colonies, harvesting judiciously to preserve sufficient eggs to sustain colony growth. The kwama eggs are consumed locally or exported by ship throughout the Empire, eaten boiled, roasted, or raw, and remain fresh for weeks.","traveler, scholar","Eggmines are subterranean kwama colonies harvested for their eggs, a major agricultural commodity of Vvardenfell. Miners protect the eggs from poachers and predators while harvesting carefully to sustain the colonies. Kwama eggs are eaten boiled, roasted, or raw, and are widely exported throughout the Empire.",common,"Vvardenfell, kwama, mining, agriculture, economy, trade, eggmine",locations
emperor_crab,,"Emperor Crabs were colossal semi-aquatic crustaceans native to Vvardenfell's Ashlands, described as cathedral-sized and contemporary with the early settled Chimer. Ancient Ashlanders hunted them, and massive ash-herder grapnels have led some scholars to speculate the Chimer may have tamed the beasts. House Redoran claims credit for hunting them to extinction, and their arms and armor draw inspiration from crab claw and chitin. The creatures' immense shells are repurposed in Dunmer architecture; Ald'ruhn's Skar district is carved within one such shell. Some naturalists posit a relationship to the common mudcrab, while one mythic account holds that Emperor Crabs devolved into mudcrabs after forsaking divine pursuits. The species is believed extinct long before the Third Era, though unreliable reports of oceanic sightings persist.",scholar,"Emperor Crabs were gigantic crustaceans once native to Vvardenfell, described as cathedral-sized. Their immense shells have been repurposed in Dunmer architecture, most notably at Ald'ruhn. House Redoran, whose arms and armor draw from crab imagery, claims to have hunted them to extinction. The species is believed long dead, though some naturalists suggest a relationship to the common mudcrab.",common,"emperor crab, crustacean, ashlands, vvardenfell, extinct, house redoran, mudcrab, architecture, skar, chimer, ald'ruhn",creatures
false_gods,"Tribunal heresy, False Tribunal","The term 'False Gods' denotes the Tribunal—Almalexia, Vivec, and Sotha Sil—condemned by dissenting voices as usurpers who stole divine power from the Heart of Lorkhan. Critics, including the Dissident Priests and the Maulborn, argue that the Tribunal's godhood is an abductation rooted in corruption and deceit rather than true divinity. These detractors claim the Three have broken their covenant, misused the tools of the Enemy, and abandoned their people, demanding worship born of fear rather than reverence. The Ashlanders preserve similar accusations, maintaining that the Tribunal's ungodly actions mock the gods and endanger all of Morrowind.","priest, scholar","The term 'False Gods' refers to the Tribunal, accused by their critics of stealing divine power rather than earning it. Dissenting groups like the Ashlanders and the Maulborn claim the Three demand worship out of fear, have broken their promises, and threaten Morrowind through their misuse of profane power.",common,"Tribunal, Dissident Priests, Ashlanders, Maulborn, heresy, Lorkhan, Dagoth Ur, Almalexia, Vivec, Sotha Sil",religion
morrowind_s_economy,"economy of Morrowind, Dunmer economy, Vvardenfell economy, Morrowind trade","Morrowind's economy has historically operated as an agrarian aristocracy, where free farmers, herders, and fishermen were governed by the Great Houses and their noble councils. Since the Imperial occupation, however, a profound transformation has occurred, particularly on Vvardenfell. The Dunmer are increasingly developing a mercantile economy modeled on the Empire. While Imperial authority—embodied by the Emperor, the law, and the legions—provides overarching governance, economic life is now driven by trade in crafts and goods, integrating Morrowind more deeply into broader commercial networks.",scholar,"Morrowind was traditionally an agrarian aristocracy of free farmers and herders ruled by the Great Houses and their noble councils. Since the Imperial occupation, particularly on Vvardenfell, the Dunmer have been developing a mercantile economy on the Imperial model, driven by trade in crafts and goods rather than agriculture.","common, traveler","Morrowind, economy, trade, Great Houses, Vvardenfell, Empire, agriculture, mercantilism, Dunmer, Imperial occupation",history
oneness,,"Oneness is the Skaal principle of universal balance, governing the harmony between all natural elements—flora, fauna, stone, and wind. Bestowed by the All-Maker, this equilibrium is the source of the Skaal's spiritual power. When the natural order is maintained, the community draws strength from this unity; when disrupted, their power diminishes. The Skaal attribute such imbalances to outside forces, particularly the Empire, whose presence disrupts the delicate harmony and weakens the tribe's connection to the land.","priest, scholar","Oneness is the Skaal concept of natural balance among all living things and the land. Granted by the All-Maker, this harmony gives the Skaal their spiritual power. When this balance is disturbed, their strength fades.",common,"Skaal, All-Maker, balance, harmony, Solstheim, nature, wolf, bear",religion
slavehunters,"slave hunter, bounty hunter, slave retrieval","Slavehunters are trackers and enforcers employed to capture and return escaped slaves to their owners, operating primarily within Morrowind's legal slave economy. House Dres and other plantation owners rely on them to pursue fugitives. They patrol known escape routes, port towns, and border regions, watching for runaway Khajiit and Argonian laborers. While not a formal guild, their trade is sanctioned by Morrowind law, and they act with legal authority to restrain and return bondsmen. Individual hunters like Anes Hlaren, Garyn Girith, and Sadal Doren exemplify the profession's persistent pursuit of escapees.",scholar,"Slavehunters are trackers hired to capture and return escaped slaves to their owners in Morrowind. Sanctioned by law, they patrol towns, docks, and escape routes searching for fugitive Khajiit and Argonians. House Dres and other plantation owners depend on them to recover runaway bondsmen.","common, traveler","slavery, Morrowind, House Dres, bounty hunters, fugitives, Dunmer, escaped slaves, enforcement",factions
telvanni_tower_urban_style,"Telvanni architecture, Telvanni mushroom tower, Telvanni settlement style","The urban style of Telvanni settlements is defined by the wizard's tower, a massive organic structure grown and sculpted from the stems, caps, and root-like holdfasts of giant native mushrooms. These fantastic forms dominate the landscape, serving as the seat of the ruling mage. Below, the village consists of smaller mushroom pods hollowed out to house craftsmen and commoners. Open-air markets frequently feature giant cages where slavemasters display their wares, reflecting the brutal economics underpinning Telvanni society.",scholar,"Telvanni settlements are dominated by the wizard's tower, a fantastic organic structure grown from giant native mushrooms. Smaller mushroom pods are hollowed out for craftsmen and commoners, and open-air markets often feature giant cages displaying the wares of slavemasters.","common, traveler","Telvanni, architecture, mushroom-towers, House-Telvanni, urban-design, slavery, wizard-towers, Morrowind",cultures
undead_creatures,"undead, revenants, ghosts, bonewalkers, skeletons, vampires","Undead creatures on Vvardenfell encompass spectral, fleshy, and fleshless revenants. Ghosts include ancestor ghosts, guardian ancestors, wraiths, and dwarven variants such as dwarven ghosts, guardians, and wraiths. Fleshy revenants are known as bonewalkers, appearing in standard and greater forms. Fleshless revenants comprise skeletons, skeleton archers, warriors, and champions, alongside bonelords. Vampires, considered profane undead, have been hunted almost to extinction. These beings are broadly categorized by their animating forces and corporeal states, with ancestral and dwarven spirits often tied to cultural or ruined contexts, while bonewalkers and skeletons serve as mindless guardians or hostile encounters.","scholar, common","Undead creatures on Vvardenfell include ghosts such as ancestor spirits and dwarven spectres, fleshy revenants like bonewalkers, and fleshless skeletons including bonelords. Vampires, considered profane undead, have been hunted almost to extinction.",common,"undead, revenants, ghosts, bonewalkers, skeletons, bonelords, vampires, ancestors, dwarven ghosts, Vvardenfell creatures",creatures
almoners,,"Almoners serve as the charitable fundraisers within the Imperial Cult, tasked with gathering alms from members and sympathizers of the faith. The Cult relies heavily on these donations to finance its charitable works across Vvardenfell and the broader province. Success in securing generous contributions offers a recognized path for advancement through the ranks of Imperial Cult service. Those seeking to join this vocation are directed to Iulus Truptor at the Imperial Chapels in Ebonheart.",scholar,Almoners are members of the Imperial Cult responsible for collecting alms and donations from the faithful. These contributions fund the Cult's charitable endeavors. Aspiring almoners should seek out Iulus Truptor at the Imperial Chapels in Ebonheart.,"common, traveler","Imperial Cult, charity, alms, donations, fundraising, Ebonheart, Iulus Truptor, Imperial Chapels, faith, rank advancement",factions
alteration,,"Alteration is one of the six schools of magic, defined by the manipulation of the physical world and its natural properties. Unlike Illusion, which alters perception, Alteration produces changes recognized by all observers. Its practice demands uncommon sense: the caster imposes their will upon reality, persuading natural forces that the suggested alteration is easier to follow than existing physical law. Subtle changes succeed more readily, and all effects are temporary, as reality inevitably reasserts itself. Practitioners master effects such as water breathing and walking, jumping, levitating, burdening, opening and locking, and creating shield barriers against physical and elemental damage.",scholar,"Alteration is one of the six schools of magic. It involves manipulating the physical world and its natural properties. Mages of this school cast spells for water breathing and walking, jumping, levitating, opening locks, and creating shield barriers against damage.","common, traveler","magic, alteration, school of magic, spellcasting, levitation, water walking, shield, reality manipulation, physical law, arcane arts, mysticism",magic
ancestral_burial_tombs,,"Ancestral burial tombs are the consecrated subterranean vaults where House Dunmer inter their dead and honor their forebears. Ancestor worship is a cornerstone of Dunmer culture, and these catacombs serve as both sacred sites of veneration and fortified repositories safeguarded by bound ancestral spirits against desecration. They dot the Morrowind countryside, such as the Ginith and Rethandus tombs near Ald'ruhn. Necromancers and tomb-robbers who violate these sanctuaries face lethal magical retribution from the undead guardians.","traveler, scholar","Ancestral burial tombs are sacred Dunmer crypts used to inter the dead and venerate forebears. Located throughout Morrowind, examples include the Ginith and Rethandus tombs near Ald'ruhn. These sanctuaries are typically guarded by undead ancestral spirits.",common,"Dunmer, ancestors, tombs, burial, necromancy, Morrowind, Ginith, Rethandus, House Dunmer, ancestor worship, death customs",locations
apographa,"hidden writings, Dissident Priest Apographa, Temple hidden writings","The Apographa constitute the 'hidden writings' of the Tribunal Temple, comprising secrets restricted to the highest echelons of the priesthood and inquisition. They stand in deliberate contrast to the Heirographa, the Temple's collected priestly writings available to the orthodox faithful. The Temple's suppression of these texts forms a central doctrinal dispute with the Dissident Priests, who accuse the orthodox hierarchy of concealing truths from its followers. In defiance of Temple authority, the Dissident Priests have gathered as much of the Apographa as possible within their sanctuary at Holamayan, preserving censored knowledge that challenges official accounts.","priest, scholar","The Apographa are the 'hidden writings' of the Tribunal Temple, secrets known only to the highest levels of priesthood and inquisition. They contrast with the Heirographa, the Temple's public priestly writings. The Dissident Priests consider the Temple's concealment of these texts a hiding of truth from followers, and have gathered what they can of the Apographa at Holamayan.",common,"Apographa, Heirographa, Dissident Priests, Tribunal Temple, Holamayan, hidden writings, censorship, doctrine, orthodoxy, heresy, secrets, inquisition",religion
arena,"Vivec Arena, Arena Compound, Arena Canton","The Arena Compound sits between the Redoran and Telvanni cantons in Vivec City. The domed structure seats hundreds for public entertainment and combat sports, featuring underground dressing rooms, training facilities, and animal pens. As an ancient venue, it hosts honorable duels, settles feuds, and decides matters of succession. Beneath the public pits, the canton secretly houses the Morag Tong headquarters, offering specialized training to its operatives.","traveler, scholar","A domed combat venue in Vivec City, situated between the Redoran and Telvanni cantons. It hosts public entertainment, martial competitions, and traditional duels used to settle feuds and questions of succession.",common,"Vivec, Arena, combat sports, duels, entertainment, Redoran, Telvanni, canton, Morag Tong, Arena Compound",settlements
argonian_mission,"Argonian Embassy, Ebonheart Argonian Mission","The Argonian Mission is Black Marsh's diplomatic embassy to the Vvardenfell District, situated in the southwest corner of Ebonheart. Overseen by the Argonian consul Im-Kilaya, the facility represents provincial interests before the Grand Council. Beyond its formal diplomatic role, the mission shelters newly escaped Argonian slaves, a covert function linked to the Twin Lamps. This dual purpose places the mission at the uneasy intersection of Imperial law and Dunmer customs, as harboring fugitives remains illegal under Morrowind's institutions.",scholar,The Argonian Mission in Ebonheart serves as Black Marsh's diplomatic embassy to Vvardenfell District. The facility represents provincial interests and provides shelter for Argonians recently escaped from bondage.,"common, traveler","Argonia, Black Marsh, Ebonheart, diplomacy, embassy, Im-Kilaya, slavery, Twin Lamps, Vvardenfell District, Grand Council",factions
ashlander_worship,,"Ashlander worship centers on the ancestor cult, into which every tribe member is born. This foundational practice binds each clan to its revered forebears. Alongside this tradition exists the distinct Nerevarine cult, a small sect of seers and guardians preserving prophecies of the legendary hero's return. The Urshilaku tribe currently sustains this cult, with Ashkhan Sul-Matuul serving as its Warrior-Protector and wise woman Nibani Maesa as its Oracle-Seer.","priest, scholar","Ashlander worship revolves around the ancestor cult, a clan-based practice into which all tribe members are born. A separate, smaller Nerevarine cult is maintained by prophetic wise women and their warrior-guardians, who await a legendary hero's return.",common,"Ashlanders, ancestor worship, Nerevarine cult, Urshilaku, wise women, ashkhans, prophecy, clan, cult, ancestors, Vvardenfell, Ashkhan",religion
ashlanders_and_foreigners,,"Ashlanders regard foreigners and their imperial culture as intrusions upon ancestral Morrowind, desiring their expulsion alongside the false gods they represent. At minimum, they seek to be left undisturbed. While they consider attacking the unarmed shameful, armed outsiders who violate clan laws face lethal retribution. Present imperial power prevents open warfare, yet many would willingly sacrifice themselves in a conflict against the Empire if victory seemed achievable.",scholar,"Ashlanders resent foreign intrusions and wish outsiders would leave Morrowind entirely. They consider attacking the unarmed dishonorable, but will kill armed outsiders who violate clan customs. Though they lack the power to fight the Empire, many would eagerly die in a war against it if victory were possible.","common, traveler","Ashlanders, foreigners, Morrowind, Empire, clan law, outsiders, xenophobia, honor",cultures
ashlanders_in_war,"Ashlander warfare, Ashlander raids, Ashlander duels","Ashlanders wage war differently from settled peoples. Inter-tribal conflict typically takes the form of raids intended to demonstrate strength and secure wealth and respect, while champions settle matters of sport and honor through ritual duels. In full tribal wars, however, hunters and herders fight alongside ashkhans and champions, wielding spear and bow. Such conflicts are inherently cruel and undertaken with great reluctance, as the sparse Ashlander population makes every life too precious to squander.",scholar,"Ashlanders rarely wage war like settled peoples. They raid other tribes to prove strength and gain respect, and champions duel for honor. In true tribal wars, hunters and herders join ashkhans with spear and bow. These wars are cruel and reluctant, as their few numbers make every life too dear to waste.","common, traveler","Ashlanders, warfare, raids, champions, duels, ashkhans, tribal conflict, hunters, herders, spears, bows",cultures
becoming_a_lich,"lichdom, lich transformation","Lichdom represents the deliberate transition from mortal life into a state of conscious undeath, typically pursued by powerful mages seeking to escape temporal limitations. The precise rituals for this transformation remain shrouded in speculation and dark lore. One widely circulated—though likely facetious—recipe claims that combining the heart of a lich, a dragon's tongue, and the flesh of a well-ridden horse guarantees the transformation. Genuine accounts of the process are obscure, and the validity of such folk recipes remains highly dubious among serious scholars.",scholar,"Lichdom is the deliberate transformation into conscious undeath, typically sought by mages wishing to evade mortality. While one popular recipe claims that combining a lich's heart, a dragon's tongue, and well-ridden horse's flesh ensures this transition, such folkloric formulas are widely regarded as unreliable.","common, traveler","magic, necromancy, undeath, lich, lichdom, ritual, conjuration, dark arts",magic
household_slaves,,"Household slaves in Morrowind serve as personal property bound to domestic service, agricultural labor, or craft production within Dunmer great houses and freeholder estates. The institution persists under Imperial tolerance as an ancient Dunmeri right, with markets openly trading Khajiit, Imperial, Bosmer, Altmer, Breton, and Redguard captives. Slaves are typically marked with branded guar-hide bracers signifying ownership. Abolitionist pressure from the Imperial Cult and sympathetic House Hlaalu has not displaced the practice, which remains entrenched in traditional Telvanni and Dres holdings.",scholar,"Household slaves in Morrowind are persons held as property for domestic and agricultural labor. Dunmer great houses openly trade Khajiit, Imperial, Bosmer, Altmer, Breton, and Redguard captives in slave markets. The institution persists as an ancient Dunmeri right despite Imperial and abolitionist opposition.","common, traveler","slavery, Dunmer, great houses, Morrowind, Imperial law, abolitionism, slave markets, bracers",cultures
literacy,"Imperial literacy campaign, literacy campaign","Literacy is fundamental to the Empire. Imperial policy holds that teaching the Dunmer to read and instructing them in a common heritage are essential to maintaining Morrowind within the province. House Hlaalu supporters actively champion this campaign, arguing that widespread literacy binds Morrowind to Imperial civilization. Mages Guild schools participate in these efforts, though they frequently lack sufficient instructional texts. Foundational primers, such as ABCs for Barbarians and The Annotated Anuad, are employed to teach basic reading and shared cultural history. The campaign remains a point of cultural friction, as traditional Dunmer society relies heavily on oral traditions and Temple teachings rather than Imperial literary education.",scholar,"Imperial policy views literacy as fundamental to keeping Morrowind within the Empire, requiring that the Dunmer be taught to read and learn of their common heritage. House Hlaalu and Mages Guild schools actively support this campaign, though instructional books remain scarce.","common, traveler","literacy, Empire, Dunmer, House Hlaalu, Mages Guild, education, Imperial culture, ABCs for Barbarians, The Annotated Anuad, cultural friction",cultures
master_barelo,,"Gilvas Barelo serves as abbot of Holamayan Monastery and heads the secret order of Dissident Priests operating within the Tribunal Temple. From this secluded island refuge, Barelo provides spiritual and organizational leadership to those who question Temple orthodoxy while maintaining devotion to the faith. His position requires balancing doctrinal criticism with genuine religious conviction, sheltering dissenting voices against Temple authority. Holamayan's remote location affords some protection from Ordinator enforcement, though Barelo's dual role as both Temple abbot and secret order leader remains precarious.",scholar,Gilvas Barelo is the abbot of Holamayan Monastery and heads a secret order of Dissident Priests. He leads those who question Tribunal Temple orthodoxy while maintaining their devotion to the faith from the monastery's secluded refuge.,"common, traveler","Dunmer, Tribunal Temple, abbot, Holamayan, monastery, Dissident Priests, secret order, Ordinator, faith, Vvardenfell, scholar",figures
peace_in_black_marsh,,"The so-called peace currently prevailing in Black Marsh follows the suppression of tribal uprisings by the Imperial Expeditionary Force. Rumors of this pacification, circulating through ports such as Soulrest, suggest that the restoration of order will allow the reconstruction of Argonian plantations and mining operations. Local trading interests anticipate the subsequent resumption of valuable exports, including timber and gold. The stability remains dependent on continued Imperial military occupation and the successful rebuilding of the province's extractive infrastructure.",scholar,"Imperial forces have reportedly put down tribal uprisings in Black Marsh. Traders in ports like Soulrest expect the pacification will allow plantations and mines to be rebuilt, resuming the region's gold and timber exports.","common, traveler","Black Marsh, Argonia, Imperial Legion, Expeditionary Force, tribal uprisings, Soulrest, Imperial trade, plantations, timber, gold mines",history
recall_the_legions,,"Recall the Legions refers to the potential withdrawal of Imperial military forces from the eastern provinces, including Morrowind, to reinforce the heartland amid escalating unrest in Cyrodiil. With the Empire facing internal instability and threats to the Emperor's safety, soldiers stationed abroad may be redeployed to protect the capital. Such a withdrawal would critically weaken the Imperial grip on distant territories, leaving provincial garrisons undermanned and vulnerable to local insurrections or external pressures. The prospect underscores the severe strain on Imperial resources and the fragile state of the Septim dynasty's authority at the close of the Third Era.",scholar,"Recall the Legions refers to a potential redeployment of Imperial military forces from eastern provinces like Morrowind back to Cyrodiil. Escalating unrest in the heartland threatens the Emperor, and troops may be withdrawn from frontier garrisons to secure the capital, weakening the Empire's hold on its distant territories.","common, traveler","Imperial Legion, Cyrodiil, Morrowind, Uriel Septim VII, unrest, military, Empire, deployment",history
restoration,"College of Restoration, Restoration magic, healing magic","The Restoration discipline governs the spell effects of the College of Restoration, which heals, restores, and fortifies bodily attributes and abilities, cures disease, and protects against malign influences. Its primary spells mend wounds and restore vitality, but the college also augments attributes such as strength, endurance, intelligence, and agility, and can enhance resistance to elements, magic, and disease. Absorption magics are sometimes classed under this discipline, though Mysticism also claims them. Despite its immense utility, the Mages Guild does not consider Restoration one of the great schools. Its benevolent nature makes it highly popular among religious workers. Knowledge of these spells appears to have developed more recently than other schools; as late as the Second Era, even cures for disease were rare.",scholar,"The College of Restoration encompasses spells that heal wounds, cure disease, restore vitality, and fortify bodily attributes and abilities. It also provides protection against malign influences. Despite its great utility and popularity among religious workers, the Mages Guild does not count it among the great schools.","common, traveler","magic, Restoration, healing, spellcasting, College of Restoration, curing disease, fortify attributes, Mages Guild",magic
sewers_and_ruins,"Mournhold sewers, Old Mournhold, under Mournhold","Beneath the city of Mournhold lies a vast subterranean network of sewers and ancient ruins. The poor and lawless inhabit these depths, eking out an existence in the shadowy passages. Beyond the sewers lie the ruins of Old Mournhold, a source of treasure and peril. The subterranean network is notoriously dangerous, harboring lethal threats capable of overwhelming the unprepared. Adventurers venture below seeking fortune in the old ruins, though many never return.","traveler, scholar","Beneath Mournhold lies a vast network of sewers and ancient ruins. The poor and lawless inhabit these depths, while the ruins of Old Mournhold hold treasure for daring adventurers. The passages are notoriously dangerous, harboring lethal threats to the unprepared.",common,"Mournhold, sewers, ruins, Old Mournhold, underground, subterranean, dungeon, adventure, danger",locations
study_for_the_priesthood,,"Study for the priesthood within the Tribunal Temple represents a path of spiritual devotion and communal service dedicated to Almsivi—Almalexia, Sotha Sil, and Vivec. Aspirants typically renounce secular attachments and former transgressions, dedicating their lives and resources to the Temple. This sacred vocation involves rigorous doctrinal instruction alongside practical service, such as teaching or fulfilling administrative duties as directed by the Temple hierarchy. Ordination demands both scholarly understanding of Tribunal dogma and demonstrated commitment through alms and obedience, reflecting the Temple's core principles of compassion and duty.","priest, scholar",Study for the priesthood is a Tribunal Temple vocation requiring aspirants to dedicate themselves to Almsivi. Candidates often surrender worldly possessions to the Temple and undergo doctrinal training while serving the community through teaching and other duties as required.,common,"Tribunal Temple, priesthood, Almsivi, ordination, Temple service, doctrinal study, Vvardenfell religion",religion
suppress_the_apographa,,"The suppression of the Apographa refers to the Tribunal Temple's deliberate concealment of heterodox texts and hidden writings that complicated official doctrine. Vivec acknowledges ordering this suppression, citing the Apographa's volatile mixture of truth, falsehood, and speculation as a threat to the faithful's certainty. The Temple required unwavering belief to power the Ghostfence against Dagoth Ur, making any doctrinal doubt an existential peril. However, Vivec now privately questions whether this policy was a mistake, suggesting that by eliminating doubt, the Temple preserved only the faith of the indifferent while potentially alienating those whose conviction was most vital.","priest, scholar","The suppression of the Apographa was the Tribunal Temple's effort to conceal heterodox writings that blended truth, falsehood, and speculation. Vivec ordered this censorship to prevent doubt from weakening the faithful, whose belief was essential to sustain the Ghostfence. Vivec now questions whether this policy mistakenly preserved the faith of the indifferent while losing the devotion of the strong.",common,"Apographa, Tribunal, Ghostfence, faith, censorship, dissent, doctrine, orthodoxy, Temple, Vivec",religion
ash_chancre,,"Ash-chancre is an acute blight disease that afflicts the victim's behavior, driving them toward erratic and aggressive outbursts. It is contracted from corprus beasts and other blight monsters roaming the blighted regions of Vvardenfell. Sufferers often experience intense irritability and hostility, sometimes attributing their rage to external provocation rather than the infection. As a blight illness, it resists conventional treatments and requires specific curative magic or potions to remedy. Its behavioral symptoms make infected individuals dangerous, as the afflicted may attack even those offering aid.",scholar,"Ash-chancre is an acute blight disease that alters a victim's behavior, causing severe irritability and aggression. It is contracted from corprus beasts and other blight monsters.",common,"disease, blight, corprus, affliction, Vvardenfell, behavior, infection",diseases
swamp_fever,,"Swamp fever is a mild common disease that drains a victim's strength and disrupts normal behavior. Its primary symptoms include elevated body temperature and delirium, though it presents no easily visible external signs. The affliction is known to be contracted from mudcrabs. Standard curative measures include potions of cure disease or restoration spells, and the Temple of the Tribunal typically provides healing to sufferers. Outside settled areas, finding a curative can prove difficult, as wandering priests are not always available.",scholar,Swamp fever is a mild common disease that saps a victim's strength and causes high body temperature and delirium. It is contracted from mudcrabs and can be cured with a standard potion of cure disease or a restoration spell.,common,"disease, common disease, swamp fever, mudcrab, delirium, cure disease, Tribunal Temple, affliction, Morrowind, illness",diseases
ash_ghoul,,"Ash ghouls are distorted, half-human, half-beast creatures transformed by a mysterious force into powerful magical beings. They are highly intelligent, aggressive, and dangerous, associated in some way with the Devil Dagoth Ur. Found dwelling within Sixth House sanctuaries, these creatures possess formidable magical abilities and represent a disturbing corruption of mortal form. Scholars seek their captured souls to study the unnatural forces that reshape them, though such research carries significant risk given their aggressive nature and the malevolent power behind their existence.",scholar,"Ash ghouls are distorted, half-human, half-beast creatures transformed by a mysterious force. Highly intelligent and dangerous, they wield powerful magic and are associated with Dagoth Ur. They inhabit Sixth House caves and are greatly feared.",common,"creatures, corruptions, sixth-house, dagoth-ur, ash-creatures, monsters, vvardenfell",creatures
divine_metaphysics,Divine Metaphysics Adapted to the Meanest of Intellects,"Divine Metaphysics is a Dwemeris text authored by the tonal architect Kagrenac, outlining the theoretical framework behind the construction of Anumidium. The work describes how a new god might be created through the obedience of the Ehlnofey—also called the Earth Bones—and the application of sacred tones upon the Heart of Lorkhan, using Kagrenac's tools. The text remains largely incomprehensible without a translation key such as the Hanging Gardens of Wasten Coridale. Even with partial translation, scholars find its meaning deeply contested: some dismiss it as the ramblings of a lunatic, while others recognize its significance as the essence of Kagrenac's theories. The Dwemer's attempt to enact these principles at Red Mountain ended in their disappearance, suggesting the theories did not work as intended.","scholar, dwemer","Divine Metaphysics is a Dwemeris text describing how the Dwemer attempted to create a new god, Anumidium, using Kagrenac's tools and sacred tones upon the Heart of Lorkhan. Written in Dwemeris, it requires a translation key to interpret, and scholars remain divided on its true meaning and significance.","common, traveler","Dwemer, Kagrenac, Anumidium, Lorkhan's Heart, Ehlnofey, Earth Bones, tonal architecture, Dwemeris, Red Mountain, Dwemer disappearance",lore
crosier_of_st_llothis,St. Llothis the Pious Crosier,"The Crosier of St. Llothis is a sacred staff relic of the Tribunal Temple, said to contain the undefeated spirit of Saint Llothis the Pious. Its enchantments adversely affect the wielder, rendering it ill-suited for combat despite its holy significance. The crosier was carried into Red Mountain by Voruse Bethrimo, Captain of the Buoyant Armigers, who fell while protecting his retreating subordinates near Dagoth Ur's citadel. The relic remains lost within the stronghold of Dagoth Ur, awaiting recovery from the forces of the Sixth House.","scholar, esoteric","The Crosier of St. Llothis is a sacred Tribunal Temple staff said to hold the undefeated spirit of Saint Llothis the Pious. Its enchantments harm the wielder, making it unfit for combat. It was lost in Red Mountain when Buoyant Armiger Captain Voruse Bethrimo fell defending his retreating forces near Dagoth Ur's citadel.",esoteric,"artifact, relic, staff, Tribunal Temple, St. Llothis, Buoyant Armigers, Red Mountain, Dagoth Ur, Voruse Bethrimo, Ghostgate",artifacts
the_udyrfrykte,"Uderfrykte, Udefrykte","The Udyrfrykte is a legendary beast of Nord folklore, long dismissed as a children's tale to frighten the young. The creature is ancient, described as black with glowing eyes and a ravenous taste for human flesh. According to legend, it was sealed within an ice cave on the shore of Lake Fjalding in Solstheim for centuries. The beast recently proved terrifyingly real when mysterious fire melted the ice blocking its lair, freeing it to attack the mead hall of Thirsk. Slaying the Udyrfrykte is considered a feat worthy of the greatest warriors, celebrated in bardic song.",scholar,"A legendary beast from Nord folklore, long considered merely a children's tale. The Udyrfrykte is an ancient, black creature with glowing eyes and a taste for human flesh, said to have been sealed for centuries in an ice cave near Lake Fjalding on Solstheim.",common,"creature, troll, legend, Solstheim, Nord, Thirsk, Lake Fjalding, beast, monster, ice-cave",creatures
bloodworm_helm,,"The Bloodworm Helm is a necromantic crown crafted from trollbone by the lich Mannimarco, the King of Worms. Though beautiful in construction, many find the artifact repulsive due to its morbid nature. It grants the wearer greater skill at Conjuration, the ability to turn undead, drain the essence of living foes, and summon a skeletal minion; if the wearer is undead, their attacks are also made more powerful. Mannimarco left the helm behind when he ascended to godhood during the Warp in the West. The artifact is currently held by the Museum of Artifacts in Mournhold, where it remains a popular yet controversial exhibit.","scholar, esoteric","The Bloodworm Helm is a trollbone necromantic crown crafted by the lich Mannimarco, the King of Worms. Though beautiful, many find it repulsive. It enhances Conjuration, turns undead, drains essence, and summons skeletal minions. Mannimarco left it behind when he ascended during the Warp in the West. It is currently displayed in Mournhold's Museum of Artifacts.",esoteric,"artifact, necromancy, Mannimarco, Conjuration, trollbone, Mournhold, Museum of Artifacts, Warp in the West, undead, enchantment",artifacts
bow_of_shadows,,"The Bow of Shadows is a Daedric artifact forged by Nocturnal. It grants its wielder invisibility and enhanced speed. The ranger Raerlas Ghile once received the bow for a failed mission and reportedly used it to slay many foes before perishing. The Dunmer assassin Dram later wielded it, allegedly using it to kill Prince A'tor at the Battle of Hunding Bay and during the Stros M'Kai rebellion. Yagrum Bagarn lists the bow among artifacts of unimaginable significance in Tamrielic Lore. It currently rests in the Venim Ancestral Tomb in Vvardenfell's Grazelands.","scholar, esoteric",The Bow of Shadows is a Daedric artifact attributed to Nocturnal. It grants invisibility and speed to its wielder. The assassin Dram famously used it during the Stros M'Kai rebellion. It is currently lost somewhere in Vvardenfell.,esoteric,"artifact, Daedric, Nocturnal, bow, Dram, Stros M'Kai, Venim Ancestral Tomb, Tamrielic Lore, Raerlas Ghile, invisibility",artifacts
dragonbone_cuirass,Dragonbone Mail,"The Dragonbone Cuirass, sometimes called the Dragonbone Mail, is a legendary artifact of extraordinary protective power, rivaling the Lord's Mail and the Ebony Mail in its defensive enchantments. Fashioned from the bones of a dragon, its creation represents a mastery of armoring that contemporary smiths cannot replicate. The cuirass currently rests within a sealed Dwemer closet in the Central Vault of Mudan Grotto, southwest of Ebonheart. Its provenance and the circumstances of its interment alongside Dwemer mechanisms remain uncertain, though its status as a peerless relic is undisputed; curators of Mournhold's Museum of Artifacts recognize it as a defining artifact and value it at thirty thousand gold.","scholar, esoteric","The Dragonbone Cuirass, or Dragonbone Mail, is a legendary armor fashioned from dragon bone. Its craftsmanship surpasses contemporary smithing, and its protective qualities rival those of the Lord's Mail and Ebony Mail. The artifact is currently hidden within the Dwemer vaults of Mudan Grotto near Ebonheart.","esoteric, common","artifact, armor, dragon bone, Mudan Grotto, Dwemer, Ebonheart, Mournhold, Museum of Artifacts, heavy armor, legendary, relic",artifacts
eleidon_s_ward,,"Eleidon's Ward is a legendary enchanted tower shield crafted for the Breton knight Eleidon. According to legend, a baron commissioned the shield at great expense to honor Eleidon after he rescued the baron's daughter from a warlord. The shield bears a powerful enchantment that heals the wielder's wounds. In the fifth century of the First Era, the revered warrior Mordrin Hanin was entombed with Eleidon's Ward in the cave of Ibar-Dad on Vvardenfell. Yagrum Bagarn later listed the shield among artifacts of unimaginable significance in Tamrielic Lore, and Divayth Fyr has expressed interest in recovering it. The shield currently remains interred within Mordrin Hanin's crypt.","scholar, esoteric",Eleidon's Ward is a legendary enchanted tower shield crafted for a renowned Breton knight. Legend holds that a grateful baron spent his entire fortune commissioning the shield after Eleidon rescued his daughter. The ward bears a powerful healing enchantment and is currently believed to rest in an ancient tomb on Vvardenfell.,esoteric,"artifact, shield, enchantment, healing, Breton, Mordrin Hanin, Ibar-Dad, Tamrielic Lore, Vvardenfell, First Era",artifacts
fang_of_haynekhtnamet,,"The Fang of Haynekhtnamet is a dagger carved from a fang of the mythical wamasu Haynekhtnamet, crafted in an exquisite Argonian style. According to legend, a score of Nords fought the beast for seven days in Black Marsh, believing it to be a dragon; a survivor took the fang as a trophy. The blade mysteriously retains the creature's magical properties, allowing its wielder to shock opponents. Conflicting accounts exist regarding its exact origin, with some placing its retrieval in the Shadowfen region during the Second Era, noting the blade inflicted disease upon those it struck. The artifact has surfaced occasionally throughout history.","scholar, esoteric","The Fang of Haynekhtnamet is an Argonian-style dagger carved from the fang of the mythical wamasu Haynekhtnamet. Nords reportedly slew the beast after a seven-day battle, mistakenly believing it a dragon. The blade retains the creature's magical essence, allowing its wielder to shock opponents.",esoteric,"artifact, dagger, wamasu, Black Marsh, Argonian, Haynekhtnamet, enchanted weapon, Tamrielic Lore",artifacts
helm_of_oreyn_bearclaw,Helm of Kharag gro-Khar,"The Helm of Oreyn Bearclaw is an enchanted skull-shaped helmet that fortifies the wearer's agility and endurance. Its cultural attribution is fiercely contested. Bosmeri tradition names it for the legendary Valenwood hunter Oreyn Bearclaw, who purportedly slew the witch-serpent Glenhwyfaunva and performed numerous great deeds before perishing in the Knahaten Flu; his clan eventually fractured and lost the relic. Conversely, Orcish tradition identifies it as the Helm of Kharag gro-Khar, crediting Oreyn's Orc companion with the heroic feats and dismissing the hunter's fame as stolen reputation. Malacath himself has laid claim to the artifact, reinforcing the Orcish perspective. The dispute remains unresolved, with both cultures asserting rightful ownership over the helm and its legacy.","scholar, esoteric","The Helm of Oreyn Bearclaw is an enchanted skull-shaped helmet that bolsters the wearer's agility and endurance. Its origin is disputed: Bosmer claim it belonged to the legendary hunter Oreyn Bearclaw, while Orcs identify it as the Helm of Kharag gro-Khar, crediting an Orcish hero with the famed deeds. Malacath himself claims the relic.",esoteric,"artifact, helmet, Oreyn Bearclaw, Kharag gro-Khar, Malacath, Bosmer, Orc, Valenwood, Shatul Clan, enchanted armor",artifacts
mehra_milo,"Librarian of Vivec, Priestess Milo","Mehra Milo is a Dunmer priestess of the Tribunal Temple who serves as a librarian in the Hall of Wisdom and Justice within Vivec's Temple Canton. Recognizable by her copper hair and copper eyes, she is a covert member of the Dissident Priests, a faction that challenges Temple orthodoxy. Her position affords her access to restricted theological texts and suppressed apocrypha, making her a vital conduit for heterodox scholarship. Because the Temple scrutinizes outlanders and suspects dissent within its ranks, Milo must exercise considerable caution; her associations, if discovered, would invite severe censure from the Ordinators. She remains a significant figure for those seeking knowledge of the lost prophecies and alternative interpretations of Tribunal doctrine.",scholar,"Mehra Milo is a Dunmer priestess and librarian working in the Hall of Wisdom and Justice in Vivec. Distinguished by her copper hair and eyes, she is known as a quiet scholar of Temple doctrine, though rumors suggest she holds sympathies with the Dissident Priests who question official Tribunal teachings.","common, traveler","Dunmer, Tribunal Temple, Dissident Priests, Librarian, Vivec, Hall of Wisdom, Hall of Justice, Copper hair, Priestess, Lost Prophecies, Holamayan, Heterodoxy",figures
ring_of_phynaster,Phynaster's Ring,"The Ring of Phynaster was crafted by the Altmer Hero-God Phynaster to protect himself during his adventurous life, granting him heightened resistance to poison, magicka, and shock. These enchantments allowed him to survive for hundreds of years. The ring is inextricably linked to its creator; it will not remain with any other owner indefinitely, inevitably vanishing to a new resting place for another bearer to discover. It is currently reputed to rest within Senim Ancestral Tomb on Vvardenfell.","scholar, esoteric","A legendary artifact created by the Altmer Hero-God Phynaster. It grants its wearer strong resistance to poison, magicka, and shock. The ring is bound to its creator and inevitably vanishes from any subsequent owner to seek a new bearer.",esoteric,"artifact, ring, Phynaster, Altmer, Hero-God, resistance, enchantment, Senim Ancestral Tomb, legendary",artifacts
robe_of_the_lich,,"The Robe of the Lich is a powerful artifact of necromantic origin. Scholarly accounts offer conflicting theories regarding its creation: some claim it was torn from a destroyed lich, while others posit it was crafted by a wicked mage seeking the power of undeath without its inherent drawbacks. The robe is intrinsically tied to Gedna Relvel, an infamous Mournhold priestess condemned for practicing forbidden magics. Having transformed herself into a lich, Relvel survived for centuries beneath the city. The artifact currently rests with her in the sealed tomb beneath Mournhold's Temple canton, awaiting discovery. Its potent enchantments pose a grave danger to any who wield it without extreme caution.","scholar, esoteric","The Robe of the Lich is a powerful necromantic artifact. Its origins are disputed; some claim it was taken from a destroyed lich, while others believe a wicked mage created it to gain the power of undeath without the usual drawbacks. It remains a dangerous and coveted item.",esoteric,"artifact, necromancy, lich, robe, Gedna Relvel, Mournhold, undead, enchantment",artifacts
mantle_of_woe,,"The Mantle of Woe is a powerful enchanted robe steeped in necromantic magic. It greatly augments the wearer's magicka and conjuration, making it coveted by practitioners of the dark arts. However, the Mantle exacts a terrible toll: it renders the wearer perpetually vulnerable to sunlight and weakens their defenses against physical harm. More insidiously, the garment exerts a corruptive influence, amplifying dark ambitions and eroding moral restraint until the wearer becomes a thrall to their own hunger for power. The Mantle was discovered in Rimhull, a cavern system beneath a Skaal village on Solstheim, where it had lain for an unknown period. Its origins remain obscure, though old stories hinted at its presence in those depths.","scholar, esoteric, solstheim","The Mantle of Woe is a cursed enchanted robe associated with necromancy. It greatly empowers the wearer's magicka and conjuration but inflicts constant sun damage and weakens personal defenses. The Mantle is known for its corruptive influence, slowly dominating those who wear it with hunger for dark power.",esoteric,"robe, dark magic, necromancy, conjuration, cursed, Solstheim, Rimhull, corruption, enchantment, artifact",artifacts
kagouti,,"Kagouti are large, aggressive bipedal reptiles native to Morrowind and parts of Black Marsh, closely related to alits, guar, and wormmouths. They are distinguished by thick head crests, huge tusks, and a formidable natural armor. Older individuals may develop multiple pairs of fangs. Kagouti exhibit complex social behaviors, including distinctive vocalizations for mating and territorial disputes, with dominant males leading packs. Their hides are valued for leatherworking, used in clothing and household goods. Travelers and merchants rightly fear them, as kagouti are fiercely territorial and will readily charge perceived threats.",scholar,"Kagouti are large, aggressive bipedal reptiles native to Morrowind, recognized by their huge tusks and thick head crests. They travel in territorial packs led by dominant males and are known to charge travelers on sight. Their tough hide is harvested for leather goods.",common,"kagouti, beasts, reptiles, Morrowind, fauna, leather, pack-animals, dangerous-creatures",creatures
rockjoint,,"Rockjoint is an acute common disease that markedly impairs a victim's manual dexterity through painful swelling and progressive immobility of all joints. The affliction is known to be contracted from domesticated guar—widely herded throughout Morrowind's settled districts—and the dusky alit, a lesser predatory beast of the ashlands. As a common disease, Rockjoint responds readily to standard temple blessings, curative potions, and restoration magic, though untreated cases can severely hamper a sufferer's capacity to wield weapons or perform delicate labor.","scholar, common","Rockjoint is an acute common disease causing painful swelling and immobility of all joints, significantly reducing manual dexterity. It is contracted from domesticated guar or dusky alit. Standard curative magic and potions are effective against it.",common,"disease, common disease, joints, dexterity, guar, alit, swelling, affliction, Morrowind",diseases
grahl,"Ice Troll, Unholy Beasts","Grahl, sometimes called ice trolls, are tusked, brutish creatures native to Solstheim's ice caves. The Skaal regard them as the Unholy Beasts, aspects of the Adversary, though whether they are evil spirits or great beasts remains uncertain. They hunt alone or in packs, rending armor and flesh with formidable claws and tusks. Unlike common trolls, grahl possess tails, icy dorsal spikes, and sometimes a third eye. They share their mainland cousins' regeneration and fire vulnerability. Grahl parts hold alchemical and practical value: their eyeballs are used in potions or mummified into carrying pouches, and grated skin brews a tea for curing skin ailments.",scholar,"Grahl, or ice trolls, are dangerous, tusked creatures inhabiting Solstheim's ice caves. The Skaal call them Unholy Beasts, aspects of the Adversary, though their true nature remains uncertain. They hunt alone or in packs, tearing armor and flesh with powerful claws and tusks.",common,"beast, solstheim, skaal, troll, ice, adversary, predator, cave, alchemy",creatures
alit,,"The alit is a tailless, bipedal reptilian predator common to the grasslands and ash wastes of Vvardenfell. Though related to the guar and built like its larger cousin the kagouti, the alit possesses a more vicious temperament and cunning attack instinct. It is distinguished by a large head, protruding jaw, and short, stumpy legs, giving the impression of a mobile toothy mouth. While omnivorous, its aggressive disposition makes it a noteworthy hazard in the wild. Ashlanders regularly hunt the creature, valuing its tough hide as a serviceable multi-purpose leather and trade good.","scholar, ashlander","The alit is a tailless, bipedal predator common to Vvardenfell's grasslands and ash wastes. Resembling its larger relative the kagouti, it has a large head, protruding jaw, and stumpy legs. Ashlanders hunt the alit for its tough hide, which serves as serviceable leather.",common,"predator, reptile, biped, Vvardenfell, ashlands, kagouti, guar, hide, Ashlander, omnivore, beast",creatures
ancestor_ghost,,"Ancestor ghosts are the translucent spirits of deceased Dunmer forebears, bound to the mortal plane to guard clan tombs and ancestral shrines. Revered in Dunmeri ancestor worship, they are aggressive toward trespassers but pose limited physical threat. Their incorporeal nature renders them immune to mundane weapons; only silvered, enchanted arms or destructive sorcery can harm them. Conjurers may also summon and command these spirits for protection or menial tasks, a practice sometimes viewed with ambivalence by traditionalist Temple faithful.",scholar,"Ancestor ghosts are spirits of the Dunmer dead that aggressively guard clan tombs. They are incorporeal and immune to mundane weapons, requiring silvered or enchanted arms and sorcery to strike. Sorcerers may also summon and control them.",common,"undead, ghost, ancestor, tomb, Dunmer, summon, spirit, incorporeal, silver, enchanted",creatures
ascended_sleeper,,"Ascended Sleepers are the most powerful and final known stage of the ash creature mutations, transformed from Dunmer cultists of the Sixth House through Dagoth Ur's Divine Disease. These highly intelligent, aggressive beings rank highly within the revived Sixth House, surpassed only by Ash Vampires. They possess formidable magical abilities, unleashing destructive fire, frost, and shock attacks while afflicting foes with deadly Blight diseases. Ascended Sleepers appear as distorted half-mer, half-beast entities with tentacled faces. They exhibit a detached demeanor, acting above petty concerns and holding no fear of death, believing that slaying merely returns them to a dream-state from which they will awaken. When destroyed, their forms dissipate, leaving behind ash salts.",scholar,"Ascended Sleepers are powerful, highly intelligent ash creatures associated with Dagoth Ur and his Sixth House. Transformed from Dunmer cultists by the Divine Disease, these distorted half-mer, half-beast beings rank among the most dangerous servants of the Devil. They wield destructive magic and deadly Blight diseases.",common,"ash creature, blight, corprus, Dagoth Ur, Divine Disease, Sixth House, ash salts, mutations, Dunmer, House Dagoth, ash monster, monster",creatures
ash_slave,ash slaves,"Ash slaves are humanoid creatures warped and driven mad by a mysterious corrupting force associated with Dagoth Ur and the Sixth House. Once presumably mortal, they survive as deranged, aggressive beings, their bodies and minds broken by the blight emanating from Red Mountain. They attack any who approach, serving as a terrifying manifestation of Dagoth Ur's spreading influence across the island of Vvardenfell.",scholar,"Ash slaves are humanoid creatures transformed by a mysterious force into deranged, aggressive beasts. They are dangerous and are associated in some way with the Devil Dagoth Ur.",common,"corpus, corprus, Dagoth Ur, Sixth House, humanoid, blight, Red Mountain, deranged, transformed",creatures
ash_zombie,,"Ash Zombies are humanoid creatures warped by Dagoth Ur's corrupting influence into deranged, aggressive beasts. Despite their skulls appearing largely hollow, they retain a disquieting intelligence and pose a significant threat. These unfortunate beings are associated with the Sixth House and share a mysterious connection to the Devil Dagoth Ur, representing the horrifying transformations wrought by his power.",scholar,"Ash Zombies are aggressive, humanoid beasts transformed by a mysterious force. Though their skulls appear empty, they remain dangerously intelligent. They are connected to the Devil Dagoth Ur.",common,"creature, ash zombie, sixth house, dagoth ur, corpus, blight, humanoid, undead, hostile, red mountain",creatures
bonelord,,"Bonelords are revenant guardians that protect the tombs of clan and kin, often found among the undead that haunt ancestral barrows. They command skeleton minions in death as they may have commanded servants in life. The bones of these skeletal attendants yield bonemeal, a finely ground powder with modest magical properties valued in certain alchemical and necromantic practices. Summoning magic can also call forth bonelords to serve.",scholar,"A bonelord is a revenant that guards the tombs of clan and kin. It commands skeleton minions whose bones yield bonemeal, a ground powder with modest magical properties.",common,"undead, revenant, necromancy, bonemeal, tomb, guardian, skeleton, ancestor",creatures
clannfear,,"Clannfear are ferocious reptilian Lesser Daedra resembling muscular bipedal lizards with bony head crests, curved beaks, and spiked tails. They possess a berserk fighting passion and feral intelligence, attacking by biting, clawing, and pouncing. Though of low status among Daedra and incapable of using tools, they are relentless and formidable, sometimes branded to display loyalty. Every Daedric Prince is said to maintain legions of clannfear, though they are often attributed to Mehrunes Dagon. They occasionally linger near Daedric ruins on Nirn and are commonly summoned by conjurers. Their hearts hold modest magical properties valued by alchemists.","scholar, daedra","The clannfear is a fierce, green, lizardlike bipedal Daedra. These ferocious Lesser Daedra attack through biting, clawing, and pouncing, and are often associated with Mehrunes Dagon despite serving many Princes. They are commonly summoned, and their hearts are prized by alchemists for modest magical properties.","common, daedra","clannfear, daedra, lesser daedra, summoning, daedra heart, Mehrunes Dagon, reptilian, daedric ruins, conjure, alchemistry",creatures
daedroth,crocodile-headed daedra,"Daedroths are crocodile-headed, bipedal Daedra most commonly associated with Molag Bal, though they also serve Princes such as Sanguine, Sheogorath, Vaermina, and Mehrunes Dagon. Hulking and reptilian, they possess animalistic tendencies but remain dangerous foes, wielding powerful clawed arms and a vicious bite alongside moderate magical ability, including flame-spitting and poison or shock projection. They roam the wilds of Oblivion as beasts roam Nirn, and some have been observed speaking Tamrielic or wielding simple arms. Linguistically, 'daedroth' is the proper singular form of 'Daedra,' though common parlance reserves the term for these specific creatures, using 'daedroths' for the plural and 'Daedra' as the generic designation. Their hearts hold modest magical properties.",scholar,"Daedroths are crocodile-headed, bipedal Daedra typically associated with Molag Bal. These hulking, reptilian creatures are dangerous foes, attacking with powerful claws, a vicious bite, and magical abilities such as spitting fire or poison. Their hearts possess modest magical properties valued by alchemists.",common,"daedra, molag bal, daedroth, lesser daedra, oblivion, reptilian, conjuration, daedra hearts",creatures
flame_atronach,fire atronach,"Flame atronachs are elemental Daedra native to Infernace, a collective Oblivion plane of molten rock and fire. Commonly appearing as feminine floating humanoids composed entirely of flame, they possess some intelligence but remain largely chaotic and unorganized. Conjurers summon them as guardians or laborers, traditionally through Koron's Peremptory Summons. The Direnni clan notably perfected binding them into diverse shapes, including animal forms. When banished or destroyed, their remains yield fire salts, a valuable alchemical compound, and atronite stones. They inhabit numerous Daedric realms and are widely encountered across Tamriel.","scholar, daedra","Flame atronachs are elemental Daedra associated with fire, often conjured to serve as guardians. They typically appear as floating feminine forms made of flame. When banished, their remains yield fire salts, a useful alchemical substance.","common, daedra","atronach, daedra, fire, elemental, conjuration, infernace, fire salts, atronite, oblivion, summoning",creatures
fork_of_horripilation,Forky,"The Fork of Horripilation is a cursed Daedric artifact created by Sheogorath, who affectionately calls it Forky. Outwardly a mundane iron fork that smells faintly of roast beef, it carries a potent enchantment that excites and synergizes surrounding magicka. When wielded as a weapon, it inflicts Fork's Wound, a debilitating curse that drastically drains or stunts the wielder's own magicka reserves while dealing negligible physical damage. Sheogorath delights in forcing mortals to employ the Fork as a weapon, finding horripilation—the standing of hairs on end from cold, fear, or excitement—in their dread and suffering. Accounts of its use often involve impossible or absurd tasks set by the Mad Prince.","scholar, esoteric","The Fork of Horripilation is a cursed Daedric artifact created by Sheogorath. Appearing as a mundane iron fork, it inflicts Fork's Wound on any wielder foolish enough to use it as a weapon, drastically draining their magicka while dealing negligible harm.",esoteric,"artifact, Daedric, Sheogorath, cursed, weapon, Fork's Wound, magicka drain, Madhouse",artifacts
frost_atronach,"ice atronach, water atronach","Frost atronachs are elemental Daedra native to the coldest reaches of Oblivion, sometimes called frost daedra, ice atronachs, or water atronachs. These bulky humanoid constructs of ice possess limited intelligence and are largely unorganized, with many individuals bearing names beginning with the word Nomeg. They can manifest unbound in the wild or be conjured through summoning magic to serve as guards or laborers. When banished or destroyed, their remains yield crystalline frost salts of alchemical value. Conjurers can alter summoning rites to produce varied bestial forms, though such shapes are notoriously difficult to control. The more powerful frost monarchs are distinguished from common frost atronachs.","scholar, daedra","Frost atronachs are elemental Daedra composed of ice, native to the coldest reaches of Oblivion. They may appear unbound in the wild or be conjured by mages to serve as guardians. When banished, their remains yield valuable frost salts used in alchemy.","common, daedra","daedra, atronach, frost, elemental, conjuration, frost salts, oblivion",creatures
ogrim,,"Ogrim are massive, dimly intelligent Daedra resembling fat-faced ogres, chiefly associated with Malacath though they serve other Princes as well, including Molag Bal and Sanguine. Sent into the mortal world to menace mortals for Daedric amusement, they are sturdy, powerful, and cruel, regenerating health by pounding their chests. Despite their limited intellect, they exhibit a crude culture: they play rough games like Ogrim Toss, and higher-ranking individuals wear armor fitted with obsidian belly spoons, along with jewelry such as nipple caps and nose shackles etched with runes signifying obeisance to a Daedric master. Their hearts possess modest magical properties, though extracting one requires considerable effort.",scholar,"Ogrim are massive, dimly intelligent Daedra that resemble fat-faced ogres. They serve Malacath and other Daedric Princes, often menacing mortals for their masters' amusement. These sturdy, cruel creatures can regenerate by pounding their chests. Their hearts hold modest magical properties, though extracting them requires considerable effort.",common,"daedra, Malacath, ogre, lesser daedra, Molag Bal, Sanguine, daedra heart, regeneration",creatures
plitinius_mero,,"Plitinius Mero is an author and commoner of notable repute in Mournhold, serving as a close personal friend and trusted informant to Queen Mother Barenziah. Despite her royal station, Barenziah relies on Mero to gauge the shifting sentiments of the populace, as his knowledge and judgment are widely regarded as unparalleled. He is frequently found wandering the Palace Courtyard, accessible to those who seek his insights. His standing affords him a unique position bridging the royal court and the common people, making him a valuable observer of Mournhold's social and political currents.",scholar,"Plitinius Mero is a well-known author and commoner in Mournhold. He is a close friend and trusted informant of Queen Mother Barenziah, who values his unparalleled knowledge and judgment regarding the common people. He is often found wandering the Palace Courtyard.","common, traveler","author, Mournhold, Royal Palace, Helseth, writer, commoner, informant, courtyard",figures
shalk,"shalk beetle, fire beetle","Shalk are large, moderately aggressive beetles native to Morrowind and Vvardenfell, commonly found nesting near volcanic vents and active foyadas. They attack by biting and spitting fire, and despite their dangerous temperament, they are herded by Dunmer and Ashlanders for their valuable byproducts. Shalk resin, a tough soluble substance extracted from their hides, serves as a crucial glue and stiffener in manufacturing bonemold and chitin armors. Their carapaces and meat are also prized. While predatory in the wild, shalk raised from pupae can become surprisingly docile and trainable.",scholar,"Shalk are large, occasionally aggressive beetles that spit fire and inhabit the volcanic regions of Morrowind. Dunmer herd these creatures for their meat, carapaces, and hides. The resin extracted from shalk hides is particularly valuable as a glue and stiffener in crafting bonemold and chitin armors.",common,"beetle, insect, fire, resin, bonemold, chitin, Vvardenfell, Ashlanders, carapace, foyada, herding",creatures
winged_twilight,,"Winged Twilights are intelligent Daedra with feminine form, bat-like wings, clawed limbs, black horns, and barbed tails. Their scaled bodies range in blue or purple hues with red or blue eyes. Primarily serving Azura as messengers, they also answer Mehrunes Dagon, Molag Bal, and Nocturnal, occasionally deceiving mortals under false allegiances. They organize matriarchically when gathered. Cunning hunters, they stalk prey before striking with talons, tail lashes, shock magic, or debilitating shrieks that stun victims. Resistant to fire, frost, poison, and shock, they can also reflect spells. Some develop obsessive infatuations with mortals, abducting and holding them captive. The grievous twilight is considered a corrupted masculine form. Molag Grunda, a notable winged twilight, is acknowledged as Molag Bal's daughter.","scholar, daedra","Winged Twilights are female-formed Daedra who primarily serve Azura as messengers. These winged beings possess clawed limbs, horns, spiked tails, and scaled skin in blue or purple hues. Cunning hunters, they attack with talons, barbed tails, and debilitating shrieks. They also serve other Daedric Princes and occasionally deceive mortals.","common, daedra","daedra, azura, messenger, winged, twilight, matriarch, summon, daedric-princes, nocturnal, molag-bal, mehrunes-dagon, grievous-twilight",creatures
